episode,reward,max_height,max_level,actions,actions_to_max_height,unique_positions,best_height_ever,time_seconds
10,-145.2,-298,0,100,0,36,0,594.9652984142303
20,-145.10000000000005,-298,0,100,0,38,0,1160.2286159992218
30,-145.54999999999998,-298,0,100,0,29,0,1761.473969221115
36,-141.65000000000003,62,1,100,87,39,62,2151.0931231975555
40,-144.95000000000005,-298,0,100,0,41,62,2379.6991155147552
41,-139.60000000000002,62,1,100,16,40,62,2459.9315462112427
50,-145.25,-298,0,100,0,35,62,3073.217591524124
60,-145.20000000000002,-298,0,100,0,36,62,3692.024570465088
70,-145.15000000000003,-298,0,100,0,37,62,4315.393652915955
78,-137.20000000000005,62,1,100,47,40,62,4785.461908817291
80,-145.60000000000002,-298,0,100,0,28,62,4898.425938129425
90,-145.3,-298,0,100,0,34,62,5471.493497848511
98,-141.65000000000003,62,1,100,18,39,62,5971.22891664505
100,-145.50000000000003,-298,0,100,0,30,62,6102.30735039711
110,-145.6,-298,0,100,0,28,62,6571.52216053009
120,-145.55,-298,0,100,0,29,62,7061.81498003006
130,-145.7,-298,0,100,0,26,62,7539.570349216461
140,-145.25000000000006,-298,0,100,0,35,62,8000.74329662323
150,-145.5,-298,0,100,0,30,62,8396.089635133743
160,-145.55000000000004,-298,0,100,0,29,62,8809.381034135818
170,-145.35000000000002,-298,0,100,0,33,62,9334.668877601624
180,-145.30000000000004,-298,0,100,0,34,62,9993.580716609955
190,-145.20000000000005,-298,0,100,0,36,62,10659.501038312912
191,-141.85000000000005,62,1,100,47,35,62,10712.118889331818
200,-145.25,-298,0,100,0,35,62,11369.3468105793
210,-145.50000000000006,-298,0,100,0,30,62,12092.497889995575
220,-145.60000000000002,-298,0,100,0,28,62,12995.694538354874
229,-143.24999999999997,62,1,100,97,27,62,13712.89053606987
230,-145.10000000000002,-298,0,100,0,38,62,13783.520985603333
232,-140.9,62,1,100,23,34,62,13922.420942306519
240,-145.60000000000002,-298,0,100,0,28,62,14452.128352880478
250,-146.10000000000002,-298,0,100,0,18,62,15387.683948993683
260,-146.55,-298,0,100,0,9,62,16682.81973671913
270,-146.7,-298,0,100,0,6,62,18028.797127485275
280,-146.75,-298,0,100,0,5,62,19297.178875684738
290,-146.59999999999997,-298,0,100,0,8,62,20573.041702747345
300,-146.5,-298,0,100,0,10,62,21902.073886871338
310,-146.7,-298,0,100,0,6,62,23188.3246884346
320,-146.7,-298,0,100,0,6,62,24525.487287044525
330,-146.8,-298,0,100,0,4,62,25866.32727265358
340,-146.75,-298,0,100,0,5,62,27226.04138326645
350,-146.6,-298,0,100,0,8,62,28552.04570913315
360,-146.85,-298,0,100,0,3,62,29918.344302415848
370,-146.65,-298,0,100,0,7,62,31273.2205657959
380,-146.8,-298,0,100,0,4,62,32685.721257209778
390,-146.85,-298,0,100,0,3,62,34102.40440368652
400,-146.8,-298,0,100,0,4,62,35483.32892656326
410,-146.85,-298,0,100,0,3,62,36849.2044904232
420,-146.85,-298,0,100,0,3,62,38264.07148241997
430,-146.85,-298,0,100,0,3,62,39649.436373233795
440,-146.75,-298,0,100,0,5,62,41025.56155014038
450,-146.85,-298,0,100,0,3,62,42445.856217861176
460,-146.85,-298,0,100,0,3,62,43845.243824481964
470,-146.34999999999997,-298,0,100,0,13,62,45142.86138868332
480,-145.85000000000002,-298,0,100,0,23,62,46050.99022054672
490,-145.70000000000005,-298,0,100,0,26,62,46986.750923871994
500,-145.9,-298,0,100,0,22,62,47836.45326399803
510,-145.45000000000002,-298,0,100,0,31,62,48642.30551671982
520,-145.60000000000002,-298,0,100,0,28,62,49383.805215358734
530,-145.75,-298,0,100,0,25,62,50174.05021619797
540,-145.50000000000003,-298,0,100,0,30,62,51007.34133577347
542,-141.70000000000005,62,1,100,73,38,62,51158.26944732666
543,-140.75000000000003,62,1,100,16,37,62,51245.922986507416
548,-140.90000000000003,62,1,100,6,34,62,51671.87361884117
550,-140.40000000000003,62,1,100,7,44,62,51824.96079778671
555,-140.75,62,1,100,93,37,62,52242.09011340141
557,-144.45000000000005,62,1,100,99,43,62,52389.605488061905
558,-139.65000000000003,62,1,100,16,39,62,52476.854931116104
559,-136.40000000000003,62,1,100,43,36,62,52561.25813484192
560,-139.5,62,1,100,91,42,62,52672.3074464798
561,-140.5,62,1,100,39,42,62,52759.0352833271
562,-140.55000000000007,62,1,100,40,41,62,52838.82748889923
563,-137.05000000000007,62,1,100,54,43,62,52906.23827600479
564,-128.70000000000005,62,1,100,93,42,62,52987.86864852905
565,-136.35000000000005,62,1,100,82,37,62,53076.87501382828
566,-135.35000000000002,62,1,100,61,37,62,53176.04840326309
567,-132.45000000000005,62,1,100,86,39,62,53253.43603014946
568,-132.80000000000007,62,1,100,82,40,62,53333.9701859951
569,-134.80000000000007,62,1,100,94,48,62,53413.84383416176
570,-132.70000000000002,62,1,100,92,42,62,53496.708171367645
571,-131.50000000000003,62,1,100,90,46,62,53583.02109670639
572,-124.95000000000006,62,1,100,94,49,62,53662.656446933746
573,-132.75000000000003,62,1,100,86,41,62,53749.221943855286
574,-130.20000000000002,62,1,100,79,44,62,53832.215940475464
575,-122.50000000000003,62,1,100,89,42,62,53939.85439372063
576,-119.20000000000006,62,1,100,98,44,62,54021.40102267265
577,-123.20000000000006,62,1,100,100,44,62,54102.64720749855
578,-131.50000000000006,62,1,100,89,46,62,54181.42930841446
580,-131.30000000000004,62,1,100,76,42,62,54349.97284531593
581,-129.25000000000006,62,1,100,88,43,62,54438.35430622101
582,-119.15000000000005,62,1,100,95,49,62,54526.87957620621
583,-115.25000000000004,62,1,100,95,51,62,54618.75679206848
584,-130.75000000000006,62,1,100,99,45,62,54704.10833954811
585,-118.95000000000006,62,1,100,89,53,62,54791.57782649994
586,-119.45000000000005,62,1,100,84,51,62,54877.40700292587
587,-118.10000000000002,62,1,100,88,38,62,54967.685219049454
588,-105.90000000000005,62,1,100,87,42,62,55061.439722299576
589,-102.50000000000003,62,1,100,97,46,62,55160.65432047844
590,-109.60000000000004,62,1,100,91,44,62,55259.7071723938
591,-115.50000000000004,62,1,100,86,46,62,55359.84869980812
592,-98.75000000000001,62,1,100,88,45,62,55461.57034230232
593,-95.70000000000005,62,1,100,100,46,62,55558.87617135048
594,-110.05000000000003,62,1,100,92,47,62,55649.64802193642
595,-111.60000000000004,62,1,100,93,52,62,55740.98598861694
596,-112.90000000000003,62,1,100,96,50,62,55849.258143901825
597,-113.45000000000002,62,1,100,86,47,62,55972.17184281349
598,-105.15000000000006,62,1,100,100,53,62,56070.903967142105
599,-111.15000000000006,62,1,100,91,49,62,56171.27653336525
600,-90.25000000000004,62,1,100,98,47,62,56267.879103183746
601,-101.90000000000002,62,1,100,95,46,62,56377.32861280441
602,-109.15000000000005,62,1,100,87,45,62,56472.39146733284
603,-95.4,62,1,100,92,44,62,56563.806245326996
604,-94.9,62,1,100,98,46,62,56665.54261827469
605,-102.35000000000004,62,1,100,96,45,62,56767.39278626442
606,-107.65000000000006,62,1,100,92,51,62,56867.61176490784
607,-96.05000000000004,62,1,100,88,51,62,56980.60917878151
608,-96.60000000000002,62,1,100,94,44,62,57072.134845495224
609,-111.40000000000005,62,1,100,100,48,62,57170.76448273659
610,-95.60000000000004,62,1,100,94,44,62,57277.62805271149
611,-85.85000000000004,62,1,100,98,47,62,57373.13108086586
612,-106.85000000000005,62,1,100,96,47,62,57475.98881268501
613,-104.25000000000003,62,1,100,93,43,62,57575.18850493431
614,-90.85,62,1,100,95,39,62,57678.17862677574
615,-109.85000000000004,62,1,100,98,47,62,57779.69459724426
616,-95.55000000000001,62,1,100,97,41,62,57887.097944021225
617,-110.95000000000005,62,1,100,97,45,62,57987.94893145561
618,-98.90000000000002,62,1,100,100,42,62,58089.873990535736
619,-98.20000000000005,62,1,100,97,48,62,58189.041603565216
620,-96.60000000000002,62,1,100,89,40,62,58304.93987226486
621,-96.60000000000001,62,1,100,97,40,62,58405.85065436363
622,-96.15000000000002,62,1,100,97,41,62,58520.71982049942
623,-89.45,62,1,100,100,35,62,58629.559612989426
624,-89.8,62,1,100,96,40,62,58730.74089217186
625,-87.95000000000002,62,1,100,99,37,62,58836.94538259506
626,-88.40000000000003,62,1,100,99,36,62,58945.821621418
627,-88.45000000000002,62,1,100,97,39,62,59048.87671995163
628,-92.20000000000003,62,1,100,98,40,62,59166.47998094559
629,-89.15000000000002,62,1,100,93,33,62,59262.84648990631
630,-91.55000000000003,62,1,100,97,41,62,59372.57806634903
631,-83.55000000000001,62,1,100,96,37,62,59479.0832195282
632,-91.15000000000002,62,1,100,98,45,62,59582.82581567764
633,-85.75000000000001,62,1,100,97,33,62,59696.12959814072
634,-89.10000000000002,62,1,100,99,42,62,59797.91399431229
635,-87.20000000000002,62,1,100,100,40,62,59915.87972140312
636,-85.75,62,1,100,92,33,62,60027.82510972023
637,-91.24999999999999,62,1,100,100,39,62,60158.70354437828
638,-89.65000000000002,62,1,100,99,39,62,60273.38775873184
639,-93.75,62,1,100,100,37,62,60385.72979402542
640,-91.20000000000003,62,1,100,98,44,62,60491.078759908676
641,-78.75,62,1,100,98,33,62,60599.60548496246
642,-85.85000000000004,62,1,100,86,43,62,60706.79237651825
643,-85.25,62,1,100,98,31,62,60811.84005641937
644,-82.35,62,1,100,95,37,62,60927.30986189842
645,-81.45,62,1,100,98,35,62,61028.918263196945
646,-79.40000000000002,62,1,100,93,36,62,61150.92434692383
647,-72.75000000000001,62,1,100,100,29,62,61267.4781267643
648,-93.85000000000002,62,1,100,92,47,62,61376.29224538803
649,-84.65,62,1,100,99,31,62,61492.658465623856
650,-72.05000000000001,62,1,100,100,43,62,61604.16697406769
651,-76.35,62,1,100,96,29,62,61736.03747987747
652,-78.55,62,1,100,99,29,62,61858.382590055466
653,-75.6,62,1,100,94,24,62,61978.19145321846
654,-75.55,62,1,100,99,29,62,62085.67173075676
655,-80.75,62,1,100,97,29,62,62209.64264917374
656,-78.75000000000003,62,1,100,94,29,62,62319.1756067276
657,-70.75000000000001,62,1,100,97,17,62,62441.06012058258
658,-71.30000000000003,62,1,100,99,30,62,62556.98082923889
659,-63.20000000000002,62,1,100,100,16,62,62677.09565472603
660,-70.39999999999999,62,1,100,97,24,62,62793.464566230774
661,-73.45000000000002,62,1,100,99,27,62,62901.00027489662
662,-65.30000000000003,62,1,100,100,18,62,63026.9642701149
663,-64.2,62,1,100,100,20,62,63143.66266870499
664,-71.39999999999999,62,1,100,98,20,62,63269.2053194046
665,-74.70000000000003,62,1,100,92,26,62,63389.065581560135
666,-69.55000000000001,62,1,100,98,17,62,63503.14032268524
667,-72.35000000000001,62,1,100,100,25,62,63621.62330198288
668,-75.80000000000003,62,1,100,98,24,62,63733.028665065765
669,-82.55,62,1,100,98,25,62,63851.81337404251
670,-67.60000000000001,62,1,100,100,20,62,63970.24964618683
671,-68.30000000000003,62,1,100,97,18,62,64094.56579589844
672,-65.45000000000002,62,1,100,99,15,62,64214.86873483658
673,-62.10000000000001,62,1,100,100,14,62,64337.28563642502
674,-63.70000000000002,62,1,100,99,18,62,64463.7409889698
675,-66.10000000000002,62,1,100,98,14,62,64590.60675358772
676,-70.75000000000001,62,1,100,97,25,62,64714.41129517555
677,-69.00000000000003,62,1,100,100,28,62,64826.3908264637
678,-66.10000000000002,62,1,100,98,14,62,64962.521042346954
679,-68.25,62,1,100,98,19,62,65094.29286766052
680,-62.10000000000002,62,1,100,99,14,62,65218.47867202759
681,-66.10000000000002,62,1,100,97,14,62,65345.33355855942
682,-72.74999999999999,62,1,100,97,25,62,65468.319754362106
683,-63.550000000000026,62,1,100,100,21,62,65592.08773565292
684,-60.90000000000002,62,1,100,99,14,62,65737.16956925392
685,-66.10000000000002,62,1,100,96,14,62,65866.83827590942
686,-60.90000000000002,62,1,100,99,14,62,65990.1835026741
687,-80.05000000000001,62,1,100,88,23,62,66120.54086327553
688,-65.75000000000003,62,1,100,94,17,62,66250.1084060669
689,-60.250000000000014,62,1,100,99,15,62,66388.03350639343
690,-60.90000000000002,62,1,100,100,14,62,66531.61585664749
691,-64.90000000000002,62,1,100,98,14,62,66663.65618538857
692,-72.60000000000002,62,1,100,98,24,62,66786.23895335197
693,-75.2,62,1,100,96,20,62,66906.9107298851
694,-64.30000000000001,62,1,100,98,14,62,67040.78415560722
695,-59.70000000000002,62,1,100,100,14,62,67176.5678460598
696,-68.70000000000003,62,1,100,96,22,62,67301.65370821953
697,-67.45,62,1,100,98,19,62,67435.73064279556
698,-63.80000000000002,62,1,100,96,12,62,67563.93456888199
699,-73.94999999999999,62,1,100,97,25,62,67712.37961935997
700,-64.30000000000001,62,1,100,98,14,62,67842.98656630516
701,-66.45000000000002,62,1,100,97,19,62,67975.18345093727
702,-64.90000000000002,62,1,100,97,14,62,68111.35814189911
703,-60.30000000000002,62,1,100,100,14,62,68237.65563082695
704,-64.30000000000001,62,1,100,98,14,62,68365.01894164085
705,-64.30000000000001,62,1,100,98,14,62,68501.84027123451
706,-63.95,62,1,100,99,17,62,68639.9864385128
707,-64.30000000000001,62,1,100,98,14,62,68789.87197041512
708,-59.700000000000024,62,1,100,100,14,62,68930.0694770813
709,-63.80000000000002,62,1,100,96,12,62,69056.52018928528
710,-59.80000000000002,62,1,100,100,12,62,69190.58696460724
711,-71.05000000000003,62,1,100,96,23,62,69324.6639521122
712,-62.80000000000001,62,1,100,100,20,62,69452.68711566925
713,-63.80000000000002,62,1,100,96,12,62,69582.6791062355
714,-63.80000000000002,62,1,100,96,12,62,69708.77098464966
715,-59.70000000000002,62,1,100,100,14,62,69844.10545873642
716,-63.80000000000002,62,1,100,96,12,62,69970.01631593704
717,-59.70000000000002,62,1,100,100,14,62,70101.83986973763
718,-59.70000000000002,62,1,100,100,14,62,70226.79298138618
719,-59.700000000000024,62,1,100,100,14,62,70357.39306783676
720,-59.700000000000024,62,1,100,100,14,62,70491.08861756325
721,-63.80000000000002,62,1,100,96,12,62,70628.96525239944
722,-63.80000000000002,62,1,100,96,12,62,70759.86082148552
723,-63.80000000000004,62,1,100,99,20,62,70885.10692811012
724,-63.80000000000002,62,1,100,96,12,62,71013.53588700294
725,-63.80000000000002,62,1,100,96,12,62,71149.69708299637
726,-63.80000000000002,62,1,100,96,12,62,71286.56866240501
727,-63.80000000000002,62,1,100,96,12,62,71417.94350743294
728,-63.80000000000002,62,1,100,96,12,62,71557.25031423569
729,-63.80000000000002,62,1,100,96,12,62,71684.99702095985
730,-63.80000000000002,62,1,100,96,12,62,71817.39467930794
731,-63.80000000000002,62,1,100,96,12,62,71944.49504518509
732,-59.700000000000024,62,1,100,100,14,62,72068.90977048874
733,-59.700000000000024,62,1,100,100,14,62,72201.75142908096
734,-64.80000000000001,62,1,100,97,12,62,72328.62640213966
735,-67.95000000000002,62,1,100,96,17,62,72463.07037305832
736,-67.95000000000002,62,1,100,96,17,62,72589.30946779251
737,-63.80000000000002,62,1,100,96,12,62,72718.67508745193
738,-59.70000000000002,62,1,100,100,14,62,72862.95134878159
739,-63.80000000000002,62,1,100,96,12,62,73010.26060605049
740,-65.60000000000002,62,1,100,98,16,62,73136.01032090187
741,-63.80000000000002,62,1,100,96,12,62,73265.20155858994
742,-63.80000000000002,62,1,100,96,12,62,73395.80554413795
743,-59.700000000000024,62,1,100,100,14,62,73523.11144208908
744,-63.80000000000002,62,1,100,96,12,62,73647.49121189117
745,-68.00000000000001,62,1,100,96,16,62,73774.45377779007
746,-59.70000000000002,62,1,100,100,14,62,73896.16535592079
747,-64.80000000000001,62,1,100,97,12,62,74036.20182728767
748,-61.000000000000014,62,1,100,99,16,62,74159.99721050262
749,-63.80000000000002,62,1,100,96,12,62,74294.97028946877
750,-63.80000000000002,62,1,100,96,12,62,74423.79974532127
751,-63.80000000000002,62,1,100,96,12,62,74555.43364453316
752,-63.80000000000002,62,1,100,96,12,62,74681.70201849937
753,-63.80000000000002,62,1,100,96,12,62,74806.17726778984
754,-63.80000000000002,62,1,100,96,12,62,74968.97375011444
755,-63.80000000000002,62,1,100,96,12,62,75096.61845731735
756,-63.80000000000002,62,1,100,96,12,62,75234.2429549694
757,-63.80000000000002,62,1,100,96,12,62,75359.89969539642
758,-63.80000000000002,62,1,100,96,12,62,75504.91384243965
759,-63.80000000000002,62,1,100,96,12,62,75631.55726623535
760,-67.95000000000002,62,1,100,96,17,62,75756.80255508423
761,-59.70000000000002,62,1,100,100,14,62,75884.48032855988
762,-63.80000000000002,62,1,100,96,12,62,76033.65728664398
763,-63.80000000000002,62,1,100,96,12,62,76164.12109279633
764,-63.80000000000002,62,1,100,96,12,62,76290.06834483147
765,-63.80000000000002,62,1,100,96,12,62,76418.7707862854
766,-63.80000000000002,62,1,100,96,12,62,76578.54774093628
767,-63.80000000000002,62,1,100,96,12,62,76739.08972907066
768,-63.80000000000002,62,1,100,96,12,62,76891.79794096947
769,-63.80000000000002,62,1,100,96,12,62,77053.07507371902
770,-63.80000000000002,62,1,100,96,12,62,77213.8738861084
771,-63.80000000000002,62,1,100,96,12,62,77342.73305535316
772,-63.80000000000002,62,1,100,96,12,62,77497.73693227768
773,-63.80000000000002,62,1,100,96,12,62,77654.55277132988
774,-63.80000000000002,62,1,100,96,12,62,77784.01479840279
775,-63.80000000000002,62,1,100,96,12,62,77913.94144845009
776,-63.80000000000002,62,1,100,96,12,62,78053.22181105614
777,-63.80000000000002,62,1,100,96,12,62,78181.0660264492
778,-63.80000000000002,62,1,100,96,12,62,78316.28459644318
779,-59.700000000000024,62,1,100,100,14,62,78458.8059937954
780,-63.80000000000002,62,1,100,96,12,62,78594.5057091713
781,-64.80000000000001,62,1,100,97,12,62,78751.80930924416
782,-63.80000000000002,62,1,100,96,12,62,78894.52259325981
783,-63.80000000000002,62,1,100,96,12,62,79034.30505561829
784,-63.80000000000002,62,1,100,96,12,62,79194.95359349251
785,-63.80000000000002,62,1,100,96,12,62,79331.10783743858
786,-63.80000000000002,62,1,100,96,12,62,79470.54122924805
787,-63.80000000000002,62,1,100,96,12,62,79596.55009436607
788,-68.95000000000002,62,1,100,97,17,62,79733.41507840157
789,-63.80000000000002,62,1,100,96,12,62,79868.84863138199
790,-63.80000000000002,62,1,100,96,12,62,80013.00356411934
791,-63.80000000000002,62,1,100,96,12,62,80138.23807883263
792,-66.5,62,1,100,98,18,62,80270.38553595543
793,-63.80000000000002,62,1,100,96,12,62,80401.48931193352
794,-63.80000000000002,62,1,100,96,12,62,80528.66074180603
795,-65.75000000000001,62,1,100,98,13,62,80661.53900647163
796,-63.80000000000002,62,1,100,96,12,62,80790.24958372116
797,-63.80000000000002,62,1,100,96,12,62,80930.41969418526
798,-63.80000000000002,62,1,100,96,12,62,81074.1068341732
799,-63.80000000000002,62,1,100,96,12,62,81200.52102088928
800,-63.80000000000002,62,1,100,96,12,62,81334.35609579086
801,-63.80000000000002,62,1,100,96,12,62,81473.24913954735
802,-59.700000000000024,62,1,100,100,14,62,81615.8832578659
803,-63.80000000000002,62,1,100,96,12,62,81759.3687069416
804,-63.80000000000002,62,1,100,96,12,62,81898.49971222878
805,-63.80000000000002,62,1,100,96,12,62,82034.54567694664
806,-63.80000000000002,62,1,100,96,12,62,82167.69386291504
807,-63.80000000000002,62,1,100,96,12,62,82302.10223531723
808,-63.80000000000002,62,1,100,96,12,62,82429.81532764435
809,-63.80000000000002,62,1,100,96,12,62,82587.34656405449
810,-63.80000000000002,62,1,100,96,12,62,82715.14105296135
811,-68.10000000000001,62,1,100,96,14,62,82841.43331861496
812,-63.80000000000002,62,1,100,96,12,62,82984.2553396225
813,-63.80000000000002,62,1,100,96,12,62,83135.33811283112
814,-63.80000000000002,62,1,100,96,12,62,83264.56151032448
815,-63.80000000000002,62,1,100,96,12,62,83401.9828839302
816,-63.80000000000002,62,1,100,96,12,62,83528.0708758831
817,-63.80000000000002,62,1,100,96,12,62,83654.69521713257
818,-64.80000000000001,62,1,100,97,12,62,83789.6417400837
819,-63.80000000000002,62,1,100,96,12,62,83914.34432864189
820,-63.80000000000002,62,1,100,96,12,62,84042.38963007927
821,-63.80000000000002,62,1,100,96,12,62,84169.39044427872
822,-63.80000000000002,62,1,100,96,12,62,84297.39260482788
823,-63.80000000000002,62,1,100,96,12,62,84422.43375229836
824,-63.80000000000002,62,1,100,96,12,62,84550.23667883873
825,-63.80000000000002,62,1,100,96,12,62,84678.13128256798
826,-63.80000000000002,62,1,100,96,12,62,84807.28683423996
827,-63.80000000000002,62,1,100,96,12,62,84937.91449570656
828,-63.80000000000002,62,1,100,96,12,62,85073.59177184105
829,-63.80000000000002,62,1,100,96,12,62,85202.1268646717
830,-63.80000000000002,62,1,100,96,12,62,85333.7367720604
831,-63.80000000000002,62,1,100,96,12,62,85464.97232794762
832,-63.80000000000002,62,1,100,96,12,62,85595.45915341377
833,-63.80000000000002,62,1,100,96,12,62,85727.06779074669
834,-63.80000000000002,62,1,100,96,12,62,85872.00742077827
835,-63.80000000000002,62,1,100,96,12,62,86008.61553645134
836,-63.80000000000002,62,1,100,96,12,62,86139.69361042976
837,-63.80000000000002,62,1,100,96,12,62,86265.08268642426
838,-63.80000000000002,62,1,100,96,12,62,86399.63274335861
839,-63.80000000000002,62,1,100,96,12,62,86535.17879271507
840,-63.80000000000002,62,1,100,96,12,62,86672.39784240723
841,-63.80000000000002,62,1,100,96,12,62,86834.31615805626
842,-63.80000000000002,62,1,100,96,12,62,86979.77212452888
843,-63.80000000000002,62,1,100,96,12,62,87116.85549163818
844,-63.80000000000002,62,1,100,96,12,62,87252.35666656494
845,-63.80000000000002,62,1,100,96,12,62,87406.07910370827
846,-63.80000000000002,62,1,100,96,12,62,87533.5651705265
847,-63.80000000000002,62,1,100,96,12,62,87674.81360459328
848,-63.80000000000002,62,1,100,96,12,62,87812.12694454193
849,-63.80000000000002,62,1,100,96,12,62,87971.16257309914
850,-63.80000000000002,62,1,100,96,12,62,88107.52035140991
851,-63.80000000000002,62,1,100,96,12,62,88242.09317398071
852,-63.80000000000002,62,1,100,96,12,62,88417.28435468674
853,-63.80000000000002,62,1,100,96,12,62,88568.06169438362
854,-63.80000000000002,62,1,100,96,12,62,88714.20454311371
855,-63.80000000000002,62,1,100,96,12,62,88860.4587957859
856,-63.80000000000002,62,1,100,96,12,62,88998.31986403465
857,-63.80000000000002,62,1,100,96,12,62,89144.31349682808
858,-63.80000000000002,62,1,100,96,12,62,89270.04346060753
859,-63.80000000000002,62,1,100,96,12,62,89405.64987325668
860,-63.80000000000002,62,1,100,96,12,62,89536.78141784668
861,-59.80000000000002,62,1,100,100,12,62,89666.7007932663
862,-63.80000000000002,62,1,100,96,12,62,89799.79838705063
863,-63.80000000000002,62,1,100,96,12,62,89934.7845723629
864,-63.80000000000002,62,1,100,96,12,62,90063.47767567635
865,-63.80000000000002,62,1,100,96,12,62,90190.55020713806
866,-63.80000000000002,62,1,100,96,12,62,90318.00879621506
867,-63.80000000000002,62,1,100,96,12,62,90460.85412049294
868,-63.80000000000002,62,1,100,96,12,62,90594.6271264553
869,-63.80000000000002,62,1,100,96,12,62,90720.81439399719
870,-65.90000000000002,62,1,100,98,10,62,90893.12650799751
871,-63.80000000000002,62,1,100,96,12,62,91066.74412798882
872,-63.80000000000002,62,1,100,96,12,62,91209.96888947487
873,-63.80000000000002,62,1,100,96,12,62,91347.94602751732
874,-63.80000000000002,62,1,100,96,12,62,91479.30114841461
875,-63.80000000000002,62,1,100,96,12,62,91618.2605946064
876,-63.80000000000002,62,1,100,96,12,62,91755.38033866882
877,-63.80000000000002,62,1,100,96,12,62,91882.45706534386
878,-63.80000000000002,62,1,100,96,12,62,92012.23398327827
879,-63.80000000000002,62,1,100,96,12,62,92145.90951108932
880,-63.80000000000002,62,1,100,96,12,62,92289.0572617054
881,-63.80000000000002,62,1,100,96,12,62,92429.85905790329
882,-63.80000000000002,62,1,100,96,12,62,92559.43292808533
883,-63.80000000000002,62,1,100,96,12,62,92699.04746770859
884,-63.80000000000002,62,1,100,96,12,62,92831.29242968559
885,-65.70000000000002,62,1,100,98,14,62,92955.3636932373
886,-65.70000000000002,62,1,100,98,14,62,93084.73984050751
887,-64.60000000000002,62,1,100,96,16,62,93208.58837771416
888,-63.80000000000002,62,1,100,96,12,62,93340.28918790817
889,-63.80000000000002,62,1,100,96,12,62,93475.07967185974
890,-63.80000000000002,62,1,100,96,12,62,93607.96487188339
891,-63.80000000000002,62,1,100,96,12,62,93751.1292207241
892,-63.80000000000002,62,1,100,96,12,62,93875.75006508827
893,-58.70000000000002,62,1,100,99,14,62,94005.34348511696
894,-63.80000000000002,62,1,100,96,12,62,94135.00041770935
895,-63.80000000000002,62,1,100,96,12,62,94280.072981596
896,-73.04999999999998,62,1,100,97,23,62,94402.50875973701
897,-67.75000000000003,62,1,100,100,29,62,94535.65422511101
898,-68.9,62,1,100,96,18,62,94673.34725213051
899,-68.9,62,1,100,96,18,62,94800.204672575
900,-67.45000000000002,62,1,100,97,19,62,94938.32833194733
901,-67.45000000000002,62,1,100,97,19,62,95069.48939728737
902,-63.000000000000014,62,1,100,99,16,62,95198.48258519173
903,-75.75000000000001,62,1,100,91,17,62,95318.86886739731
904,-139.65,62,1,100,5,7,62,95377.41595864296
905,-87.54999999999998,62,1,100,98,17,62,95496.54648685455
906,-99.94999999999996,62,1,100,96,13,62,95621.66268825531
907,-69.75000000000001,62,1,100,99,17,62,95739.3318605423
908,-58.55000000000002,62,1,100,100,17,62,95862.5218129158
909,-63.15000000000002,62,1,100,98,17,62,95993.32682466507
910,-58.55000000000002,62,1,100,100,17,62,96129.10540509224
911,-58.55000000000002,62,1,100,100,17,62,96266.20555949211
912,-63.15000000000002,62,1,100,98,17,62,96391.10643148422
913,-58.55000000000002,62,1,100,99,17,62,96524.64402151108
914,-58.55000000000002,62,1,100,100,17,62,96648.9877614975
915,-58.55000000000002,62,1,100,99,17,62,96767.4454882145
916,-58.55000000000002,62,1,100,100,17,62,96909.87627768517
917,-59.20000000000004,62,1,100,100,24,62,97031.32598423958
918,-58.55000000000002,62,1,100,100,17,62,97164.26602554321
919,-58.55000000000002,62,1,100,100,17,62,97287.69216442108
920,-58.55000000000002,62,1,100,100,17,62,97412.15245056152
921,-58.55000000000002,62,1,100,100,17,62,97534.72696352005
922,-58.55000000000002,62,1,100,100,17,62,97655.08205318451
923,-58.55000000000002,62,1,100,100,17,62,97780.4158012867
924,-58.55000000000002,62,1,100,100,17,62,97902.04172730446
925,-77.45000000000002,62,1,100,97,23,62,98025.94285273552
926,-72.5,62,1,100,100,22,62,98146.39943599701
927,-58.55000000000002,62,1,100,100,17,62,98268.20611572266
928,-64.85000000000001,62,1,100,97,11,62,98390.95711231232
929,-70.44999999999999,62,1,100,99,23,62,98514.18860769272
930,-58.55000000000002,62,1,100,100,17,62,98656.17047548294
931,-58.55000000000002,62,1,100,100,17,62,98779.67593979836
932,-58.850000000000016,62,1,100,100,11,62,98911.28292393684
933,-58.55000000000002,62,1,100,100,17,62,99033.07114672661
934,-58.55000000000002,62,1,100,100,17,62,99159.56979298592
935,-63.80000000000002,62,1,100,96,12,62,99286.87291574478
936,-59.20000000000004,62,1,100,100,24,62,99425.59259915352
937,-58.55000000000002,62,1,100,100,17,62,99549.54950714111
938,-58.55000000000002,62,1,100,100,17,62,99667.00187754631
939,-58.55000000000002,62,1,100,100,17,62,99802.08787751198
940,-58.55000000000002,62,1,100,100,17,62,99942.42945885658
941,-58.55000000000002,62,1,100,100,17,62,100084.76159024239
942,-58.55000000000002,62,1,100,100,17,62,100205.35067534447
943,-64.55000000000001,62,1,100,97,17,62,100326.90586471558
944,-58.55000000000002,62,1,100,100,17,62,100451.03673744202
945,-58.55000000000002,62,1,100,100,17,62,100573.51103496552
946,-58.55000000000002,62,1,100,100,17,62,100699.78146028519
947,-58.55000000000002,62,1,100,100,17,62,100819.17316222191
948,-58.55000000000002,62,1,100,100,17,62,100937.47801327705
949,-58.55000000000002,62,1,100,100,17,62,101058.77275085449
950,-58.55000000000002,62,1,100,100,17,62,101183.02679753304
951,-58.55000000000002,62,1,100,100,17,62,101306.32304811478
952,-58.70000000000002,62,1,100,99,14,62,101430.65716028214
953,-58.55000000000002,62,1,100,100,17,62,101557.64079594612
954,-67.30000000000003,62,1,100,97,22,62,101685.73611044884
955,-63.55000000000002,62,1,100,97,17,62,101820.88687896729
956,-58.55000000000002,62,1,100,100,17,62,101944.76548337936
957,-58.55000000000002,62,1,100,100,17,62,102069.61710548401
958,-58.55000000000002,62,1,100,100,17,62,102210.14690041542
959,-58.55000000000002,62,1,100,100,17,62,102333.70633172989
960,-58.55000000000002,62,1,100,100,17,62,102451.81462717056
961,-58.55000000000002,62,1,100,100,17,62,102574.93776082993
962,-58.55000000000002,62,1,100,100,17,62,102696.71081542969
963,-58.55000000000002,62,1,100,100,17,62,102819.32323288918
964,-63.80000000000002,62,1,100,96,12,62,102955.2978591919
965,-58.55000000000002,62,1,100,100,17,62,103072.32060956955
966,-58.55000000000002,62,1,100,100,17,62,103207.90749049187
967,-58.55000000000002,62,1,100,100,17,62,103327.37392902374
968,-58.55000000000002,62,1,100,100,17,62,103447.57883763313
969,-58.55000000000002,62,1,100,100,17,62,103579.61627817154
970,-58.55000000000002,62,1,100,100,17,62,103696.85596561432
971,-58.55000000000002,62,1,100,100,17,62,103817.94380712509
972,-58.55000000000002,62,1,100,100,17,62,103940.63817358017
973,-58.55000000000002,62,1,100,100,17,62,104063.35654711723
974,-58.55000000000002,62,1,100,100,17,62,104183.34534096718
975,-58.55000000000002,62,1,100,100,17,62,104308.06898665428
976,-58.55000000000002,62,1,100,100,17,62,104429.11109304428
977,-58.55000000000002,62,1,100,100,17,62,104551.03720974922
978,-58.55000000000002,62,1,100,100,17,62,104669.66603040695
979,-58.55000000000002,62,1,100,100,17,62,104787.67222809792
980,-58.55000000000002,62,1,100,100,17,62,104918.98403978348
981,-58.55000000000002,62,1,100,100,17,62,105038.4387793541
982,-58.55000000000002,62,1,100,100,17,62,105156.30968689919
983,-58.55000000000002,62,1,100,100,17,62,105274.86707520485
984,-58.55000000000002,62,1,100,100,17,62,105399.44845986366
985,-58.55000000000002,62,1,100,100,17,62,105525.88312387466
986,-58.55000000000002,62,1,100,100,17,62,105647.84292244911
987,-58.55000000000002,62,1,100,100,17,62,105776.28551387787
988,-64.50000000000001,62,1,100,97,18,62,105890.29965043068
989,-58.55000000000002,62,1,100,100,17,62,106011.85472202301
990,-58.55000000000002,62,1,100,100,17,62,106135.0268573761
991,-58.55000000000002,62,1,100,100,17,62,106253.94784832001
992,-58.55000000000002,62,1,100,100,17,62,106372.04524993896
993,-58.55000000000002,62,1,100,100,17,62,106492.07778072357
994,-58.55000000000002,62,1,100,100,17,62,106615.43381214142
995,-58.55000000000002,62,1,100,100,17,62,106754.09879875183
996,-58.55000000000002,62,1,100,100,17,62,106878.6377518177
997,-63.80000000000002,62,1,100,96,12,62,106999.92964410782
998,-65.80000000000001,62,1,100,98,12,62,107125.99507832527
999,-58.55000000000002,62,1,100,100,17,62,107245.05206537247
1000,-58.55000000000002,62,1,100,100,17,62,107371.93214249611
1001,-58.55000000000002,62,1,100,100,17,62,107500.7992002964
1002,-58.55000000000002,62,1,100,100,17,62,107619.8111050129
1003,-58.55000000000002,62,1,100,100,17,62,107737.10518741608
1004,-58.55000000000002,62,1,100,100,17,62,107856.62121582031
1005,-58.55000000000002,62,1,100,100,17,62,107974.43280696869
1006,-58.55000000000002,62,1,100,100,17,62,108090.75767874718
1007,-58.55000000000002,62,1,100,100,17,62,108214.97254514694
1008,-58.55000000000002,62,1,100,100,17,62,108332.29881501198
1009,-58.55000000000002,62,1,100,100,17,62,108463.92942929268
1010,-58.55000000000002,62,1,100,100,17,62,108588.01732325554
1011,-58.55000000000002,62,1,100,100,17,62,108704.20335769653
1012,-58.55000000000002,62,1,100,100,17,62,108830.4392607212
1013,-58.55000000000002,62,1,100,100,17,62,108954.0286962986
1014,-58.55000000000002,62,1,100,100,17,62,109078.68801641464
1015,-58.55000000000002,62,1,100,100,17,62,109197.1917719841
1016,-58.55000000000002,62,1,100,100,17,62,109330.78185296059
1017,-58.55000000000002,62,1,100,100,17,62,109460.41877698898
1018,-58.55000000000002,62,1,100,100,17,62,109580.80515003204
1019,-58.55000000000002,62,1,100,100,17,62,109704.13404488564
1020,-64.55000000000001,62,1,100,97,17,62,109827.11278438568
1021,-58.55000000000002,62,1,100,100,17,62,109952.43513059616
1022,-58.55000000000002,62,1,100,100,17,62,110076.33185720444
1023,-58.55000000000002,62,1,100,100,17,62,110191.44089221954
1024,-58.55000000000002,62,1,100,100,17,62,110307.25704908371
1025,-58.55000000000002,62,1,100,100,17,62,110428.13512420654
1026,-58.55000000000002,62,1,100,100,17,62,110553.34854769707
1027,-58.55000000000002,62,1,100,100,17,62,110694.55128264427
1028,-58.55000000000002,62,1,100,100,17,62,110812.73822665215
1029,-58.55000000000002,62,1,100,100,17,62,110928.89117455482
1030,-58.55000000000002,62,1,100,100,17,62,111051.48032593727
1031,-58.55000000000002,62,1,100,100,17,62,111180.45431184769
1032,-58.55000000000002,62,1,100,100,17,62,111304.88530874252
1033,-58.55000000000002,62,1,100,100,17,62,111427.65978264809
1034,-58.55000000000002,62,1,100,100,17,62,111543.13058161736
1035,-58.55000000000002,62,1,100,100,17,62,111660.6339943409
1036,-58.55000000000002,62,1,100,100,17,62,111779.11899089813
1037,-58.55000000000002,62,1,100,100,17,62,111900.800624609
1038,-58.55000000000002,62,1,100,100,17,62,112020.47748351097
1039,-58.55000000000002,62,1,100,100,17,62,112146.57958650589
1040,-58.55000000000002,62,1,100,100,17,62,112268.83905005455
1041,-58.55000000000002,62,1,100,100,17,62,112391.46910119057
1042,-58.55000000000002,62,1,100,100,17,62,112507.43811869621
1043,-58.55000000000002,62,1,100,100,17,62,112633.70532178879
1044,-58.55000000000002,62,1,100,100,17,62,112750.01318740845
1045,-58.55000000000002,62,1,100,100,17,62,112866.33542108536
1046,-58.55000000000002,62,1,100,100,17,62,112992.61919283867
1047,-58.55000000000002,62,1,100,100,17,62,113111.57016825676
1048,-58.55000000000002,62,1,100,100,17,62,113230.09051585197
1049,-58.55000000000002,62,1,100,100,17,62,113354.13061833382
1050,-58.55000000000002,62,1,100,100,17,62,113480.27946281433
1051,-58.55000000000002,62,1,100,100,17,62,113600.95471358299
1052,-58.55000000000002,62,1,100,100,17,62,113718.73278212547
1053,-58.55000000000002,62,1,100,100,17,62,113836.77507829666
1054,-58.55000000000002,62,1,100,100,17,62,113957.87932109833
1055,-58.55000000000002,62,1,100,100,17,62,114078.88702964783
1056,-58.55000000000002,62,1,100,100,17,62,114195.02521061897
1057,-72.1,62,1,100,96,22,62,114306.56335115433
1058,-58.55000000000002,62,1,100,100,17,62,114425.48677706718
1059,-58.55000000000002,62,1,100,100,17,62,114542.70200037956
1060,-58.55000000000002,62,1,100,100,17,62,114668.06488919258
1061,-58.55000000000002,62,1,100,100,17,62,114785.04945611954
1062,-58.55000000000002,62,1,100,100,17,62,114900.80514359474
1063,-58.55000000000002,62,1,100,100,17,62,115023.43137645721
1064,-58.55000000000002,62,1,100,100,17,62,115162.45233988762
1065,-62.75000000000003,62,1,100,100,21,62,115287.0359647274
1066,-58.55000000000002,62,1,100,100,17,62,115404.37477469444
1067,-58.55000000000002,62,1,100,100,17,62,115521.22352671623
1068,-58.55000000000002,62,1,100,100,17,62,115637.59145236015
1069,-58.55000000000002,62,1,100,100,17,62,115762.53676962852
1070,-58.55000000000002,62,1,100,100,17,62,115880.89655447006
1071,-58.55000000000002,62,1,100,100,17,62,116019.27409434319
1072,-58.55000000000002,62,1,100,100,17,62,116143.65851449966
1073,-58.55000000000002,62,1,100,100,17,62,116265.98792982101
1074,-58.55000000000002,62,1,100,100,17,62,116385.29209041595
1075,-58.55000000000002,62,1,100,100,17,62,116501.02711725235
1076,-58.55000000000002,62,1,100,100,17,62,116623.42422962189
1077,-58.55000000000002,62,1,100,100,17,62,116753.13322401047
1078,-58.55000000000002,62,1,100,100,17,62,116867.83672404289
1079,-58.55000000000002,62,1,100,100,17,62,116986.74939918518
1080,-58.55000000000002,62,1,100,100,17,62,117112.60852193832
1081,-58.55000000000002,62,1,100,100,17,62,117231.44402313232
1082,-58.55000000000002,62,1,100,100,17,62,117346.02564120293
1083,-58.55000000000002,62,1,100,100,17,62,117481.00739264488
1084,-58.55000000000002,62,1,100,100,17,62,117593.63334727287
1085,-58.55000000000002,62,1,100,100,17,62,117710.98904538155
1086,-68.70000000000002,62,1,100,97,22,62,117842.65239214897
1087,-58.55000000000002,62,1,100,100,17,62,117956.25095009804
1088,-58.55000000000002,62,1,100,100,17,62,118073.91062021255
1089,-58.55000000000002,62,1,100,100,17,62,118194.24970650673
1090,-58.55000000000002,62,1,100,100,17,62,118313.28404927254
1091,-58.55000000000002,62,1,100,99,17,62,118441.19690179825
1092,-64.55000000000001,62,1,100,97,17,62,118552.99464058876
1093,-58.55000000000002,62,1,100,100,17,62,118664.9981405735
1094,-58.55000000000002,62,1,100,100,17,62,118783.8814470768
1095,-58.55000000000002,62,1,100,100,17,62,118900.91116094589
1096,-58.55000000000002,62,1,100,100,17,62,119020.10141706467
1097,-64.35000000000002,62,1,100,97,21,62,119137.23238420486
1098,-58.55000000000002,62,1,100,100,17,62,119250.00179839134
1099,-58.55000000000002,62,1,100,100,17,62,119368.21939563751
1100,-58.55000000000002,62,1,100,100,17,62,119498.76787424088
1101,-58.55000000000002,62,1,100,100,17,62,119612.07225441933
1102,-58.55000000000002,62,1,100,100,17,62,119725.37951111794
1103,-58.55000000000002,62,1,100,100,17,62,119842.26777720451
1104,-58.55000000000002,62,1,100,100,17,62,119958.02512550354
1105,-58.55000000000002,62,1,100,100,17,62,120072.14487719536
1106,-58.55000000000002,62,1,100,100,17,62,120189.78351354599
1107,-58.55000000000002,62,1,100,100,17,62,120308.37012958527
1108,-58.55000000000002,62,1,100,100,17,62,120428.33906197548
1109,-58.55000000000002,62,1,100,100,17,62,120540.96858525276
1110,-58.55000000000002,62,1,100,100,17,62,120663.67010426521
1111,-58.55000000000002,62,1,100,100,17,62,120779.4411406517
1112,-58.55000000000002,62,1,100,100,17,62,120894.88973093033
1113,-58.55000000000002,62,1,100,100,17,62,121011.37011146545
1114,-58.55000000000002,62,1,100,100,17,62,121127.21756577492
1115,-58.55000000000002,62,1,100,100,17,62,121257.39379835129
1116,-58.55000000000002,62,1,100,100,17,62,121369.78742718697
1117,-58.55000000000002,62,1,100,100,17,62,121483.45285868645
1118,-58.55000000000002,62,1,100,100,17,62,121607.73658967018
1119,-58.55000000000002,62,1,100,100,17,62,121725.61346817017
1120,-58.55000000000002,62,1,100,100,17,62,121838.54278254509
1121,-58.55000000000002,62,1,100,100,17,62,121957.7797036171
1122,-58.55000000000002,62,1,100,100,17,62,122071.62206506729
1123,-58.55000000000002,62,1,100,100,17,62,122187.85733604431
1124,-58.55000000000002,62,1,100,100,17,62,122309.25474381447
1125,-58.55000000000002,62,1,100,100,17,62,122422.18890404701
1126,-58.55000000000002,62,1,100,100,17,62,122542.56922459602
1127,-58.55000000000002,62,1,100,100,17,62,122660.19750332832
1128,-58.55000000000002,62,1,100,100,17,62,122792.6094558239
1129,-58.55000000000002,62,1,100,100,17,62,122913.66506028175
1130,-58.55000000000002,62,1,100,100,17,62,123027.67166161537
1131,-58.55000000000002,62,1,100,100,17,62,123141.25315642357
1132,-58.55000000000002,62,1,100,100,17,62,123264.65369296074
1133,-63.40000000000002,62,1,100,97,12,62,123392.7767856121
1134,-58.55000000000002,62,1,100,100,17,62,123508.87154364586
1135,-58.55000000000002,62,1,100,100,17,62,123631.84742379189
1136,-58.55000000000002,62,1,100,100,17,62,123750.0492990017
1137,-58.55000000000002,62,1,100,100,17,62,123874.91240358353
1138,-58.55000000000002,62,1,100,100,17,62,124006.21470761299
1139,-58.55000000000002,62,1,100,100,17,62,124119.96527338028
1140,-58.55000000000002,62,1,100,100,17,62,124256.73655080795
1141,-58.55000000000002,62,1,100,100,17,62,124390.5380783081
1142,-58.55000000000002,62,1,100,100,17,62,124512.97557854652
1143,-58.55000000000002,62,1,100,100,17,62,124626.10514760017
1144,-58.55000000000002,62,1,100,100,17,62,124740.19607567787
1145,-58.55000000000002,62,1,100,100,17,62,124862.83370923996
1146,-58.55000000000002,62,1,100,100,17,62,124995.41625189781
1147,-58.55000000000002,62,1,100,100,17,62,125116.85063028336
1148,-58.55000000000002,62,1,100,100,17,62,125238.20087242126
1149,-58.55000000000002,62,1,100,100,17,62,125350.80528235435
1150,-58.55000000000002,62,1,100,100,17,62,125465.37389612198
1151,-58.55000000000002,62,1,100,100,17,62,125580.41291737556
1152,-58.55000000000002,62,1,100,100,17,62,125696.22293925285
1153,-58.55000000000002,62,1,100,100,17,62,125810.91839575768
1154,-58.55000000000002,62,1,100,100,17,62,125924.57478952408
1155,-58.55000000000002,62,1,100,100,17,62,126039.68973088264
1156,-58.55000000000002,62,1,100,100,17,62,126159.78482580185
1157,-58.55000000000002,62,1,100,100,17,62,126274.13176488876
1158,-58.55000000000002,62,1,100,100,17,62,126389.24796485901
1159,-58.55000000000002,62,1,100,100,17,62,126506.19373655319
1160,-58.55000000000002,62,1,100,100,17,62,126624.84463977814
1161,-58.55000000000002,62,1,100,100,17,62,126739.47922110558
1162,-58.55000000000002,62,1,100,100,17,62,126854.0552341938
1163,-58.55000000000002,62,1,100,100,17,62,126994.40938711166
1164,-58.55000000000002,62,1,100,100,17,62,127108.96333265305
1165,-58.55000000000002,62,1,100,100,17,62,127230.63834428787
1166,-58.55000000000002,62,1,100,100,17,62,127344.34724664688
1167,-58.55000000000002,62,1,100,100,17,62,127464.57619571686
1168,-58.55000000000002,62,1,100,100,17,62,127579.09781908989
1169,-58.55000000000002,62,1,100,100,17,62,127696.60190749168
1170,-58.55000000000002,62,1,100,100,17,62,127822.76907491684
1171,-58.55000000000002,62,1,100,100,17,62,127937.74759149551
1172,-58.55000000000002,62,1,100,100,17,62,128055.99392080307
1173,-58.55000000000002,62,1,100,100,17,62,128174.9516916275
1174,-58.55000000000002,62,1,100,100,17,62,128296.07254648209
1175,-58.55000000000002,62,1,100,100,17,62,128409.27714729309
1176,-58.55000000000002,62,1,100,100,17,62,128522.41117143631
1177,-58.55000000000002,62,1,100,100,17,62,128651.70831871033
1178,-58.55000000000002,62,1,100,100,17,62,128765.17689800262
1179,-58.55000000000002,62,1,100,100,17,62,128878.77618193626
1180,-58.55000000000002,62,1,100,100,17,62,128998.41680264473
1181,-58.55000000000002,62,1,100,100,17,62,129113.51569008827
1182,-58.55000000000002,62,1,100,100,17,62,129236.73119044304
1183,-58.55000000000002,62,1,100,100,17,62,129349.4640057087
1184,-58.55000000000002,62,1,100,100,17,62,129463.64934802055
1185,-58.55000000000002,62,1,100,100,17,62,129582.66380643845
1186,-58.55000000000002,62,1,100,100,17,62,129696.41586494446
1187,-58.55000000000002,62,1,100,100,17,62,129820.7985920906
1188,-58.55000000000002,62,1,100,100,17,62,129935.33049345016
1189,-58.55000000000002,62,1,100,100,17,62,130052.72572994232
1190,-58.55000000000002,62,1,100,100,17,62,130167.90956020355
1191,-58.55000000000002,62,1,100,100,17,62,130281.6956653595
1192,-58.55000000000002,62,1,100,100,17,62,130397.22592139244
1193,-58.55000000000002,62,1,100,100,17,62,130511.16905283928
1194,-58.55000000000002,62,1,100,100,17,62,130624.50954723358
1195,-58.55000000000002,62,1,100,100,17,62,130738.76380705833
1196,-58.55000000000002,62,1,100,100,17,62,130856.63507604599
1197,-58.55000000000002,62,1,100,100,17,62,130972.40669894218
1198,-58.55000000000002,62,1,100,100,17,62,131101.87591862679
1199,-58.55000000000002,62,1,100,100,17,62,131224.53980731964
1200,-58.55000000000002,62,1,100,100,17,62,131353.6831073761
1201,-58.55000000000002,62,1,100,100,17,62,131486.58308148384
1202,-58.55000000000002,62,1,100,100,17,62,131624.336946249
1203,-58.55000000000002,62,1,100,100,17,62,131761.8772675991
1204,-58.55000000000002,62,1,100,100,17,62,131900.81555008888
1205,-58.55000000000002,62,1,100,100,17,62,132028.05121541023
1206,-58.55000000000002,62,1,100,100,17,62,132145.79148435593
1207,-58.55000000000002,62,1,100,100,17,62,132264.47203850746
1208,-58.55000000000002,62,1,100,100,17,62,132384.10152363777
1209,-58.55000000000002,62,1,100,100,17,62,132509.01984500885
1210,-58.55000000000002,62,1,100,100,17,62,132628.95087742805
1211,-58.55000000000002,62,1,100,100,17,62,132761.53738570213
1212,-58.55000000000002,62,1,100,100,17,62,132881.5762412548
1213,-58.55000000000002,62,1,100,100,17,62,133023.3851661682
1214,-58.55000000000002,62,1,100,100,17,62,133162.1650993824
1215,-58.55000000000002,62,1,100,100,17,62,133293.91187763214
1216,-58.55000000000002,62,1,100,100,17,62,133423.95155501366
1217,-58.55000000000002,62,1,100,100,17,62,133547.70040035248
1218,-58.55000000000002,62,1,100,100,17,62,133674.2819750309
1219,-58.55000000000002,62,1,100,100,17,62,133815.86788368225
1220,-58.55000000000002,62,1,100,100,17,62,133953.62577033043
1221,-58.55000000000002,62,1,100,100,17,62,134088.1074874401
1222,-58.55000000000002,62,1,100,100,17,62,134221.9610669613
1223,-58.55000000000002,62,1,100,100,17,62,134344.06669330597
1224,-58.55000000000002,62,1,100,100,17,62,134483.3545396328
1225,-58.55000000000002,62,1,100,100,17,62,134617.73840785027
1226,-58.55000000000002,62,1,100,100,17,62,134743.5060851574
1227,-58.55000000000002,62,1,100,100,17,62,134880.80044531822
1228,-58.55000000000002,62,1,100,100,17,62,135023.94209814072
1229,-58.55000000000002,62,1,100,100,17,62,135162.2830209732
1230,-58.55000000000002,62,1,100,100,17,62,135296.04157853127
1231,-58.55000000000002,62,1,100,100,17,62,135421.21222877502
1232,-58.55000000000002,62,1,100,100,17,62,135544.39846682549
1233,-58.55000000000002,62,1,100,100,17,62,135667.25547981262
1234,-58.55000000000002,62,1,100,100,17,62,135798.2450826168
1235,-58.55000000000002,62,1,100,100,17,62,135929.73748779297
1236,-58.55000000000002,62,1,100,100,17,62,136053.2497999668
1237,-58.55000000000002,62,1,100,100,17,62,136190.2579679489
1238,-58.55000000000002,62,1,100,100,17,62,136344.34078216553
1239,-58.55000000000002,62,1,100,100,17,62,136472.85476732254
1240,-58.55000000000002,62,1,100,100,17,62,136593.42158079147
1241,-58.55000000000002,62,1,100,100,17,62,136716.2182676792
1242,-58.55000000000002,62,1,100,100,17,62,136843.37625956535
1243,-65.35000000000002,62,1,100,97,21,62,136971.35851740837
1244,-58.55000000000002,62,1,100,100,17,62,137095.85026669502
1245,-58.55000000000002,62,1,100,100,17,62,137224.75396561623
1246,-58.55000000000002,62,1,100,100,17,62,137375.2942097187
1247,-58.55000000000002,62,1,100,100,17,62,137517.92646074295
1248,-58.55000000000002,62,1,100,100,17,62,137654.05398702621
1249,-58.55000000000002,62,1,100,100,17,62,137787.32251238823
1250,-58.55000000000002,62,1,100,100,17,62,137914.42720127106
1251,-58.55000000000002,62,1,100,100,17,62,138036.08006167412
1252,-58.55000000000002,62,1,100,100,17,62,138171.96549201012
1253,-58.55000000000002,62,1,100,100,17,62,138291.46281933784
1254,-58.55000000000002,62,1,100,100,17,62,138409.40620303154
1255,-58.55000000000002,62,1,100,100,17,62,138554.11633968353
1256,-58.55000000000002,62,1,100,100,17,62,138679.57115197182
1257,-58.55000000000002,62,1,100,100,17,62,138801.03806877136
1258,-58.55000000000002,62,1,100,100,17,62,138933.19469475746
1259,-58.80000000000002,62,1,100,99,12,62,139070.04415369034
1260,-58.55000000000002,62,1,100,100,17,62,139204.7399778366
1261,-58.55000000000002,62,1,100,100,17,62,139346.44935393333
1262,-58.55000000000002,62,1,100,100,17,62,139479.27859783173
1263,-58.55000000000002,62,1,100,100,17,62,139604.51546430588
1264,-58.55000000000002,62,1,100,100,17,62,139732.91383814812
1265,-58.55000000000002,62,1,100,100,17,62,139858.69723844528
1266,-58.55000000000002,62,1,100,100,17,62,139978.6081621647
1267,-58.55000000000002,62,1,100,100,17,62,140102.18917155266
1268,-58.55000000000002,62,1,100,100,17,62,140234.41251945496
1269,-58.55000000000002,62,1,100,100,17,62,140357.6098446846
1270,-58.55000000000002,62,1,100,100,17,62,140480.1821141243
1271,-58.55000000000002,62,1,100,100,17,62,140621.1539413929
1272,-58.55000000000002,62,1,100,100,17,62,140759.60058522224
1273,-58.55000000000002,62,1,100,100,17,62,140894.21957421303
1274,-58.55000000000002,62,1,100,100,17,62,141049.04729127884
1275,-58.55000000000002,62,1,100,100,17,62,141181.3008673191
1276,-58.55000000000002,62,1,100,100,17,62,141316.23120856285
1277,-58.55000000000002,62,1,100,100,17,62,141474.1967318058
1278,-58.55000000000002,62,1,100,100,17,62,141604.28001523018
1279,-58.55000000000002,62,1,100,100,17,62,141751.46182322502
1280,-58.55000000000002,62,1,100,100,17,62,141872.49945616722
1281,-58.55000000000002,62,1,100,100,17,62,142024.82588076591
1282,-58.55000000000002,62,1,100,100,17,62,142146.68160033226
1283,-58.55000000000002,62,1,100,100,17,62,142268.92738509178
1284,-58.55000000000002,62,1,100,100,17,62,142390.6792602539
1285,-58.55000000000002,62,1,100,100,17,62,142525.26991915703
1286,-58.55000000000002,62,1,100,100,17,62,142664.8890054226
1287,-58.55000000000002,62,1,100,100,17,62,142805.34449720383
1288,-58.55000000000002,62,1,100,100,17,62,142928.76048994064
1289,-58.55000000000002,62,1,100,100,17,62,143067.14728045464
1290,-58.55000000000002,62,1,100,100,17,62,143199.93871855736
1291,-58.55000000000002,62,1,100,100,17,62,143322.2755496502
1292,-58.55000000000002,62,1,100,100,17,62,143457.64097690582
1293,-58.55000000000002,62,1,100,100,17,62,143597.26912999153
1294,-58.55000000000002,62,1,100,100,17,62,143721.1939406395
1295,-58.55000000000002,62,1,100,100,17,62,143864.0706861019
1296,-58.55000000000002,62,1,100,100,17,62,143990.64625597
1297,-58.55000000000002,62,1,100,100,17,62,144123.47027921677
1298,-58.55000000000002,62,1,100,100,17,62,144260.65292716026
1299,-58.55000000000002,62,1,100,100,17,62,144382.63677501678
1300,-58.55000000000002,62,1,100,100,17,62,144525.2443535328
1301,-58.55000000000002,62,1,100,100,17,62,144679.0287425518
1302,-58.55000000000002,62,1,100,100,17,62,144804.36361980438
1303,-58.55000000000002,62,1,100,100,17,62,144925.91942167282
1304,-58.55000000000002,62,1,100,100,17,62,145052.61429405212
1305,-58.55000000000002,62,1,100,100,17,62,145174.9387421608
1306,-58.55000000000002,62,1,100,100,17,62,145315.503626585
1307,-58.55000000000002,62,1,100,100,17,62,145443.0591135025
1308,-58.55000000000002,62,1,100,100,17,62,145568.08971953392
1309,-58.55000000000002,62,1,100,100,17,62,145712.6783823967
1310,-58.55000000000002,62,1,100,100,17,62,145856.9436841011
1311,-58.55000000000002,62,1,100,100,17,62,145981.02301120758
1312,-58.55000000000002,62,1,100,100,17,62,146103.23168587685
1313,-58.45000000000002,62,1,100,100,19,62,146224.28277039528
1314,-58.55000000000002,62,1,100,100,17,62,146345.0517501831
1315,-58.55000000000002,62,1,100,100,17,62,146468.4112226963
1316,-58.55000000000002,62,1,100,100,17,62,146598.59623646736
1317,-58.55000000000002,62,1,100,100,17,62,146719.8969593048
1318,-58.55000000000002,62,1,100,100,17,62,146845.91828608513
1319,-58.55000000000002,62,1,100,100,17,62,146969.94597697258
1320,-58.55000000000002,62,1,100,100,17,62,147093.84044075012
1321,-58.55000000000002,62,1,100,100,17,62,147233.4385614395
1322,-63.80000000000002,62,1,100,96,12,62,147358.35280489922
1323,-63.80000000000002,62,1,100,96,12,62,147487.5462372303
1324,-58.55000000000002,62,1,100,100,17,62,147611.86019682884
1325,-58.55000000000002,62,1,100,100,17,62,147751.71646642685
1326,-58.55000000000002,62,1,100,100,17,62,147883.96758961678
1327,-58.55000000000002,62,1,100,100,17,62,148026.98133111
1328,-58.55000000000002,62,1,100,100,17,62,148181.72800135612
1329,-58.55000000000002,62,1,100,100,17,62,148320.2410979271
1330,-58.55000000000002,62,1,100,100,17,62,148471.13104248047
1331,-58.55000000000002,62,1,100,100,17,62,148606.50197672844
1332,-58.55000000000002,62,1,100,100,17,62,148748.18334245682
1333,-58.55000000000002,62,1,100,100,17,62,148902.91236829758
1334,-59.650000000000034,62,1,100,99,23,62,149042.82213878632
1335,-64.65,62,1,100,96,23,62,149172.40082979202
1336,-63.250000000000036,62,1,100,97,23,62,149300.80770230293
1337,-58.55000000000002,62,1,100,100,17,62,149442.12278532982
1338,-58.55000000000002,62,1,100,100,17,62,149564.45687675476
1339,-58.55000000000002,62,1,100,100,17,62,149691.5523159504
1340,-58.55000000000002,62,1,100,100,17,62,149817.26133704185
1341,-58.55000000000002,62,1,100,100,17,62,149951.74696540833
1342,-58.55000000000002,62,1,100,100,17,62,150073.36374664307
1343,-58.55000000000002,62,1,100,100,17,62,150191.6554992199
1344,-58.55000000000002,62,1,100,100,17,62,150311.9486541748
1345,-63.80000000000002,62,1,100,96,12,62,150442.53155755997
1346,-58.55000000000002,62,1,100,100,17,62,150591.91651177406
1347,-58.55000000000002,62,1,100,100,17,62,150712.5814871788
1348,-58.55000000000002,62,1,100,100,17,62,150834.36769557
1349,-58.55000000000002,62,1,100,100,17,62,150958.74938964844
1350,-63.250000000000036,62,1,100,97,23,62,151078.46774673462
1351,-58.55000000000002,62,1,100,100,17,62,151203.66357421875
1352,-58.55000000000002,62,1,100,100,17,62,151327.52573633194
1353,-58.55000000000002,62,1,100,100,17,62,151458.22954964638
1354,-58.55000000000002,62,1,100,100,17,62,151578.9657521248
1355,-58.55000000000002,62,1,100,100,17,62,151705.82664775848
1356,-58.55000000000002,62,1,100,100,17,62,151834.49950408936
1357,-58.55000000000002,62,1,100,100,17,62,151966.18089866638
1358,-58.55000000000002,62,1,100,100,17,62,152087.591776371
1359,-58.55000000000002,62,1,100,100,17,62,152213.54737901688
1360,-75.34999999999998,62,1,100,99,13,62,152342.06684184074
1361,-58.55000000000002,62,1,100,100,17,62,152464.46583342552
1362,-58.55000000000002,62,1,100,100,17,62,152608.01759052277
1363,-58.55000000000002,62,1,100,100,17,62,152727.95579981804
1364,-58.55000000000002,62,1,100,100,17,62,152850.6116514206
1365,-58.55000000000002,62,1,100,100,17,62,152973.4150235653
1366,-58.55000000000002,62,1,100,100,17,62,153100.84431529045
1367,-58.55000000000002,62,1,100,100,17,62,153220.40311312675
1368,-58.55000000000002,62,1,100,100,17,62,153350.1294131279
1369,-58.55000000000002,62,1,100,100,17,62,153475.80337429047
1370,-58.55000000000002,62,1,100,100,17,62,153607.6456861496
1371,-58.55000000000002,62,1,100,100,17,62,153751.35504698753
1372,-58.55000000000002,62,1,100,100,17,62,153874.77558732033
1373,-58.55000000000002,62,1,100,100,17,62,154003.49001812935
1374,-58.55000000000002,62,1,100,100,17,62,154133.08708119392
1375,-58.55000000000002,62,1,100,100,17,62,154258.9587597847
1376,-58.55000000000002,62,1,100,100,17,62,154379.57278347015
1377,-58.55000000000002,62,1,100,100,17,62,154509.5482981205
1378,-58.55000000000002,62,1,100,100,17,62,154637.78635072708
1379,-58.55000000000002,62,1,100,100,17,62,154768.25583171844
1380,-58.55000000000002,62,1,100,100,17,62,154914.0760321617
1381,-58.55000000000002,62,1,100,100,17,62,155033.46402072906
1382,-58.55000000000002,62,1,100,100,17,62,155163.53369998932
1383,-58.55000000000002,62,1,100,100,17,62,155315.32273936272
1384,-58.55000000000002,62,1,100,100,17,62,155445.6647810936
1385,-58.55000000000002,62,1,100,100,17,62,155573.3959748745
1386,-58.55000000000002,62,1,100,100,17,62,155701.30207777023
1387,-58.55000000000002,62,1,100,100,17,62,155831.3649251461
1388,-58.55000000000002,62,1,100,100,17,62,155957.6826722622
1389,-58.55000000000002,62,1,100,100,17,62,156080.8881137371
1390,-58.55000000000002,62,1,100,100,17,62,156205.63316988945
1391,-58.55000000000002,62,1,100,100,17,62,156338.23824310303
1392,-58.55000000000002,62,1,100,100,17,62,156468.73327755928
1393,-58.55000000000002,62,1,100,100,17,62,156590.95243692398
1394,-58.55000000000002,62,1,100,100,17,62,156718.5614528656
1395,-58.55000000000002,62,1,100,100,17,62,156852.8061683178
1396,-58.55000000000002,62,1,100,100,17,62,157004.8943388462
1397,-64.55000000000001,62,1,100,97,17,62,157134.98142766953
1398,-58.55000000000002,62,1,100,100,17,62,157270.35056614876
1399,-58.55000000000002,62,1,100,100,17,62,157414.92238140106
1400,-63.80000000000002,62,1,100,96,12,62,157565.08242464066
1401,-58.55000000000002,62,1,100,100,17,62,157697.38541436195
1402,-58.55000000000002,62,1,100,100,17,62,157858.33005309105
1403,-58.55000000000002,62,1,100,100,17,62,157995.8312022686
1404,-58.55000000000002,62,1,100,100,17,62,158125.55063557625
1405,-58.55000000000002,62,1,100,100,17,62,158261.8027472496
1406,-58.55000000000002,62,1,100,100,17,62,158393.91676306725
1407,-58.55000000000002,62,1,100,100,17,62,158522.67408776283
1408,-58.55000000000002,62,1,100,100,17,62,158644.12740969658
1409,-58.55000000000002,62,1,100,100,17,62,158772.4566423893
1410,-58.55000000000002,62,1,100,100,17,62,158925.37206053734
1411,-58.55000000000002,62,1,100,100,17,62,159064.37399077415
1412,-58.55000000000002,62,1,100,100,17,62,159191.04998469353
1413,-58.55000000000002,62,1,100,100,17,62,159319.137311697
1414,-58.55000000000002,62,1,100,100,17,62,159452.6318488121
1415,-58.55000000000002,62,1,100,100,17,62,159585.16714000702
1416,-58.55000000000002,62,1,100,100,17,62,159718.58481001854
1417,-58.55000000000002,62,1,100,100,17,62,159865.37653923035
1418,-58.55000000000002,62,1,100,100,17,62,159989.95478487015
1419,-58.55000000000002,62,1,100,100,17,62,160122.11330413818
1420,-58.55000000000002,62,1,100,100,17,62,160256.97139525414
1421,-58.55000000000002,62,1,100,100,17,62,160392.80547499657
1422,-58.55000000000002,62,1,100,100,17,62,160515.55603528023
1423,-58.55000000000002,62,1,100,100,17,62,160648.0696516037
1424,-58.55000000000002,62,1,100,100,17,62,160775.5399646759
1425,-58.55000000000002,62,1,100,100,17,62,160903.73172855377
1426,-58.55000000000002,62,1,100,100,17,62,161038.98733520508
1427,-58.55000000000002,62,1,100,100,17,62,161165.3859949112
1428,-58.55000000000002,62,1,100,100,17,62,161304.11824440956
1429,-58.55000000000002,62,1,100,100,17,62,161439.0559179783
1430,-58.55000000000002,62,1,100,100,17,62,161566.98387026787
1431,-58.55000000000002,62,1,100,100,17,62,161688.6473648548
1432,-58.55000000000002,62,1,100,100,17,62,161816.12518692017
1433,-58.55000000000002,62,1,100,100,17,62,161951.93812704086
1434,-58.55000000000002,62,1,100,100,17,62,162076.6954278946
1435,-58.55000000000002,62,1,100,100,17,62,162221.33333015442
1436,-58.55000000000002,62,1,100,100,17,62,162345.6407804489
1437,-58.55000000000002,62,1,100,100,17,62,162478.69305229187
1438,-58.55000000000002,62,1,100,100,17,62,162614.132938385
1439,-58.55000000000002,62,1,100,100,17,62,162740.95529818535
1440,-58.55000000000002,62,1,100,100,17,62,162863.9324104786
1441,-58.55000000000002,62,1,100,100,17,62,162993.7283768654
1442,-58.55000000000002,62,1,100,100,17,62,163138.1363427639
1443,-58.55000000000002,62,1,100,100,17,62,163268.0389933586
1444,-58.55000000000002,62,1,100,100,17,62,163417.90452218056
1445,-58.55000000000002,62,1,100,100,17,62,163548.3337647915
1446,-58.55000000000002,62,1,100,100,17,62,163682.02990365028
1447,-58.55000000000002,62,1,100,100,17,62,163814.98557066917
1448,-58.55000000000002,62,1,100,100,17,62,163940.37507343292
1449,-58.55000000000002,62,1,100,100,17,62,164069.56947922707
1450,-58.55000000000002,62,1,100,100,17,62,164192.39030265808
1451,-58.55000000000002,62,1,100,100,17,62,164323.3832242489
1452,-58.55000000000002,62,1,100,100,17,62,164445.67549657822
1453,-58.55000000000002,62,1,100,100,17,62,164578.61030220985
1454,-58.55000000000002,62,1,100,100,17,62,164711.151815176
1455,-58.55000000000002,62,1,100,100,17,62,164842.21190953255
1456,-58.55000000000002,62,1,100,100,17,62,164989.38846230507
1457,-58.55000000000002,62,1,100,100,17,62,165124.29460310936
1458,-58.55000000000002,62,1,100,100,17,62,165249.88118624687
1459,-58.55000000000002,62,1,100,100,17,62,165377.15869784355
1460,-58.55000000000002,62,1,100,100,17,62,165501.8206758499
1461,-58.55000000000002,62,1,100,100,17,62,165628.7549955845
1462,-58.55000000000002,62,1,100,100,17,62,165750.2246003151
1463,-58.55000000000002,62,1,100,100,17,62,165880.700725317
1464,-58.55000000000002,62,1,100,100,17,62,166013.47993016243
1465,-58.55000000000002,62,1,100,100,17,62,166145.76584482193
1466,-58.55000000000002,62,1,100,100,17,62,166276.019841671
1467,-58.55000000000002,62,1,100,100,17,62,166412.60328435898
1468,-58.55000000000002,62,1,100,100,17,62,166545.10870790482
1469,-58.55000000000002,62,1,100,100,17,62,166669.9039888382
1470,-58.55000000000002,62,1,100,100,17,62,166803.6095817089
1471,-58.55000000000002,62,1,100,100,17,62,166934.45453619957
1472,-58.55000000000002,62,1,100,100,17,62,167059.99591827393
1473,-58.55000000000002,62,1,100,100,17,62,167207.3730275631
1474,-58.55000000000002,62,1,100,100,17,62,167335.60705423355
1475,-58.55000000000002,62,1,100,100,17,62,167468.0662791729
1476,-58.55000000000002,62,1,100,100,17,62,167617.29105997086
1477,-58.55000000000002,62,1,100,100,17,62,167745.56420493126
1478,-58.55000000000002,62,1,100,100,17,62,167877.98604607582
1479,-58.55000000000002,62,1,100,100,17,62,168006.33382034302
1480,-58.55000000000002,62,1,100,100,17,62,168129.93438887596
1481,-58.55000000000002,62,1,100,100,17,62,168263.25061130524
1482,-58.55000000000002,62,1,100,100,17,62,168392.6384115219
1483,-58.55000000000002,62,1,100,100,17,62,168515.2756986618
1484,-58.55000000000002,62,1,100,100,17,62,168651.6555454731
1485,-58.55000000000002,62,1,100,100,17,62,168785.04949498177
1486,-58.55000000000002,62,1,100,100,17,62,168910.17192721367
1487,-58.55000000000002,62,1,100,100,17,62,169044.40596818924
1488,-58.55000000000002,62,1,100,100,17,62,169169.38655352592
1489,-58.55000000000002,62,1,100,100,17,62,169309.58261179924
1490,-58.55000000000002,62,1,100,100,17,62,169443.7092783451
1491,-58.55000000000002,62,1,100,100,17,62,169573.03986811638
1492,-58.55000000000002,62,1,100,100,17,62,169703.43274521828
1493,-58.55000000000002,62,1,100,100,17,62,169845.89073371887
1494,-58.55000000000002,62,1,100,100,17,62,169970.85264086723
1495,-58.55000000000002,62,1,100,100,17,62,170092.74536895752
1496,-58.55000000000002,62,1,100,100,17,62,170236.62532114983
1497,-58.55000000000002,62,1,100,100,17,62,170377.85312771797
1498,-58.55000000000002,62,1,100,100,17,62,170502.03041434288
1499,-58.55000000000002,62,1,100,100,17,62,170626.82369184494
1500,-58.55000000000002,62,1,100,100,17,62,170747.66538000107
1501,-58.55000000000002,62,1,100,100,17,62,170876.3625702858
1502,-58.55000000000002,62,1,100,100,17,62,171003.29864096642
1503,-58.55000000000002,62,1,100,100,17,62,171143.91069340706
1504,-58.55000000000002,62,1,100,100,17,62,171274.8480579853
1505,-58.55000000000002,62,1,100,100,17,62,171413.06987571716
1506,-58.55000000000002,62,1,100,100,17,62,171546.83252835274
1507,-58.55000000000002,62,1,100,100,17,62,171671.67858958244
1508,-58.55000000000002,62,1,100,100,17,62,171811.5137321949
1509,-58.55000000000002,62,1,100,100,17,62,171932.14584088326
1510,-58.55000000000002,62,1,100,100,17,62,172057.996748209
1511,-58.55000000000002,62,1,100,100,17,62,172182.24194526672
1512,-58.55000000000002,62,1,100,100,17,62,172307.05402755737
1513,-58.55000000000002,62,1,100,100,17,62,172436.45631837845
1514,-58.55000000000002,62,1,100,100,17,62,172559.8327407837
1515,-58.55000000000002,62,1,100,100,17,62,172682.74494171143
1516,-58.55000000000002,62,1,100,100,17,62,172809.7423787117
1517,-58.55000000000002,62,1,100,100,17,62,172945.0202279091
1518,-58.55000000000002,62,1,100,100,17,62,173068.6018640995
1519,-58.55000000000002,62,1,100,100,17,62,173199.45031166077
1520,-58.55000000000002,62,1,100,100,17,62,173326.29621815681
1521,-58.55000000000002,62,1,100,100,17,62,173453.51062822342
1522,-58.55000000000002,62,1,100,100,17,62,173577.0030450821
1523,-64.50000000000001,62,1,100,97,18,62,173698.60129237175
1524,-58.55000000000002,62,1,100,100,17,62,173828.39872169495
1525,-58.55000000000002,62,1,100,100,17,62,173961.88600111008
1526,-58.55000000000002,62,1,100,100,17,62,174089.31249380112
1527,-58.55000000000002,62,1,100,100,17,62,174211.91899466515
1528,-58.55000000000002,62,1,100,100,17,62,174334.80373811722
1529,-58.55000000000002,62,1,100,100,17,62,174459.52401971817
1530,-58.55000000000002,62,1,100,100,17,62,174583.46932697296
1531,-58.55000000000002,62,1,100,100,17,62,174725.44099974632
1532,-58.55000000000002,62,1,100,100,17,62,174853.80146598816
1533,-58.55000000000002,62,1,100,99,17,62,174985.76200699806
1534,-63.80000000000002,62,1,100,96,12,62,175120.4991130829
1536,-120.10000000000001,62,1,100,100,18,62,175392.07458853722
1537,-92.59999999999998,62,1,100,98,24,62,175524.53384828568
1538,-100.59999999999997,62,1,100,97,20,62,175656.31397485733
1539,-67.0,62,1,100,100,24,62,175794.6267426014
1540,-71.0,62,1,100,98,16,62,175920.15998077393
1541,-73.99999999999999,62,1,100,97,24,62,176040.7773938179
1542,-63.80000000000002,62,1,100,96,12,62,176175.14630889893
1543,-63.80000000000002,62,1,100,96,12,62,176302.5142812729
1544,-63.80000000000002,62,1,100,96,12,62,176436.27631044388
1545,-63.80000000000002,62,1,100,96,12,62,176587.8160429001
1546,-63.80000000000002,62,1,100,96,12,62,176710.6832602024
1547,-63.80000000000002,62,1,100,96,12,62,176838.83865737915
1548,-63.80000000000002,62,1,100,96,12,62,176972.52373671532
1549,-63.80000000000002,62,1,100,96,12,62,177106.3819887638
1550,-63.80000000000002,62,1,100,96,12,62,177235.25972366333
1551,-63.80000000000002,62,1,100,96,12,62,177363.8833630085
1552,-63.80000000000002,62,1,100,96,12,62,177497.46265363693
1553,-69.95000000000002,62,1,100,98,17,62,177630.04036068916
1554,-63.80000000000002,62,1,100,96,12,62,177761.74834251404
1555,-65.0,62,1,100,99,24,62,177882.3035979271
1556,-63.80000000000002,62,1,100,96,12,62,178029.4256055355
1557,-63.80000000000002,62,1,100,96,12,62,178154.42520570755
1558,-63.80000000000002,62,1,100,96,12,62,178284.88289618492
1559,-63.80000000000002,62,1,100,96,12,62,178410.51456093788
1560,-63.80000000000002,62,1,100,96,12,62,178544.2148785591
1561,-63.80000000000002,62,1,100,96,12,62,178673.8781285286
1562,-63.80000000000002,62,1,100,96,12,62,178803.49271059036
1563,-63.80000000000002,62,1,100,96,12,62,178931.1424050331
1564,-63.80000000000002,62,1,100,96,12,62,179060.74554944038
1565,-63.80000000000002,62,1,100,96,12,62,179189.42200279236
1566,-63.80000000000002,62,1,100,96,12,62,179325.78381371498
1567,-63.80000000000002,62,1,100,96,12,62,179457.8093430996
1568,-63.80000000000002,62,1,100,96,12,62,179595.65862822533
1569,-63.80000000000002,62,1,100,96,12,62,179739.7563791275
1570,-63.80000000000002,62,1,100,96,12,62,179875.5747191906
1571,-63.80000000000002,62,1,100,96,12,62,180006.99527454376
1572,-63.80000000000002,62,1,100,96,12,62,180134.9225549698
1573,-63.80000000000002,62,1,100,96,12,62,180261.52053451538
1574,-63.80000000000002,62,1,100,96,12,62,180395.5551738739
1575,-63.80000000000002,62,1,100,96,12,62,180522.4410085678
1576,-63.80000000000002,62,1,100,96,12,62,180656.33783459663
1577,-63.80000000000002,62,1,100,96,12,62,180785.0737707615
1578,-63.80000000000002,62,1,100,96,12,62,180912.46169304848
1579,-63.80000000000002,62,1,100,96,12,62,181051.7252252102
1580,-63.80000000000002,62,1,100,96,12,62,181178.12074804306
1581,-63.80000000000002,62,1,100,96,12,62,181311.7798974514
1582,-63.80000000000002,62,1,100,96,12,62,181441.4990196228
1583,-63.80000000000002,62,1,100,96,12,62,181575.02845048904
1584,-63.80000000000002,62,1,100,96,12,62,181700.5390560627
1585,-63.80000000000002,62,1,100,96,12,62,181828.03494882584
1586,-63.80000000000002,62,1,100,96,12,62,181963.55833125114
1587,-63.80000000000002,62,1,100,96,12,62,182087.26905298233
1588,-63.80000000000002,62,1,100,96,12,62,182218.69797945023
1589,-63.80000000000002,62,1,100,96,12,62,182350.37225842476
1590,-63.80000000000002,62,1,100,96,12,62,182485.54237103462
1591,-63.80000000000002,62,1,100,96,12,62,182612.58475494385
1592,-63.80000000000002,62,1,100,96,12,62,182761.96983790398
1593,-63.80000000000002,62,1,100,96,12,62,182901.76398730278
1594,-63.80000000000002,62,1,100,96,12,62,183041.3415544033
1595,-63.80000000000002,62,1,100,96,12,62,183173.35914468765
1596,-63.80000000000002,62,1,100,96,12,62,183302.24187278748
1597,-63.80000000000002,62,1,100,96,12,62,183442.59705638885
1598,-63.80000000000002,62,1,100,96,12,62,183596.61471033096
1599,-63.80000000000002,62,1,100,96,12,62,183726.70965957642
1600,-63.80000000000002,62,1,100,96,12,62,183852.06627941132
1601,-63.80000000000002,62,1,100,96,12,62,183982.97478723526
1602,-63.80000000000002,62,1,100,96,12,62,184112.6137394905
1603,-63.80000000000002,62,1,100,96,12,62,184244.62391638756
1604,-63.80000000000002,62,1,100,96,12,62,184375.95506739616
1605,-63.80000000000002,62,1,100,96,12,62,184503.11991143227
1606,-63.80000000000002,62,1,100,96,12,62,184626.8132185936
1607,-63.80000000000002,62,1,100,96,12,62,184755.19940710068
1608,-63.80000000000002,62,1,100,96,12,62,184881.40099978447
1609,-63.80000000000002,62,1,100,96,12,62,185014.32536029816
1610,-63.80000000000002,62,1,100,96,12,62,185140.04442214966
1611,-63.80000000000002,62,1,100,96,12,62,185273.96568894386
1612,-63.80000000000002,62,1,100,96,12,62,185400.77495479584
1613,-63.80000000000002,62,1,100,96,12,62,185538.44558691978
1614,-63.80000000000002,62,1,100,96,12,62,185661.0663278103
1615,-63.80000000000002,62,1,100,96,12,62,185793.90086770058
1616,-63.80000000000002,62,1,100,96,12,62,185919.66724586487
1617,-63.80000000000002,62,1,100,96,12,62,186042.65417718887
1618,-63.80000000000002,62,1,100,96,12,62,186169.04886722565
1619,-63.80000000000002,62,1,100,96,12,62,186290.74050831795
1620,-63.80000000000002,62,1,100,96,12,62,186415.66208553314
1621,-63.80000000000002,62,1,100,96,12,62,186544.53657913208
1622,-63.80000000000002,62,1,100,96,12,62,186671.04581570625
1623,-63.80000000000002,62,1,100,96,12,62,186793.1425485611
1624,-63.80000000000002,62,1,100,96,12,62,186918.72976636887
1625,-63.80000000000002,62,1,100,96,12,62,187050.29712247849
1626,-63.80000000000002,62,1,100,96,12,62,187183.31192231178
1627,-63.80000000000002,62,1,100,96,12,62,187306.94867396355
1628,-63.80000000000002,62,1,100,96,12,62,187430.306797266
1629,-63.80000000000002,62,1,100,96,12,62,187576.1466498375
1630,-63.80000000000002,62,1,100,96,12,62,187710.2811615467
1631,-63.80000000000002,62,1,100,96,12,62,187836.39096355438
1632,-63.80000000000002,62,1,100,96,12,62,187958.0370812416
1633,-63.80000000000002,62,1,100,96,12,62,188085.46964144707
1634,-63.80000000000002,62,1,100,96,12,62,188207.259775877
1635,-63.80000000000002,62,1,100,96,12,62,188342.36749696732
1636,-63.80000000000002,62,1,100,96,12,62,188466.69545292854
1637,-63.80000000000002,62,1,100,96,12,62,188588.6466937065
1638,-63.80000000000002,62,1,100,96,12,62,188717.13960027695
1639,-63.80000000000002,62,1,100,96,12,62,188848.93082380295
1640,-63.80000000000002,62,1,100,96,12,62,188976.36476778984
1641,-63.80000000000002,62,1,100,96,12,62,189106.90248060226
1642,-63.80000000000002,62,1,100,96,12,62,189228.53574728966
1643,-63.80000000000002,62,1,100,96,12,62,189352.13352179527
1644,-63.80000000000002,62,1,100,96,12,62,189481.8121137619
1645,-63.80000000000002,62,1,100,96,12,62,189605.92764544487
1646,-63.80000000000002,62,1,100,96,12,62,189727.47384929657
1647,-63.80000000000002,62,1,100,96,12,62,189866.54127144814
1648,-63.80000000000002,62,1,100,96,12,62,189990.9097623825
1649,-63.80000000000002,62,1,100,96,12,62,190134.15945100784
1650,-63.80000000000002,62,1,100,96,12,62,190265.65628957748
1651,-63.80000000000002,62,1,100,96,12,62,190389.31970191002
1652,-63.80000000000002,62,1,100,96,12,62,190516.81325793266
1653,-63.80000000000002,62,1,100,96,12,62,190654.52953648567
1654,-63.80000000000002,62,1,100,96,12,62,190782.21997714043
1655,-63.80000000000002,62,1,100,96,12,62,190902.25307941437
1656,-63.80000000000002,62,1,100,96,12,62,191058.22265696526
1657,-63.80000000000002,62,1,100,96,12,62,191187.00741934776
1658,-63.80000000000002,62,1,100,96,12,62,191312.6049246788
1659,-63.80000000000002,62,1,100,96,12,62,191441.51403021812
1660,-63.80000000000002,62,1,100,96,12,62,191561.98524451256
1661,-63.80000000000002,62,1,100,96,12,62,191683.89802193642
1662,-63.80000000000002,62,1,100,96,12,62,191813.99462270737
1663,-63.80000000000002,62,1,100,96,12,62,191939.75803232193
1664,-63.80000000000002,62,1,100,96,12,62,192061.82241988182
1665,-63.80000000000002,62,1,100,96,12,62,192191.14532613754
1666,-63.80000000000002,62,1,100,96,12,62,192317.38141703606
1667,-63.80000000000002,62,1,100,96,12,62,192440.44593024254
1668,-63.80000000000002,62,1,100,96,12,62,192579.7625260353
1669,-63.80000000000002,62,1,100,96,12,62,192700.27800440788
1670,-63.80000000000002,62,1,100,96,12,62,192833.1458888054
1671,-63.80000000000002,62,1,100,96,12,62,192961.51807761192
1672,-63.80000000000002,62,1,100,96,12,62,193097.35879945755
1673,-63.80000000000002,62,1,100,96,12,62,193223.08877396584
1674,-63.80000000000002,62,1,100,96,12,62,193343.59825277328
1675,-63.80000000000002,62,1,100,96,12,62,193470.63505983353
1676,-63.80000000000002,62,1,100,96,12,62,193597.66021585464
1677,-63.80000000000002,62,1,100,96,12,62,193725.30165028572
1678,-63.80000000000002,62,1,100,96,12,62,193849.11160349846
1679,-63.80000000000002,62,1,100,96,12,62,193977.9759159088
1680,-63.80000000000002,62,1,100,96,12,62,194106.4475517273
1681,-63.80000000000002,62,1,100,96,12,62,194227.78707504272
1682,-63.80000000000002,62,1,100,96,12,62,194350.3241841793
1683,-63.80000000000002,62,1,100,96,12,62,194470.91241121292
1684,-63.80000000000002,62,1,100,96,12,62,194598.08266949654
1685,-63.80000000000002,62,1,100,96,12,62,194721.83941054344
1686,-63.80000000000002,62,1,100,96,12,62,194844.87204027176
1687,-63.80000000000002,62,1,100,96,12,62,194966.81324195862
1688,-63.80000000000002,62,1,100,96,12,62,195098.85534405708
1689,-63.80000000000002,62,1,100,96,12,62,195219.57777261734
1690,-63.80000000000002,62,1,100,96,12,62,195344.1423842907
1691,-63.80000000000002,62,1,100,96,12,62,195485.6398472786
1692,-64.80000000000001,62,1,100,98,12,62,195606.41404604912
1693,-65.40000000000003,62,1,100,99,16,62,195728.92817378044
1694,-62.000000000000014,62,1,100,100,16,62,195859.08044934273
1695,-63.80000000000002,62,1,100,96,12,62,195997.64590215683
1696,-63.80000000000002,62,1,100,96,12,62,196121.64854335785
1697,-63.80000000000002,62,1,100,96,12,62,196244.93419623375
1698,-63.80000000000002,62,1,100,96,12,62,196373.52403831482
1699,-63.80000000000002,62,1,100,96,12,62,196504.2323627472
1700,-63.80000000000002,62,1,100,96,12,62,196639.4060509205
1701,-63.80000000000002,62,1,100,96,12,62,196762.69829535484
1702,-63.80000000000002,62,1,100,96,12,62,196889.45399999619
1705,-141.84999999999997,62,1,100,89,15,62,197317.3820786476
1706,-86.0,62,1,100,100,16,62,197445.25715136528
1707,-99.39999999999999,62,1,100,96,24,62,197576.72463178635
1708,-79.79999999999998,62,1,100,98,16,62,197709.91513466835
1709,-67.4,62,1,100,99,16,62,197838.88383197784
1710,-67.04999999999998,62,1,100,100,23,62,197957.22083377838
1711,-68.39999999999999,62,1,100,100,16,62,198081.53767347336
1712,-58.55000000000002,62,1,100,100,17,62,198204.57009220123
1713,-58.55000000000002,62,1,100,100,17,62,198332.53809785843
1714,-58.55000000000002,62,1,100,100,17,62,198455.15816307068
1715,-58.55000000000002,62,1,100,100,17,62,198575.1156721115
1716,-58.55000000000002,62,1,100,100,17,62,198728.11190342903
1717,-58.55000000000002,62,1,100,100,17,62,198881.61496067047
1718,-63.45000000000002,62,1,100,97,19,62,199015.45405626297
1719,-58.55000000000002,62,1,100,100,17,62,199148.00776338577
1720,-58.55000000000002,62,1,100,100,17,62,199289.87677240372
1721,-58.55000000000002,62,1,100,100,17,62,199438.45839428902
1722,-58.55000000000002,62,1,100,100,17,62,199576.01332306862
1723,-58.55000000000002,62,1,100,100,17,62,199708.91099882126
1724,-58.55000000000002,62,1,100,100,17,62,199839.86952710152
1725,-58.55000000000002,62,1,100,100,17,62,199977.0754070282
1726,-58.55000000000002,62,1,100,100,17,62,200101.09277629852
1727,-58.55000000000002,62,1,100,100,17,62,200226.96235895157
1728,-58.55000000000002,62,1,100,100,17,62,200347.3894326687
1729,-58.55000000000002,62,1,100,100,17,62,200467.3152899742
1730,-58.55000000000002,62,1,100,100,17,62,200594.5852329731
1731,-58.55000000000002,62,1,100,100,17,62,200730.42686343193
1732,-58.55000000000002,62,1,100,100,17,62,200854.86570048332
1733,-58.55000000000002,62,1,100,100,17,62,200972.85040783882
1734,-58.55000000000002,62,1,100,100,17,62,201111.77856063843
1735,-58.55000000000002,62,1,100,100,17,62,201234.57441711426
1736,-63.80000000000002,62,1,100,96,12,62,201370.8414361477
1737,-58.55000000000002,62,1,100,100,17,62,201490.89863276482
1738,-58.55000000000002,62,1,100,100,17,62,201608.95321655273
1739,-58.55000000000002,62,1,100,100,17,62,201726.1561434269
1740,-58.55000000000002,62,1,100,100,17,62,201852.03576231003
1741,-58.55000000000002,62,1,100,100,17,62,201972.85249447823
1742,-58.55000000000002,62,1,100,100,17,62,202090.2474348545
1743,-58.55000000000002,62,1,100,100,17,62,202239.1140255928
1744,-58.55000000000002,62,1,100,100,17,62,202355.16044664383
1745,-58.55000000000002,62,1,100,100,17,62,202480.37640023232
1746,-58.55000000000002,62,1,100,100,17,62,202609.56085920334
1747,-58.55000000000002,62,1,100,100,17,62,202728.42902493477
1748,-58.55000000000002,62,1,100,100,17,62,202854.38922977448
1749,-58.55000000000002,62,1,100,100,17,62,202978.58798742294
1750,-58.55000000000002,62,1,100,100,17,62,203095.79642915726
1751,-58.55000000000002,62,1,100,100,17,62,203211.67987823486
1752,-58.55000000000002,62,1,100,100,17,62,203348.54763555527
1753,-58.55000000000002,62,1,100,100,17,62,203468.43906092644
1754,-58.55000000000002,62,1,100,100,17,62,203608.71657133102
1755,-58.55000000000002,62,1,100,100,17,62,203728.23020386696
1756,-58.55000000000002,62,1,100,100,17,62,203847.26432228088
1757,-58.55000000000002,62,1,100,100,17,62,203969.55584287643
1758,-58.55000000000002,62,1,100,100,17,62,204095.35668110847
1759,-58.55000000000002,62,1,100,100,17,62,204229.7779493332
1760,-58.55000000000002,62,1,100,100,17,62,204347.20007658005
1761,-58.55000000000002,62,1,100,100,17,62,204471.72668266296
1762,-58.55000000000002,62,1,100,100,17,62,204601.49652600288
1763,-58.55000000000002,62,1,100,99,17,62,204720.90923762321
1764,-58.55000000000002,62,1,100,100,17,62,204846.22401285172
1765,-58.55000000000002,62,1,100,100,17,62,204967.70084381104
1766,-58.55000000000002,62,1,100,100,17,62,205089.46415996552
1767,-58.55000000000002,62,1,100,100,17,62,205210.50728440285
1768,-58.55000000000002,62,1,100,100,17,62,205334.78524398804
1769,-58.55000000000002,62,1,100,100,17,62,205464.69014644623
1770,-64.55000000000001,62,1,100,97,17,62,205581.52984070778
1771,-63.45000000000002,62,1,100,97,19,62,205705.10252308846
1772,-58.55000000000002,62,1,100,100,17,62,205839.74162626266
1773,-58.55000000000002,62,1,100,100,17,62,205962.84876918793
1774,-58.55000000000002,62,1,100,100,17,62,206081.8786199093
1775,-58.55000000000002,62,1,100,100,17,62,206218.50121998787
1776,-58.55000000000002,62,1,100,100,17,62,206342.5564582348
1777,-59.65000000000002,62,1,100,100,15,62,206465.84586644173
1778,-58.55000000000002,62,1,100,100,17,62,206596.62542581558
1779,-58.55000000000002,62,1,100,100,17,62,206715.42133760452
1780,-58.55000000000002,62,1,100,100,17,62,206850.2612168789
1781,-63.80000000000002,62,1,100,96,12,62,206988.10002541542
1782,-58.55000000000002,62,1,100,100,17,62,207116.75621533394
1783,-58.55000000000002,62,1,100,100,17,62,207236.31083917618
1784,-58.55000000000002,62,1,100,100,17,62,207358.74111104012
1785,-58.55000000000002,62,1,100,100,17,62,207479.46046447754
1786,-58.55000000000002,62,1,100,100,17,62,207595.06800460815
1787,-58.55000000000002,62,1,100,100,17,62,207713.06501293182
1788,-58.55000000000002,62,1,100,100,17,62,207830.61585593224
1789,-58.55000000000002,62,1,100,100,17,62,207953.81172537804
1790,-58.55000000000002,62,1,100,100,17,62,208079.90481424332
1791,-58.55000000000002,62,1,100,100,17,62,208198.3957514763
1792,-58.55000000000002,62,1,100,100,17,62,208322.72959399223
1793,-58.55000000000002,62,1,100,100,17,62,208443.29776906967
1794,-58.55000000000002,62,1,100,100,17,62,208563.44782161713
1795,-58.55000000000002,62,1,100,100,17,62,208681.55585193634
1796,-58.55000000000002,62,1,100,100,17,62,208799.55001044273
1797,-58.55000000000002,62,1,100,100,17,62,208925.97979712486
1798,-58.55000000000002,62,1,100,100,17,62,209049.7856450081
1799,-58.55000000000002,62,1,100,100,17,62,209190.1297454834
1800,-58.55000000000002,62,1,100,100,17,62,209322.6726887226
1801,-58.55000000000002,62,1,100,100,17,62,209444.61409139633
1802,-58.55000000000002,62,1,100,100,17,62,209561.4436519146
1803,-58.55000000000002,62,1,100,100,17,62,209687.05942726135
1804,-58.55000000000002,62,1,100,100,17,62,209809.82851147652
1805,-58.55000000000002,62,1,100,100,17,62,209929.09421730042
1806,-58.55000000000002,62,1,100,100,17,62,210050.90474390984
1807,-58.55000000000002,62,1,100,100,17,62,210170.21027755737
1808,-58.55000000000002,62,1,100,100,17,62,210308.40649557114
1809,-58.55000000000002,62,1,100,100,17,62,210433.69003605843
1810,-58.55000000000002,62,1,100,100,17,62,210559.23812556267
1811,-58.55000000000002,62,1,100,100,17,62,210679.6272907257
1812,-58.55000000000002,62,1,100,100,17,62,210808.44114518166
1813,-58.55000000000002,62,1,100,100,17,62,210935.36614370346
1814,-58.55000000000002,62,1,100,100,17,62,211051.86229395866
1815,-58.55000000000002,62,1,100,100,17,62,211169.5621726513
1816,-58.55000000000002,62,1,100,100,17,62,211295.00445342064
1817,-58.55000000000002,62,1,100,100,17,62,211416.26557016373
1818,-58.55000000000002,62,1,100,100,17,62,211538.37745070457
1819,-58.55000000000002,62,1,100,100,17,62,211660.98644256592
1820,-58.55000000000002,62,1,100,100,17,62,211780.78307557106
1821,-58.55000000000002,62,1,100,100,17,62,211902.4805958271
1822,-58.55000000000002,62,1,100,100,17,62,212036.13233971596
1823,-58.55000000000002,62,1,100,100,17,62,212170.2327132225
1824,-58.55000000000002,62,1,100,100,17,62,212286.1684908867
1825,-58.55000000000002,62,1,100,100,17,62,212410.91790485382
1826,-58.55000000000002,62,1,100,100,17,62,212528.7162950039
1827,-58.55000000000002,62,1,100,100,17,62,212660.10300064087
1828,-58.55000000000002,62,1,100,100,17,62,212778.16277217865
1829,-58.55000000000002,62,1,100,100,17,62,212901.43930101395
1830,-58.55000000000002,62,1,100,100,17,62,213024.06946063042
1831,-58.55000000000002,62,1,100,100,17,62,213144.40513539314
1832,-58.55000000000002,62,1,100,100,17,62,213265.5874900818
1833,-58.55000000000002,62,1,100,100,17,62,213384.14106822014
1834,-58.55000000000002,62,1,100,100,17,62,213501.24164056778
1835,-58.55000000000002,62,1,100,100,17,62,213618.78848862648
1836,-58.55000000000002,62,1,100,100,17,62,213749.57149910927
1837,-58.55000000000002,62,1,100,100,17,62,213888.1402065754
1838,-58.55000000000002,62,1,100,100,17,62,214005.2787284851
1839,-58.55000000000002,62,1,100,100,17,62,214130.71100592613
1840,-58.55000000000002,62,1,100,100,17,62,214256.6902923584
1841,-58.55000000000002,62,1,100,100,17,62,214389.49562311172
1842,-58.55000000000002,62,1,100,100,17,62,214505.09765934944
1843,-58.55000000000002,62,1,100,100,17,62,214627.04565382004
1844,-58.55000000000002,62,1,100,100,17,62,214746.5538623333
1845,-58.55000000000002,62,1,100,100,17,62,214879.88820576668
1846,-58.55000000000002,62,1,100,100,17,62,214996.0828204155
1847,-58.55000000000002,62,1,100,100,17,62,215113.9043519497
1848,-58.55000000000002,62,1,100,100,17,62,215231.44939994812
1849,-58.55000000000002,62,1,100,100,17,62,215354.95023345947
1850,-58.55000000000002,62,1,100,100,17,62,215472.58934807777
1851,-58.55000000000002,62,1,100,100,17,62,215595.90259456635
1852,-58.55000000000002,62,1,100,100,17,62,215712.97449445724
1853,-58.55000000000002,62,1,100,100,17,62,215829.620773077
1854,-58.55000000000002,62,1,100,100,17,62,215960.57215619087
1855,-58.55000000000002,62,1,100,100,17,62,216080.58883619308
1856,-58.55000000000002,62,1,100,100,17,62,216195.68001008034
1857,-58.55000000000002,62,1,100,100,17,62,216314.06089186668
1858,-58.55000000000002,62,1,100,100,17,62,216441.58546590805
1859,-58.55000000000002,62,1,100,100,17,62,216562.51365113258
1860,-58.55000000000002,62,1,100,100,17,62,216685.14100670815
1861,-58.55000000000002,62,1,100,100,17,62,216801.2251420021
1862,-58.55000000000002,62,1,100,100,17,62,216920.3298549652
1863,-58.55000000000002,62,1,100,100,17,62,217041.47427010536
1864,-58.55000000000002,62,1,100,100,17,62,217159.07890701294
1865,-58.55000000000002,62,1,100,100,17,62,217295.54546189308
1866,-58.55000000000002,62,1,100,100,17,62,217415.17227506638
1867,-58.55000000000002,62,1,100,100,17,62,217540.80301475525
1868,-58.55000000000002,62,1,100,100,17,62,217660.13160133362
1869,-58.55000000000002,62,1,100,100,17,62,217781.37632346153
1870,-58.55000000000002,62,1,100,100,17,62,217896.44349861145
1871,-58.55000000000002,62,1,100,100,17,62,218017.2922604084
1872,-58.55000000000002,62,1,100,100,17,62,218139.3947980404
1873,-58.55000000000002,62,1,100,100,17,62,218257.26445126534
1874,-58.55000000000002,62,1,100,100,17,62,218374.1741938591
1875,-58.55000000000002,62,1,100,100,17,62,218498.98906826973
1876,-58.55000000000002,62,1,100,100,17,62,218621.02081370354
1877,-58.55000000000002,62,1,100,100,17,62,218749.07216000557
1878,-58.55000000000002,62,1,100,100,17,62,218866.9643216133
1879,-58.55000000000002,62,1,100,100,17,62,218981.38583540916
1880,-58.55000000000002,62,1,100,100,17,62,219096.09581661224
1881,-58.55000000000002,62,1,100,100,17,62,219223.0307018757
1882,-58.55000000000002,62,1,100,100,17,62,219340.53287696838
1883,-58.55000000000002,62,1,100,100,17,62,219461.11521148682
1884,-58.55000000000002,62,1,100,100,17,62,219578.74567317963
1885,-58.55000000000002,62,1,100,100,17,62,219696.67861318588
1886,-58.55000000000002,62,1,100,100,17,62,219819.4349975586
1887,-58.55000000000002,62,1,100,100,17,62,219938.2785844803
1888,-58.55000000000002,62,1,100,100,17,62,220054.70522665977
1889,-58.55000000000002,62,1,100,100,17,62,220175.51601839066
1890,-58.55000000000002,62,1,100,100,17,62,220308.93436837196
1891,-58.55000000000002,62,1,100,100,17,62,220440.067568779
1892,-58.55000000000002,62,1,100,100,17,62,220577.07218146324
1893,-58.55000000000002,62,1,100,100,17,62,220694.87946391106
1894,-58.55000000000002,62,1,100,100,17,62,220814.3963289261
1895,-58.55000000000002,62,1,100,100,17,62,220938.2002272606
1896,-58.55000000000002,62,1,100,100,17,62,221057.90441131592
1897,-58.55000000000002,62,1,100,100,17,62,221178.5516383648
1898,-58.55000000000002,62,1,100,100,17,62,221295.98320102692
1899,-58.55000000000002,62,1,100,100,17,62,221413.74150323868
1900,-58.55000000000002,62,1,100,100,17,62,221541.94770908356
1901,-58.55000000000002,62,1,100,100,17,62,221666.6992893219
1902,-58.55000000000002,62,1,100,100,17,62,221784.11001110077
1903,-58.55000000000002,62,1,100,100,17,62,221912.39207959175
1904,-58.55000000000002,62,1,100,100,17,62,222038.3013048172
1905,-58.55000000000002,62,1,100,100,17,62,222171.29682326317
1906,-58.55000000000002,62,1,100,100,17,62,222299.241304636
1907,-58.55000000000002,62,1,100,100,17,62,222421.46440458298
1908,-58.55000000000002,62,1,100,100,17,62,222541.0378730297
1909,-58.55000000000002,62,1,100,100,17,62,222682.4709084034
1910,-58.55000000000002,62,1,100,100,17,62,222823.2051808834
1911,-58.55000000000002,62,1,100,100,17,62,222943.97281241417
1912,-58.55000000000002,62,1,100,100,17,62,223069.56555700302
1913,-58.55000000000002,62,1,100,100,17,62,223191.08332300186
1914,-58.55000000000002,62,1,100,100,17,62,223313.8772263527
1915,-58.55000000000002,62,1,100,100,17,62,223433.92614293098
1916,-58.55000000000002,62,1,100,100,17,62,223559.3620622158
1917,-58.55000000000002,62,1,100,100,17,62,223683.5973587036
1918,-58.55000000000002,62,1,100,100,17,62,223811.93591213226
1919,-58.55000000000002,62,1,100,100,17,62,223934.70343995094
1920,-58.55000000000002,62,1,100,100,17,62,224059.39004015923
1921,-66.00000000000003,62,1,100,93,24,62,224185.90965509415
1922,-72.55000000000001,62,1,100,98,33,62,224297.24162578583
1923,-77.55,62,1,100,96,29,62,224401.941665411
1924,-65.85000000000001,62,1,100,99,27,62,224520.01039123535
1925,-67.9,62,1,100,99,26,62,224638.8004949093
1926,-63.40000000000001,62,1,100,96,20,62,224767.44753837585
1927,-63.15000000000001,62,1,100,97,25,62,224885.78909635544
1928,-58.55000000000002,62,1,100,100,17,62,225029.25036382675
1929,-63.45000000000002,62,1,100,97,19,62,225153.9814836979
1930,-63.40000000000003,62,1,100,96,20,62,225273.32069253922
1931,-58.55000000000002,62,1,100,100,17,62,225408.21248435974
1932,-58.55000000000002,62,1,100,100,17,62,225546.209284544
1933,-58.55000000000002,62,1,100,100,17,62,225673.48919725418
1934,-58.55000000000002,62,1,100,100,17,62,225794.7771127224
1935,-64.55000000000001,62,1,100,97,17,62,225915.9041442871
1936,-58.55000000000002,62,1,100,100,17,62,226046.87821245193
1937,-58.55000000000002,62,1,100,100,17,62,226190.55580973625
1938,-63.45000000000002,62,1,100,97,19,62,226313.01246857643
1939,-58.55000000000002,62,1,100,100,17,62,226434.37499976158
1940,-58.55000000000002,62,1,100,100,17,62,226575.19282269478
1941,-58.55000000000002,62,1,100,100,17,62,226705.1513223648
1942,-58.55000000000002,62,1,100,100,17,62,226832.1013906002
1943,-58.55000000000002,62,1,100,100,17,62,226953.8908932209
1944,-58.55000000000002,62,1,100,100,17,62,227083.9757142067
1945,-58.55000000000002,62,1,100,100,17,62,227217.3234140873
1946,-58.55000000000002,62,1,100,100,17,62,227353.83936166763
1947,-58.55000000000002,62,1,100,100,17,62,227476.9336938858
1948,-58.55000000000002,62,1,100,100,17,62,227598.01759195328
1949,-58.55000000000002,62,1,100,100,17,62,227728.81670117378
1950,-58.55000000000002,62,1,100,100,17,62,227872.3924393654
1951,-58.55000000000002,62,1,100,100,17,62,227994.85906028748
1952,-58.55000000000002,62,1,100,100,17,62,228115.46329164505
1953,-58.55000000000002,62,1,100,100,17,62,228243.97188043594
1954,-58.55000000000002,62,1,100,100,17,62,228371.07831597328
1955,-58.55000000000002,62,1,100,100,17,62,228492.42729854584
1956,-58.55000000000002,62,1,100,100,17,62,228631.74652385712
1957,-58.55000000000002,62,1,100,100,17,62,228759.1847629547
1958,-58.55000000000002,62,1,100,100,17,62,228881.91455245018
1959,-58.55000000000002,62,1,100,100,17,62,229006.56842947006
1960,-58.55000000000002,62,1,100,100,17,62,229128.8441543579
1961,-58.55000000000002,62,1,100,100,17,62,229264.0785729885
1962,-58.55000000000002,62,1,100,100,17,62,229381.8683001995
1963,-58.55000000000002,62,1,100,100,17,62,229502.86947703362
1964,-58.55000000000002,62,1,100,100,17,62,229623.7681031227
1965,-58.55000000000002,62,1,100,100,17,62,229747.93272662163
1966,-58.55000000000002,62,1,100,100,17,62,229867.54662156105
1967,-58.55000000000002,62,1,100,100,17,62,229990.5996878147
1968,-58.55000000000002,62,1,100,100,17,62,230122.83125662804
1969,-58.55000000000002,62,1,100,100,17,62,230243.67720723152
1970,-58.55000000000002,62,1,100,100,17,62,230381.19541740417
1971,-58.55000000000002,62,1,100,100,17,62,230509.00853180885
1972,-58.55000000000002,62,1,100,100,17,62,230631.66803908348
1973,-58.55000000000002,62,1,100,100,17,62,230758.61097931862
1974,-58.55000000000002,62,1,100,100,17,62,230887.47654891014
1975,-58.55000000000002,62,1,100,100,17,62,231011.05083918571
1976,-58.55000000000002,62,1,100,100,17,62,231143.42004156113
1977,-58.55000000000002,62,1,100,100,17,62,231265.98901867867
1978,-58.55000000000002,62,1,100,100,17,62,231408.45626449585
1979,-58.55000000000002,62,1,100,100,17,62,231537.2294409275
1980,-58.55000000000002,62,1,100,100,17,62,231660.06480169296
1981,-66.25000000000001,62,1,100,97,23,62,231777.97781157494
1982,-58.55000000000002,62,1,100,100,17,62,231903.71804261208
1983,-58.55000000000002,62,1,100,100,17,62,232027.64030647278
1984,-58.55000000000002,62,1,100,100,17,62,232149.71138501167
1985,-58.55000000000002,62,1,100,100,17,62,232284.29950857162
1986,-58.55000000000002,62,1,100,100,17,62,232405.1974606514
1987,-58.55000000000002,62,1,100,100,17,62,232528.71801829338
1988,-58.55000000000002,62,1,100,100,17,62,232655.06266903877
1989,-58.55000000000002,62,1,100,100,17,62,232776.16093111038
1990,-58.55000000000002,62,1,100,100,17,62,232897.0521941185
1991,-58.55000000000002,62,1,100,100,17,62,233018.15870404243
1992,-68.9,62,1,100,96,18,62,233147.37964582443
1993,-104.14999999999999,62,1,100,97,17,62,233294.12443637848
1994,-58.55000000000002,62,1,100,100,17,62,233415.60601234436
1995,-58.55000000000002,62,1,100,100,17,62,233546.60793542862
1996,-58.55000000000002,62,1,100,100,17,62,233673.11982250214
1997,-74.19999999999999,62,1,100,98,20,62,233811.80179429054
1998,-58.55000000000002,62,1,100,100,17,62,233940.5939593315
1999,-58.55000000000002,62,1,100,100,17,62,234073.8572924137
2000,-58.55000000000002,62,1,100,99,17,62,234199.20780563354
2001,-63.100000000000016,62,1,100,98,18,62,234321.28679442406
2002,-58.55000000000002,62,1,100,100,17,62,234451.94046878815
2003,-58.55000000000002,62,1,100,100,17,62,234574.20138692856
2004,-58.55000000000002,62,1,100,100,17,62,234705.09295511246
2005,-58.55000000000002,62,1,100,100,17,62,234826.64130592346
2006,-58.55000000000002,62,1,100,100,17,62,234959.85988736153
2007,-58.55000000000002,62,1,100,100,17,62,235081.89042115211
2008,-58.55000000000002,62,1,100,100,17,62,235208.1186797619
2009,-58.55000000000002,62,1,100,100,17,62,235335.61032056808
2010,-62.650000000000006,62,1,100,100,23,62,235459.5895204544
2011,-58.55000000000002,62,1,100,100,17,62,235592.67316532135
2012,-58.55000000000002,62,1,100,100,17,62,235716.41514015198
2013,-58.55000000000002,62,1,100,100,17,62,235841.0916776657
2014,-58.55000000000002,62,1,100,100,17,62,235968.17992281914
2015,-58.55000000000002,62,1,100,100,17,62,236091.7627286911
2016,-58.55000000000002,62,1,100,100,17,62,236213.91181230545
2017,-58.55000000000002,62,1,100,100,17,62,236342.79980564117
2018,-58.55000000000002,62,1,100,100,17,62,236465.425896883
2019,-64.35000000000002,62,1,100,97,21,62,236588.63126397133
2020,-58.55000000000002,62,1,100,100,17,62,236710.60735607147
2021,-58.55000000000002,62,1,100,100,17,62,236832.79156327248
2022,-58.55000000000002,62,1,100,100,17,62,236963.21567344666
2023,-58.55000000000002,62,1,100,100,17,62,237090.2224047184
2024,-58.55000000000002,62,1,100,100,17,62,237218.5713918209
2025,-58.55000000000002,62,1,100,100,17,62,237344.55610990524
2026,-58.55000000000002,62,1,100,100,17,62,237465.8204176426
2027,-58.55000000000002,62,1,100,100,17,62,237590.53910255432
2028,-58.55000000000002,62,1,100,100,17,62,237726.37839126587
2029,-58.55000000000002,62,1,100,100,17,62,237857.30587506294
2030,-58.55000000000002,62,1,100,100,17,62,237979.07852387428
2031,-58.55000000000002,62,1,100,100,17,62,238134.49150800705
2032,-58.55000000000002,62,1,100,100,17,62,238264.54462456703
2033,-58.55000000000002,62,1,100,100,17,62,238386.84943580627
2034,-58.55000000000002,62,1,100,100,17,62,238520.5677549839
2035,-58.55000000000002,62,1,100,100,17,62,238646.9763698578
2036,-58.55000000000002,62,1,100,100,17,62,238778.376765728
2037,-58.55000000000002,62,1,100,100,17,62,238923.1852068901
2038,-58.55000000000002,62,1,100,100,17,62,239050.29959392548
2039,-58.55000000000002,62,1,100,100,17,62,239177.23176407814
2040,-58.55000000000002,62,1,100,100,17,62,239303.97384262085
2041,-58.55000000000002,62,1,100,100,17,62,239427.53384447098
2042,-58.55000000000002,62,1,100,100,17,62,239557.22802591324
2043,-58.55000000000002,62,1,100,100,17,62,239691.94837903976
2044,-58.55000000000002,62,1,100,100,17,62,239814.21991205215
2045,-58.55000000000002,62,1,100,100,17,62,239958.3428351879
2046,-58.55000000000002,62,1,100,100,17,62,240084.9048986435
2047,-58.55000000000002,62,1,100,100,17,62,240215.5934677124
2048,-58.55000000000002,62,1,100,100,17,62,240337.77741360664
2049,-58.55000000000002,62,1,100,100,17,62,240470.0483894348
2050,-58.55000000000002,62,1,100,100,17,62,240601.76875448227
2051,-58.55000000000002,62,1,100,100,17,62,240730.83168649673
2052,-58.55000000000002,62,1,100,100,17,62,240852.9532456398
2053,-58.55000000000002,62,1,100,100,17,62,240977.036788702
2054,-58.55000000000002,62,1,100,100,17,62,241107.1849682331
2055,-58.55000000000002,62,1,100,100,17,62,241231.32929706573
2056,-58.55000000000002,62,1,100,100,17,62,241355.9541068077
2057,-58.55000000000002,62,1,100,100,17,62,241483.76355433464
2058,-58.55000000000002,62,1,100,100,17,62,241608.3036532402
2059,-58.55000000000002,62,1,100,100,17,62,241735.644197464
2060,-58.55000000000002,62,1,100,100,17,62,241860.0889697075
2061,-58.55000000000002,62,1,100,100,17,62,241985.04307746887
2062,-58.55000000000002,62,1,100,100,17,62,242114.54318404198
2063,-58.55000000000002,62,1,100,100,17,62,242276.02148008347
2064,-58.55000000000002,62,1,100,100,17,62,242405.6202533245
2065,-58.55000000000002,62,1,100,100,17,62,242537.80199217796
2066,-58.55000000000002,62,1,100,100,17,62,242668.7628133297
2067,-58.55000000000002,62,1,100,100,17,62,242791.4874997139
2068,-58.55000000000002,62,1,100,100,17,62,242935.71612858772
2069,-58.55000000000002,62,1,100,100,17,62,243062.04358315468
2070,-58.55000000000002,62,1,100,100,17,62,243192.7450749874
2071,-58.55000000000002,62,1,100,100,17,62,243321.0147588253
2072,-58.55000000000002,62,1,100,100,17,62,243458.1011455059
2073,-58.55000000000002,62,1,100,100,17,62,243584.705606699
2074,-58.55000000000002,62,1,100,100,17,62,243710.48747181892
2075,-58.55000000000002,62,1,100,100,17,62,243837.90013575554
2076,-58.55000000000002,62,1,100,100,17,62,243963.22611141205
2077,-58.55000000000002,62,1,100,100,17,62,244087.9585928917
2078,-58.55000000000002,62,1,100,100,17,62,244223.5887863636
2079,-58.55000000000002,62,1,100,100,17,62,244346.52896261215
2080,-58.55000000000002,62,1,100,100,17,62,244467.88035273552
2081,-58.55000000000002,62,1,100,100,17,62,244617.04275250435
2082,-58.55000000000002,62,1,100,100,17,62,244739.02362060547
2083,-58.55000000000002,62,1,100,100,17,62,244869.46708154678
2084,-58.55000000000002,62,1,100,100,17,62,244994.36603808403
2085,-58.55000000000002,62,1,100,100,17,62,245117.81974935532
2086,-58.55000000000002,62,1,100,100,17,62,245256.34071159363
2087,-58.55000000000002,62,1,100,100,17,62,245378.4291331768
2088,-58.55000000000002,62,1,100,100,17,62,245502.13114333153
2089,-58.55000000000002,62,1,100,100,17,62,245629.59273719788
2090,-58.55000000000002,62,1,100,100,17,62,245755.34008026123
2091,-58.55000000000002,62,1,100,100,17,62,245879.25778841972
2092,-58.55000000000002,62,1,100,100,17,62,246001.41976976395
2093,-58.55000000000002,62,1,100,100,17,62,246125.051748991
2094,-58.55000000000002,62,1,100,100,17,62,246248.1015164852
2095,-58.55000000000002,62,1,100,100,17,62,246381.85603880882
2096,-58.55000000000002,62,1,100,100,17,62,246504.3823325634
2097,-58.55000000000002,62,1,100,100,17,62,246629.0850083828
2098,-58.55000000000002,62,1,100,100,17,62,246756.03927373886
2099,-58.55000000000002,62,1,100,100,17,62,246879.4814300537
2100,-58.55000000000002,62,1,100,100,17,62,247002.84499192238
2101,-58.55000000000002,62,1,100,100,17,62,247132.19801592827
2102,-58.55000000000002,62,1,100,100,17,62,247255.85167956352
2103,-58.55000000000002,62,1,100,100,17,62,247377.90210461617
2104,-58.55000000000002,62,1,100,100,17,62,247508.47302269936
2105,-58.55000000000002,62,1,100,100,17,62,247633.96982717514
2106,-58.55000000000002,62,1,100,100,17,62,247758.49282169342
2107,-58.55000000000002,62,1,100,100,17,62,247900.8058204651
2108,-58.55000000000002,62,1,100,100,17,62,248025.89599061012
2109,-58.55000000000002,62,1,100,100,17,62,248148.4763197899
2110,-58.55000000000002,62,1,100,100,17,62,248273.7032313347
2111,-58.55000000000002,62,1,100,100,17,62,248416.4456653595
2112,-58.55000000000002,62,1,100,100,17,62,248539.3446471691
2113,-58.55000000000002,62,1,100,100,17,62,248667.22337722778
2114,-58.55000000000002,62,1,100,100,17,62,248795.45913100243
2115,-58.55000000000002,62,1,100,100,17,62,248927.33966493607
2116,-58.55000000000002,62,1,100,100,17,62,249050.57119178772
2117,-58.55000000000002,62,1,100,100,17,62,249172.12492632866
2118,-58.55000000000002,62,1,100,100,17,62,249298.22918748856
2119,-58.55000000000002,62,1,100,100,17,62,249426.56735181808
2120,-58.55000000000002,62,1,100,100,17,62,249558.06029224396
2121,-58.55000000000002,62,1,100,100,17,62,249690.15933680534
2122,-58.55000000000002,62,1,100,100,17,62,249813.3056895733
2123,-58.55000000000002,62,1,100,100,17,62,249942.97630357742
2124,-58.55000000000002,62,1,100,100,17,62,250066.06114029884
2125,-58.55000000000002,62,1,100,100,17,62,250191.12158489227
2126,-58.55000000000002,62,1,100,100,17,62,250314.22256994247
2127,-58.55000000000002,62,1,100,100,17,62,250443.57281017303
2128,-58.55000000000002,62,1,100,100,17,62,250574.35866379738
2129,-58.55000000000002,62,1,100,100,17,62,250714.4681301117
2130,-58.55000000000002,62,1,100,100,17,62,250837.0923640728
2131,-58.55000000000002,62,1,100,100,17,62,250959.30716204643
2132,-58.55000000000002,62,1,100,100,17,62,251088.8836171627
2133,-58.55000000000002,62,1,100,100,17,62,251232.63892889023
2134,-58.55000000000002,62,1,100,100,17,62,251357.42374944687
2135,-58.55000000000002,62,1,100,100,17,62,251488.63277482986
2136,-58.55000000000002,62,1,100,100,17,62,251634.09311580658
2137,-58.55000000000002,62,1,100,100,17,62,251783.6840379238
2138,-58.55000000000002,62,1,100,100,17,62,251943.76526260376
2139,-58.55000000000002,62,1,100,100,17,62,252081.9619307518
2140,-58.55000000000002,62,1,100,100,17,62,252215.82065153122
2141,-58.55000000000002,62,1,100,100,17,62,252350.11756038666
2142,-58.55000000000002,62,1,100,100,17,62,252504.94697618484
2143,-58.55000000000002,62,1,100,100,17,62,252650.55878663063
2144,-58.55000000000002,62,1,100,100,17,62,252782.38487243652
2145,-58.55000000000002,62,1,100,100,17,62,252920.91476464272
2146,-58.55000000000002,62,1,100,100,17,62,253071.23981189728
2147,-58.55000000000002,62,1,100,100,17,62,253218.12924957275
2148,-58.55000000000002,62,1,100,100,17,62,253362.68405628204
2149,-58.55000000000002,62,1,100,100,17,62,253496.74303293228
2150,-58.55000000000002,62,1,100,100,17,62,253636.75653743744
2151,-58.55000000000002,62,1,100,100,17,62,253768.32703328133
2152,-58.55000000000002,62,1,100,100,17,62,253907.84541845322
2153,-58.55000000000002,62,1,100,100,17,62,254058.72001624107
2154,-58.55000000000002,62,1,100,100,17,62,254201.28616952896
2155,-58.55000000000002,62,1,100,100,17,62,254350.35822343826
2156,-58.55000000000002,62,1,100,100,17,62,254489.76649951935
2157,-58.55000000000002,62,1,100,100,17,62,254625.0232744217
2158,-58.55000000000002,62,1,100,100,17,62,254753.34230422974
2159,-58.55000000000002,62,1,100,100,17,62,254892.7003443241
2160,-58.55000000000002,62,1,100,100,17,62,255034.5322344303
2161,-58.55000000000002,62,1,100,100,17,62,255178.9429769516
2162,-58.55000000000002,62,1,100,100,17,62,255317.7928931713
2163,-58.55000000000002,62,1,100,100,17,62,255459.18469667435
2164,-58.55000000000002,62,1,100,100,17,62,255603.4846868515
2165,-58.55000000000002,62,1,100,100,17,62,255747.79664993286
2166,-58.55000000000002,62,1,100,100,17,62,255896.44575071335
2167,-58.55000000000002,62,1,100,100,17,62,256033.1600522995
2168,-58.55000000000002,62,1,100,100,17,62,256195.31562685966
2169,-58.55000000000002,62,1,100,100,17,62,256336.73224139214
2170,-58.55000000000002,62,1,100,100,17,62,256468.40514731407
2171,-58.55000000000002,62,1,100,100,17,62,256606.03602790833
2172,-58.55000000000002,62,1,100,100,17,62,256734.16752147675
2173,-58.55000000000002,62,1,100,100,17,62,256859.32068800926
2174,-58.55000000000002,62,1,100,100,17,62,257000.8303847313
2175,-58.55000000000002,62,1,100,100,17,62,257144.42256236076
2176,-58.55000000000002,62,1,100,100,17,62,257291.35963749886
2177,-58.55000000000002,62,1,100,100,17,62,257469.10565805435
2178,-58.55000000000002,62,1,100,100,17,62,257616.35179376602
2179,-58.55000000000002,62,1,100,100,17,62,257768.02068185806
2180,-58.55000000000002,62,1,100,100,17,62,257917.54544568062
2181,-58.55000000000002,62,1,100,100,17,62,258056.55223107338
2182,-58.55000000000002,62,1,100,100,17,62,258197.1004972458
2183,-58.55000000000002,62,1,100,100,17,62,258344.18763279915
2184,-58.55000000000002,62,1,100,100,17,62,258497.09143209457
2185,-58.55000000000002,62,1,100,100,17,62,258648.9779150486
2186,-58.55000000000002,62,1,100,100,17,62,258801.59091377258
2187,-58.55000000000002,62,1,100,100,17,62,258959.40756702423
2188,-58.55000000000002,62,1,100,100,17,62,259122.18407344818
2189,-58.55000000000002,62,1,100,100,17,62,259308.90110898018
2190,-58.55000000000002,62,1,100,100,17,62,259463.70828080177
2191,-58.55000000000002,62,1,100,100,17,62,259621.92264294624
2192,-58.55000000000002,62,1,100,100,17,62,259771.26435041428
2193,-58.55000000000002,62,1,100,100,17,62,259949.3269789219
2194,-58.55000000000002,62,1,100,100,17,62,260093.07223320007
2195,-58.55000000000002,62,1,100,100,17,62,260232.80548214912
2196,-58.55000000000002,62,1,100,100,17,62,260369.66944479942
2197,-58.55000000000002,62,1,100,100,17,62,260523.83153176308
2198,-58.55000000000002,62,1,100,100,17,62,260675.53755831718
2199,-58.55000000000002,62,1,100,100,17,62,260814.7863459587
2200,-58.55000000000002,62,1,100,100,17,62,260953.40625166893
2201,-58.55000000000002,62,1,100,100,17,62,261092.0972044468
2202,-58.55000000000002,62,1,100,100,17,62,261233.2135705948
2203,-58.55000000000002,62,1,100,100,17,62,261375.1019089222
2204,-58.55000000000002,62,1,100,100,17,62,261506.95354151726
2205,-58.55000000000002,62,1,100,100,17,62,261636.22571897507
2206,-58.55000000000002,62,1,100,100,17,62,261795.54327106476
2207,-58.55000000000002,62,1,100,100,17,62,261933.3849158287
2208,-58.55000000000002,62,1,100,100,17,62,262072.3674645424
2209,-58.55000000000002,62,1,100,100,17,62,262219.1072347164
2210,-58.55000000000002,62,1,100,100,17,62,262358.99579286575
2211,-58.55000000000002,62,1,100,100,17,62,262498.523788929
2212,-58.55000000000002,62,1,100,100,17,62,262635.56599879265
2213,-58.55000000000002,62,1,100,100,17,62,262770.77948880196
2214,-58.55000000000002,62,1,100,100,17,62,262907.74658870697
2215,-58.55000000000002,62,1,100,100,17,62,263045.93901371956
2216,-58.55000000000002,62,1,100,100,17,62,263192.07503914833
2217,-58.55000000000002,62,1,100,100,17,62,263343.4130477905
2218,-58.55000000000002,62,1,100,100,17,62,263483.3749804497
2219,-58.55000000000002,62,1,100,100,17,62,263618.3798856735
2220,-58.55000000000002,62,1,100,100,17,62,263743.7185459137
2221,-58.55000000000002,62,1,100,100,17,62,263874.3825800419
2222,-58.55000000000002,62,1,100,100,17,62,264008.6603639126
2223,-58.55000000000002,62,1,100,100,17,62,264146.7097597122
2224,-58.55000000000002,62,1,100,100,17,62,264300.90604901314
2225,-58.55000000000002,62,1,100,100,17,62,264440.5533053875
2226,-58.55000000000002,62,1,100,100,17,62,264586.4085111618
2227,-58.55000000000002,62,1,100,100,17,62,264719.5652844906
2228,-58.55000000000002,62,1,100,100,17,62,264858.5819644928
2229,-58.55000000000002,62,1,100,100,17,62,265008.41412878036
2230,-58.55000000000002,62,1,100,100,17,62,265150.89898109436
2231,-58.55000000000002,62,1,100,100,17,62,265286.0800640583
2232,-58.55000000000002,62,1,100,100,17,62,265422.32580304146
2233,-58.55000000000002,62,1,100,100,17,62,265578.6777613163
2234,-58.55000000000002,62,1,100,100,17,62,265731.2621753216
2235,-58.55000000000002,62,1,100,100,17,62,265873.2209239006
2236,-58.55000000000002,62,1,100,100,17,62,266027.2070362568
2237,-58.55000000000002,62,1,100,100,17,62,266182.68582844734
2238,-58.55000000000002,62,1,100,100,17,62,266317.4273235798
2239,-58.55000000000002,62,1,100,100,17,62,266456.6273982525
2240,-58.55000000000002,62,1,100,100,17,62,266595.94804000854
2241,-58.55000000000002,62,1,100,100,17,62,266736.460221529
2242,-58.55000000000002,62,1,100,100,17,62,266881.16989278793
2243,-58.55000000000002,62,1,100,100,17,62,267018.2783443928
2244,-58.55000000000002,62,1,100,100,17,62,267171.14825701714
2245,-58.55000000000002,62,1,100,100,17,62,267312.4339258671
2246,-58.55000000000002,62,1,100,100,17,62,267457.93168854713
2247,-58.55000000000002,62,1,100,100,17,62,267601.57715559006
2248,-58.55000000000002,62,1,100,100,17,62,267734.5026986599
2249,-58.55000000000002,62,1,100,100,17,62,267873.5805606842
2250,-66.65,62,1,100,97,27,62,267990.6227455139
2251,-63.250000000000014,62,1,100,96,23,62,268135.93625187874
2252,-58.55000000000002,62,1,100,100,17,62,268275.2706847191
2253,-58.55000000000002,62,1,100,100,17,62,268409.59009075165
2254,-58.55000000000002,62,1,100,100,17,62,268547.5336894989
2255,-58.55000000000002,62,1,100,100,17,62,268687.4985573292
2256,-58.55000000000002,62,1,100,100,17,62,268826.2457728386
2257,-58.55000000000002,62,1,100,100,17,62,268973.4064152241
2258,-58.55000000000002,62,1,100,100,17,62,269115.04133987427
2259,-58.55000000000002,62,1,100,100,17,62,269240.9219882488
2260,-58.55000000000002,62,1,100,100,17,62,269366.14131212234
2261,-58.55000000000002,62,1,100,100,17,62,269489.6129899025
2262,-58.55000000000002,62,1,100,99,17,62,269612.18982315063
2263,-58.55000000000002,62,1,100,100,17,62,269729.57777142525
2264,-58.55000000000002,62,1,100,100,17,62,269848.8699362278
2265,-58.55000000000002,62,1,100,100,17,62,269971.4278533459
2266,-58.55000000000002,62,1,100,100,17,62,270092.41232061386
2267,-58.55000000000002,62,1,100,100,17,62,270212.1441643238
2268,-58.55000000000002,62,1,100,100,17,62,270330.1711509228
2269,-63.250000000000014,62,1,100,97,23,62,270450.4670102596
2270,-58.55000000000002,62,1,100,100,17,62,270575.4287891388
2271,-58.55000000000002,62,1,100,100,17,62,270700.39758348465
2272,-58.55000000000002,62,1,100,100,17,62,270818.94252991676
2273,-58.55000000000002,62,1,100,100,17,62,270939.11641049385
2274,-58.55000000000002,62,1,100,100,17,62,271060.2025074959
2275,-58.55000000000002,62,1,100,100,17,62,271179.8914113045
2276,-58.55000000000002,62,1,100,100,17,62,271303.5197060108
2277,-58.55000000000002,62,1,100,100,17,62,271420.8811943531
2278,-58.55000000000002,62,1,100,100,17,62,271542.70856904984
2279,-58.55000000000002,62,1,100,100,17,62,271661.08150315285
2280,-58.55000000000002,62,1,100,100,17,62,271780.16621375084
2281,-58.55000000000002,62,1,100,100,17,62,271899.6093826294
2282,-58.55000000000002,62,1,100,100,17,62,272018.7020266056
2283,-58.55000000000002,62,1,100,100,17,62,272140.8669576645
2284,-58.55000000000002,62,1,100,100,17,62,272259.7055735588
2285,-58.55000000000002,62,1,100,100,17,62,272378.2491862774
2286,-58.55000000000002,62,1,100,100,17,62,272499.2572157383
2287,-58.55000000000002,62,1,100,100,17,62,272650.7622997761
2288,-58.55000000000002,62,1,100,100,17,62,272772.26711797714
2289,-58.55000000000002,62,1,100,100,17,62,272905.56208491325
2290,-58.55000000000002,62,1,100,100,17,62,273030.4221904278
2291,-58.55000000000002,62,1,100,100,17,62,273149.170907259
2292,-58.55000000000002,62,1,100,100,17,62,273277.9348423481
2293,-58.55000000000002,62,1,100,100,17,62,273397.0513458252
2294,-58.55000000000002,62,1,100,100,17,62,273515.85785365105
2295,-58.55000000000002,62,1,100,100,17,62,273634.7580933571
2296,-58.55000000000002,62,1,100,100,17,62,273753.12253522873
2297,-58.55000000000002,62,1,100,100,17,62,273877.3876404762
2298,-58.55000000000002,62,1,100,100,17,62,273994.2632713318
2299,-58.55000000000002,62,1,100,100,17,62,274114.1638634205
2300,-58.55000000000002,62,1,100,100,17,62,274230.57603883743
2301,-58.55000000000002,62,1,100,100,17,62,274361.9514939785
2302,-58.55000000000002,62,1,100,100,17,62,274485.10172486305
2303,-58.55000000000002,62,1,100,100,17,62,274616.930546999
2304,-58.55000000000002,62,1,100,100,17,62,274736.3342101574
2305,-58.55000000000002,62,1,100,100,17,62,274855.5973069668
2306,-58.55000000000002,62,1,100,100,17,62,274980.1391170025
2307,-58.55000000000002,62,1,100,100,17,62,275103.51052451134
2308,-58.55000000000002,62,1,100,100,17,62,275221.54709482193
2309,-58.55000000000002,62,1,100,100,17,62,275338.59870171547
2310,-58.55000000000002,62,1,100,100,17,62,275458.0179514885
2311,-58.55000000000002,62,1,100,100,17,62,275574.14370679855
2312,-58.55000000000002,62,1,100,100,17,62,275693.1086256504
2313,-58.55000000000002,62,1,100,100,17,62,275815.5454463959
2314,-58.55000000000002,62,1,100,100,17,62,275933.7823038101
2315,-58.55000000000002,62,1,100,100,17,62,276056.1782436371
2316,-58.55000000000002,62,1,100,100,17,62,276177.8737182617
2317,-58.55000000000002,62,1,100,100,17,62,276298.8630666733
2318,-58.55000000000002,62,1,100,100,17,62,276416.52964258194
2319,-58.55000000000002,62,1,100,100,17,62,276554.0279595852
2320,-58.55000000000002,62,1,100,100,17,62,276676.91706490517
2321,-58.55000000000002,62,1,100,100,17,62,276801.850427866
2322,-58.55000000000002,62,1,100,100,17,62,276919.5983226299
2323,-58.55000000000002,62,1,100,100,17,62,277034.9447555542
2324,-58.55000000000002,62,1,100,100,17,62,277157.9850759506
2325,-58.55000000000002,62,1,100,100,17,62,277275.8674147129
2326,-58.55000000000002,62,1,100,100,17,62,277397.36603212357
2327,-58.55000000000002,62,1,100,100,17,62,277514.7753279209
2328,-58.55000000000002,62,1,100,100,17,62,277636.46948719025
2329,-58.55000000000002,62,1,100,100,17,62,277755.54628896713
2330,-58.55000000000002,62,1,100,100,17,62,277895.99659109116
2331,-58.55000000000002,62,1,100,100,17,62,278013.3014404774
2332,-58.55000000000002,62,1,100,100,17,62,278130.7432935238
2333,-58.55000000000002,62,1,100,100,17,62,278258.45346426964
2334,-58.55000000000002,62,1,100,100,17,62,278375.1873641014
2335,-58.55000000000002,62,1,100,100,17,62,278491.06014966965
2336,-58.55000000000002,62,1,100,100,17,62,278613.50523257256
2337,-58.55000000000002,62,1,100,100,17,62,278733.3780901432
2338,-58.55000000000002,62,1,100,100,17,62,278852.33532476425
2339,-58.55000000000002,62,1,100,100,17,62,278970.95544981956
2340,-58.55000000000002,62,1,100,100,17,62,279093.1827163696
2341,-58.55000000000002,62,1,100,100,17,62,279207.5071032047
2342,-58.55000000000002,62,1,100,100,17,62,279325.4611122608
2343,-58.55000000000002,62,1,100,100,17,62,279446.4391262531
2344,-58.55000000000002,62,1,100,100,17,62,279563.9323937893
2345,-58.55000000000002,62,1,100,100,17,62,279696.7429974079
2346,-58.55000000000002,62,1,100,100,17,62,279815.12490200996
2347,-58.55000000000002,62,1,100,100,17,62,279943.2635757923
2348,-58.55000000000002,62,1,100,100,17,62,280070.4121899605
2349,-58.55000000000002,62,1,100,100,17,62,280193.7445077896
2350,-58.55000000000002,62,1,100,100,17,62,280311.4177660942
2351,-58.55000000000002,62,1,100,100,17,62,280440.8822238445
2352,-58.55000000000002,62,1,100,100,17,62,280571.57970285416
2353,-58.55000000000002,62,1,100,100,17,62,280687.8005185127
2354,-58.55000000000002,62,1,100,100,17,62,280813.885150671
2355,-58.55000000000002,62,1,100,100,17,62,280930.7972743511
2356,-58.55000000000002,62,1,100,100,17,62,281058.22239112854
2357,-58.55000000000002,62,1,100,100,17,62,281191.4984602928
2358,-58.55000000000002,62,1,100,100,17,62,281310.96485996246
2359,-63.45000000000002,62,1,100,97,19,62,281434.71737647057
2360,-58.55000000000002,62,1,100,100,17,62,281560.6370010376
2361,-58.55000000000002,62,1,100,100,17,62,281688.6046025753
2362,-58.55000000000002,62,1,100,100,17,62,281805.95607995987
2363,-58.55000000000002,62,1,100,100,17,62,281922.8106136322
2364,-58.55000000000002,62,1,100,100,17,62,282040.03975486755
2365,-58.55000000000002,62,1,100,100,17,62,282163.6047940254
2366,-58.55000000000002,62,1,100,100,17,62,282291.4980573654
2367,-58.55000000000002,62,1,100,100,17,62,282411.4935770035
2368,-58.55000000000002,62,1,100,100,17,62,282525.7819600105
2369,-58.55000000000002,62,1,100,100,17,62,282651.89587950706
2370,-58.55000000000002,62,1,100,100,17,62,282772.1834628582
2371,-58.55000000000002,62,1,100,100,17,62,282892.53209877014
2372,-58.55000000000002,62,1,100,100,17,62,283016.5948064327
2373,-58.55000000000002,62,1,100,100,17,62,283131.14581155777
2374,-58.55000000000002,62,1,100,100,17,62,283263.38020944595
2375,-58.55000000000002,62,1,100,100,17,62,283390.6550421715
2376,-58.55000000000002,62,1,100,100,17,62,283535.78468227386
2377,-58.55000000000002,62,1,100,100,17,62,283656.8498775959
2378,-58.55000000000002,62,1,100,100,17,62,283773.36630153656
2379,-58.55000000000002,62,1,100,100,17,62,283892.88162112236
2380,-58.55000000000002,62,1,100,100,17,62,284018.0652291775
2381,-58.55000000000002,62,1,100,100,17,62,284141.6614203453
2382,-58.55000000000002,62,1,100,100,17,62,284259.2164223194
2383,-58.55000000000002,62,1,100,100,17,62,284379.9029185772
2384,-58.55000000000002,62,1,100,100,17,62,284511.0754880905
2385,-58.55000000000002,62,1,100,100,17,62,284634.85034155846
2386,-58.55000000000002,62,1,100,100,17,62,284752.13784241676
2387,-58.55000000000002,62,1,100,100,17,62,284881.8730082512
2388,-58.55000000000002,62,1,100,100,17,62,285000.70542120934
2389,-58.55000000000002,62,1,100,100,17,62,285124.9744284153
2390,-58.55000000000002,62,1,100,100,17,62,285244.66882944107
2391,-58.55000000000002,62,1,100,100,17,62,285359.0981037617
2392,-58.55000000000002,62,1,100,100,17,62,285485.93826651573
2393,-58.55000000000002,62,1,100,100,17,62,285628.8387093544
2394,-58.55000000000002,62,1,100,100,17,62,285746.0581943989
2395,-58.55000000000002,62,1,100,100,17,62,285862.307993412
2396,-58.55000000000002,62,1,100,100,17,62,285979.2701294422
2397,-58.55000000000002,62,1,100,100,17,62,286104.7640082836
2398,-58.55000000000002,62,1,100,100,17,62,286249.3345384598
2399,-58.55000000000002,62,1,100,100,17,62,286399.2344582081
2400,-58.55000000000002,62,1,100,100,17,62,286519.39925050735
2401,-58.55000000000002,62,1,100,100,17,62,286645.5327348709
2402,-58.55000000000002,62,1,100,100,17,62,286767.21007466316
2403,-58.55000000000002,62,1,100,100,17,62,286882.7839138508
2404,-58.55000000000002,62,1,100,100,17,62,287000.42359900475
2405,-58.55000000000002,62,1,100,100,17,62,287123.9306087494
2406,-58.55000000000002,62,1,100,100,17,62,287240.2459652424
2407,-58.55000000000002,62,1,100,100,17,62,287358.60584044456
2408,-58.55000000000002,62,1,100,100,17,62,287475.66043901443
2409,-58.55000000000002,62,1,100,100,17,62,287606.725669384
2410,-58.55000000000002,62,1,100,100,17,62,287721.76933145523
2411,-58.55000000000002,62,1,100,100,17,62,287848.2686946392
2412,-58.55000000000002,62,1,100,100,17,62,287967.6792871952
2413,-58.55000000000002,62,1,100,100,17,62,288082.90464425087
2414,-58.55000000000002,62,1,100,100,17,62,288199.1611094475
2415,-65.20000000000003,62,1,100,98,24,62,288311.90887236595
2416,-58.55000000000002,62,1,100,100,17,62,288434.75921702385
2417,-58.55000000000002,62,1,100,100,17,62,288557.38955545425
2418,-58.55000000000002,62,1,100,100,17,62,288675.11393141747
2419,-58.55000000000002,62,1,100,100,17,62,288800.49698090553
2420,-58.55000000000002,62,1,100,100,17,62,288943.20411658287
2421,-58.55000000000002,62,1,100,100,17,62,289062.2392246723
2422,-58.55000000000002,62,1,100,100,17,62,289182.1765990257
2423,-58.55000000000002,62,1,100,100,17,62,289298.13730835915
2424,-58.55000000000002,62,1,100,100,17,62,289419.56065034866
2425,-58.55000000000002,62,1,100,100,17,62,289540.5869669914
2426,-58.55000000000002,62,1,100,100,17,62,289669.6155731678
2427,-58.55000000000002,62,1,100,100,17,62,289785.54393577576
2428,-58.55000000000002,62,1,100,100,17,62,289903.57385349274
2429,-58.55000000000002,62,1,100,100,17,62,290027.2068386078
2430,-58.55000000000002,62,1,100,100,17,62,290156.14432287216
2431,-58.55000000000002,62,1,100,100,17,62,290282.5516898632
2432,-58.55000000000002,62,1,100,100,17,62,290400.8600370884
2433,-58.55000000000002,62,1,100,100,17,62,290517.2330160141
2434,-58.55000000000002,62,1,100,100,17,62,290636.9489681721
2435,-58.55000000000002,62,1,100,100,17,62,290760.2320344448
2436,-58.55000000000002,62,1,100,100,17,62,290884.10814881325
2437,-58.55000000000002,62,1,100,100,17,62,291002.10492658615
2438,-58.55000000000002,62,1,100,100,17,62,291125.0914142132
2439,-58.55000000000002,62,1,100,100,17,62,291252.3478565216
2440,-58.55000000000002,62,1,100,100,17,62,291367.29854249954
2441,-58.55000000000002,62,1,100,100,17,62,291483.49082159996
2442,-58.55000000000002,62,1,100,100,17,62,291599.1689105034
2443,-58.55000000000002,62,1,100,100,17,62,291716.4413328171
2444,-58.55000000000002,62,1,100,100,17,62,291841.18315577507
2445,-67.55000000000004,62,1,100,96,25,62,291954.44356536865
2446,-58.55000000000002,62,1,100,100,17,62,292072.7219693661
2447,-58.55000000000002,62,1,100,100,17,62,292193.6385910511
2448,-58.55000000000002,62,1,100,100,17,62,292316.3364753723
2449,-58.55000000000002,62,1,100,100,17,62,292448.7535135746
2450,-58.55000000000002,62,1,100,100,17,62,292572.3289318085
2451,-58.55000000000002,62,1,100,100,17,62,292690.37944960594
2452,-58.55000000000002,62,1,100,100,17,62,292807.8075413704
2453,-58.55000000000002,62,1,100,100,17,62,292925.76142168045
2454,-58.55000000000002,62,1,100,100,17,62,293054.4104039669
2455,-58.55000000000002,62,1,100,100,17,62,293171.4441523552
2456,-58.55000000000002,62,1,100,100,17,62,293287.8669812679
2457,-58.55000000000002,62,1,100,100,17,62,293410.9550900459
2458,-58.55000000000002,62,1,100,100,17,62,293543.32443118095
2459,-58.55000000000002,62,1,100,100,17,62,293664.5222249031
2460,-58.55000000000002,62,1,100,100,17,62,293781.12732052803
2461,-58.55000000000002,62,1,100,100,17,62,293905.6167705059
2462,-58.55000000000002,62,1,100,100,17,62,294044.5413482189
2463,-58.55000000000002,62,1,100,100,17,62,294165.0962946415
2464,-58.55000000000002,62,1,100,100,17,62,294282.97058296204
2465,-58.55000000000002,62,1,100,100,17,62,294425.0768382549
2466,-58.55000000000002,62,1,100,100,17,62,294545.6859354973
2467,-58.55000000000002,62,1,100,100,17,62,294681.2724747658
2468,-58.55000000000002,62,1,100,100,17,62,294802.5631330013
2469,-58.55000000000002,62,1,100,100,17,62,294916.89473843575
2470,-58.55000000000002,62,1,100,100,17,62,295033.9758756161
2471,-58.55000000000002,62,1,100,100,17,62,295159.5776977539
2472,-58.55000000000002,62,1,100,100,17,62,295281.4328877926
2473,-58.55000000000002,62,1,100,100,17,62,295410.8416941166
2474,-58.55000000000002,62,1,100,100,17,62,295528.0154943466
2475,-58.55000000000002,62,1,100,100,17,62,295650.97801470757
2476,-58.55000000000002,62,1,100,100,17,62,295772.8119637966
2477,-58.55000000000002,62,1,100,100,17,62,295895.75845599174
2478,-58.55000000000002,62,1,100,100,17,62,296010.43940520287
2479,-58.55000000000002,62,1,100,100,17,62,296126.2402560711
2480,-58.55000000000002,62,1,100,100,17,62,296253.9016723633
2481,-58.55000000000002,62,1,100,100,17,62,296369.62805986404
2482,-58.55000000000002,62,1,100,100,17,62,296498.253395319
2483,-58.55000000000002,62,1,100,100,17,62,296613.5721540451
2484,-58.55000000000002,62,1,100,100,17,62,296729.03857183456
2485,-58.55000000000002,62,1,100,100,17,62,296842.31782603264
2486,-58.55000000000002,62,1,100,100,17,62,296963.82593631744
2487,-58.55000000000002,62,1,100,100,17,62,297080.08600878716
2488,-58.55000000000002,62,1,100,100,17,62,297205.81040143967
2489,-58.55000000000002,62,1,100,100,17,62,297322.53661346436
2490,-58.55000000000002,62,1,100,100,17,62,297441.1283047199
2491,-58.55000000000002,62,1,100,100,17,62,297561.6078970432
2492,-58.55000000000002,62,1,100,100,17,62,297679.1598393917
2493,-58.55000000000002,62,1,100,100,17,62,297796.8889224529
2494,-58.55000000000002,62,1,100,100,17,62,297925.37442827225
2495,-58.55000000000002,62,1,100,100,17,62,298043.88940548897
2496,-58.55000000000002,62,1,100,100,17,62,298162.3535912037
2497,-58.55000000000002,62,1,100,100,17,62,298280.5868947506
2498,-58.55000000000002,62,1,100,100,17,62,298401.7212662697
2499,-58.55000000000002,62,1,100,100,17,62,298517.11967110634
2500,-58.55000000000002,62,1,100,100,17,62,298640.6026995182
2501,-58.55000000000002,62,1,100,100,17,62,298762.81666493416
2502,-58.55000000000002,62,1,100,100,17,62,298884.41590952873
2503,-64.35000000000002,62,1,100,97,21,62,299015.91676831245
2504,-58.55000000000002,62,1,100,100,17,62,299137.9795434475
2505,-58.55000000000002,62,1,100,100,17,62,299264.11264276505
2506,-58.55000000000002,62,1,100,100,17,62,299379.3364934921
2507,-58.55000000000002,62,1,100,100,17,62,299502.61115550995
2508,-58.55000000000002,62,1,100,100,17,62,299624.31164193153
2509,-58.55000000000002,62,1,100,100,17,62,299745.91723895073
2510,-58.55000000000002,62,1,100,100,17,62,299861.3267352581
2511,-58.55000000000002,62,1,100,100,17,62,299981.3225154877
2512,-58.55000000000002,62,1,100,100,17,62,300097.7690625191
2513,-58.55000000000002,62,1,100,100,17,62,300213.054050684
2514,-58.55000000000002,62,1,100,100,17,62,300336.80860710144
2515,-58.55000000000002,62,1,100,100,17,62,300449.94963788986
2516,-58.55000000000002,62,1,100,100,17,62,300565.94794893265
2517,-58.55000000000002,62,1,100,100,17,62,300682.9388895035
2518,-58.55000000000002,62,1,100,100,17,62,300810.005068779
2519,-58.55000000000002,62,1,100,100,17,62,300926.82682561874
2520,-58.55000000000002,62,1,100,100,17,62,301049.0879840851
2521,-58.55000000000002,62,1,100,100,17,62,301177.8919181824
2522,-58.55000000000002,62,1,100,100,17,62,301321.3207075596
2523,-58.55000000000002,62,1,100,100,17,62,301437.74568486214
2524,-58.55000000000002,62,1,100,100,17,62,301551.70141744614
2525,-58.55000000000002,62,1,100,100,17,62,301673.4431259632
2526,-58.55000000000002,62,1,100,100,17,62,301787.5660536289
2527,-58.55000000000002,62,1,100,100,17,62,301902.1344230175
2528,-58.55000000000002,62,1,100,100,17,62,302020.3313071728
2529,-58.55000000000002,62,1,100,100,17,62,302141.3284082413
2530,-58.55000000000002,62,1,100,100,17,62,302261.6865270138
2531,-58.55000000000002,62,1,100,100,17,62,302398.4710595608
2532,-58.55000000000002,62,1,100,100,17,62,302517.9721405506
2533,-58.55000000000002,62,1,100,100,17,62,302633.0625486374
2534,-58.55000000000002,62,1,100,100,17,62,302757.2451853752
2535,-58.55000000000002,62,1,100,100,17,62,302896.49733543396
2536,-58.55000000000002,62,1,100,100,17,62,303014.14616942406
2537,-58.55000000000002,62,1,100,100,17,62,303135.0878739357
2538,-58.55000000000002,62,1,100,100,17,62,303249.32450151443
2539,-58.55000000000002,62,1,100,100,17,62,303365.3642718792
2540,-58.55000000000002,62,1,100,100,17,62,303500.292930603
2541,-58.55000000000002,62,1,100,100,17,62,303633.1397333145
2542,-58.55000000000002,62,1,100,100,17,62,303754.17178583145
2543,-58.55000000000002,62,1,100,100,17,62,303870.5435347557
2544,-58.55000000000002,62,1,100,100,17,62,303989.2701265812
2545,-58.55000000000002,62,1,100,100,17,62,304109.9423317909
2546,-58.55000000000002,62,1,100,100,17,62,304228.820622921
2547,-58.55000000000002,62,1,100,100,17,62,304349.0423769951
2548,-58.55000000000002,62,1,100,100,17,62,304466.0405828953
2549,-58.55000000000002,62,1,100,100,17,62,304588.57282328606
2550,-58.55000000000002,62,1,100,100,17,62,304723.12379193306
2551,-58.55000000000002,62,1,100,100,17,62,304841.47400069237
2552,-58.55000000000002,62,1,100,100,17,62,304964.04802012444
2553,-58.55000000000002,62,1,100,100,17,62,305080.83983516693
2554,-58.55000000000002,62,1,100,100,17,62,305197.05853533745
2555,-58.55000000000002,62,1,100,100,17,62,305322.2065310478
2556,-58.55000000000002,62,1,100,100,17,62,305439.8113205433
2557,-58.55000000000002,62,1,100,100,17,62,305557.20048236847
2558,-58.55000000000002,62,1,100,100,17,62,305679.1933608055
2559,-58.55000000000002,62,1,100,100,17,62,305802.4015376568
2560,-58.55000000000002,62,1,100,100,17,62,305918.28334879875
2561,-58.55000000000002,62,1,100,100,17,62,306034.86309456825
2562,-58.55000000000002,62,1,100,100,17,62,306154.94354987144
2563,-58.55000000000002,62,1,100,100,17,62,306272.79765462875
2564,-58.55000000000002,62,1,100,100,17,62,306395.4190647602
2565,-58.55000000000002,62,1,100,100,17,62,306511.8054115772
2566,-58.55000000000002,62,1,100,100,17,62,306630.1264472008
2567,-58.55000000000002,62,1,100,100,17,62,306754.218483448
2568,-58.55000000000002,62,1,100,100,17,62,306883.9574472904
2569,-58.55000000000002,62,1,100,100,17,62,307022.2134625912
2570,-58.55000000000002,62,1,100,100,17,62,307137.6004872322
2571,-58.55000000000002,62,1,100,100,17,62,307252.8775589466
2572,-58.55000000000002,62,1,100,100,17,62,307379.1570417881
2573,-58.55000000000002,62,1,100,100,17,62,307512.1892898083
2574,-58.55000000000002,62,1,100,100,17,62,307629.4947516918
2575,-58.55000000000002,62,1,100,100,17,62,307749.35565423965
2576,-58.55000000000002,62,1,100,100,17,62,307887.4880461693
2577,-58.55000000000002,62,1,100,100,17,62,308004.91533994675
2578,-58.55000000000002,62,1,100,100,17,62,308147.87183713913
2579,-58.55000000000002,62,1,100,100,17,62,308263.61044096947
2580,-58.55000000000002,62,1,100,100,17,62,308397.63554930687
2581,-58.55000000000002,62,1,100,100,17,62,308517.72958540916
2582,-58.55000000000002,62,1,100,100,17,62,308638.96285295486
2583,-58.55000000000002,62,1,100,100,17,62,308756.50859618187
2584,-58.55000000000002,62,1,100,100,17,62,308877.1031098366
2585,-58.55000000000002,62,1,100,100,17,62,309002.3364856243
2586,-58.55000000000002,62,1,100,100,17,62,309124.28075766563
2587,-58.55000000000002,62,1,100,100,17,62,309254.1223182678
2588,-58.55000000000002,62,1,100,100,17,62,309371.95925974846
2589,-58.55000000000002,62,1,100,100,17,62,309492.33950710297
2590,-58.55000000000002,62,1,100,100,17,62,309613.919775486
2591,-58.55000000000002,62,1,100,100,17,62,309730.3551981449
2592,-58.55000000000002,62,1,100,100,17,62,309846.96089315414
2593,-58.55000000000002,62,1,100,100,17,62,309974.57529592514
2594,-58.55000000000002,62,1,100,100,17,62,310092.0663719177
2595,-87.60000000000002,62,1,100,65,24,62,310177.0168352127
2596,-58.55000000000002,62,1,100,100,17,62,310294.1591567993
2597,-58.55000000000002,62,1,100,100,17,62,310420.577116251
2598,-58.55000000000002,62,1,100,100,17,62,310538.39231801033
2599,-58.55000000000002,62,1,100,100,17,62,310661.99575662613
2600,-58.55000000000002,62,1,100,100,17,62,310786.1917338371
2601,-58.55000000000002,62,1,100,100,17,62,310905.95327305794
2602,-58.55000000000002,62,1,100,100,17,62,311024.84621310234
2603,-58.55000000000002,62,1,100,100,17,62,311146.11490797997
2604,-58.55000000000002,62,1,100,100,17,62,311270.7966661453
2605,-58.55000000000002,62,1,100,100,17,62,311386.6295888424
2606,-58.55000000000002,62,1,100,100,17,62,311504.29806137085
2607,-58.55000000000002,62,1,100,100,17,62,311622.94087815285
2608,-58.55000000000002,62,1,100,100,17,62,311741.4432237148
2609,-58.55000000000002,62,1,100,100,17,62,311860.2198278904
2610,-58.55000000000002,62,1,100,100,17,62,311980.98973989487
2611,-66.15000000000002,62,1,100,99,21,62,312096.0601494312
2612,-63.40000000000002,62,1,100,96,20,62,312215.91677737236
2613,-58.55000000000002,62,1,100,100,17,62,312336.2286288738
2614,-58.55000000000002,62,1,100,99,17,62,312455.70190119743
2615,-58.55000000000002,62,1,100,100,17,62,312573.37603378296
2616,-58.55000000000002,62,1,100,100,17,62,312697.531719923
2617,-58.55000000000002,62,1,100,100,17,62,312830.1399374008
2618,-58.55000000000002,62,1,100,100,17,62,312958.06384801865
2619,-58.55000000000002,62,1,100,100,17,62,313085.55842900276
2620,-58.55000000000002,62,1,100,100,17,62,313204.8951969147
2621,-58.55000000000002,62,1,100,100,17,62,313324.61896777153
2622,-102.79999999999998,62,1,100,100,12,62,313486.0395076275
2624,-89.64999999999996,62,1,100,100,11,62,313780.6904091835
2625,-67.35,62,1,100,100,17,62,313910.89943027496
2626,-58.55000000000002,62,1,100,100,17,62,314031.5774586201
2627,-58.55000000000002,62,1,100,100,17,62,314168.1479353905
2628,-58.55000000000002,62,1,100,100,17,62,314302.19082665443
2629,-58.55000000000002,62,1,100,100,17,62,314426.2003631592
2630,-58.55000000000002,62,1,100,100,17,62,314556.70057082176
2631,-58.55000000000002,62,1,100,100,17,62,314674.28359150887
2632,-58.55000000000002,62,1,100,100,17,62,314790.10106015205
2633,-58.55000000000002,62,1,100,100,17,62,314905.5579497814
2634,-58.55000000000002,62,1,100,100,17,62,315021.26971912384
2635,-58.55000000000002,62,1,100,100,17,62,315135.7394962311
2636,-58.55000000000002,62,1,100,100,17,62,315249.76520466805
2637,-58.55000000000002,62,1,100,100,17,62,315363.9563765526
2638,-58.55000000000002,62,1,100,100,17,62,315478.5616159439
2639,-58.55000000000002,62,1,100,100,17,62,315593.7163081169
2640,-58.55000000000002,62,1,100,100,17,62,315709.686457634
2641,-58.55000000000002,62,1,100,100,17,62,315826.1404387951
2642,-58.55000000000002,62,1,100,100,17,62,315945.74850702286
2643,-58.55000000000002,62,1,100,100,17,62,316062.30156087875
2644,-58.55000000000002,62,1,100,100,17,62,316175.46575284004
2645,-58.55000000000002,62,1,100,100,17,62,316283.88010406494
2646,-58.55000000000002,62,1,100,100,17,62,316389.2592186928
2647,-58.55000000000002,62,1,100,100,17,62,316492.4668684006
2648,-58.55000000000002,62,1,100,100,17,62,316594.6534821987
2649,-58.55000000000002,62,1,100,100,17,62,316697.76400208473
2650,-58.55000000000002,62,1,100,100,17,62,316803.58725500107
2651,-58.55000000000002,62,1,100,100,17,62,316905.7305622101
2652,-58.55000000000002,62,1,100,100,17,62,317009.0800769329
2653,-58.55000000000002,62,1,100,100,17,62,317111.58169817924
2654,-58.55000000000002,62,1,100,100,17,62,317213.8518047333
2655,-58.55000000000002,62,1,100,100,17,62,317318.0046055317
2656,-58.55000000000002,62,1,100,100,17,62,317420.04589414597
2657,-58.55000000000002,62,1,100,100,17,62,317528.25674915314
2658,-58.55000000000002,62,1,100,100,17,62,317644.05874085426
2659,-58.55000000000002,62,1,100,100,17,62,317759.2913081646
2660,-58.55000000000002,62,1,100,100,17,62,317879.39055895805
2661,-58.55000000000002,62,1,100,100,17,62,317995.9620168209
2662,-58.55000000000002,62,1,100,100,17,62,318108.59704613686
2663,-58.55000000000002,62,1,100,100,17,62,318216.8169808388
2664,-64.55000000000001,62,1,100,97,17,62,318320.19614601135
2665,-58.55000000000002,62,1,100,100,17,62,318419.56235432625
2666,-58.55000000000002,62,1,100,100,17,62,318529.4314324856
2667,-58.55000000000002,62,1,100,100,17,62,318632.47159171104
2668,-58.55000000000002,62,1,100,100,17,62,318736.7201721668
2669,-63.100000000000016,62,1,100,98,18,62,318837.9103653431
2670,-58.55000000000002,62,1,100,100,17,62,318935.64212322235
2671,-58.55000000000002,62,1,100,100,17,62,319034.17485260963
2672,-58.55000000000002,62,1,100,100,17,62,319133.3796842098
2673,-58.55000000000002,62,1,100,100,17,62,319239.99292850494
2674,-58.55000000000002,62,1,100,100,17,62,319348.9927845001
2675,-58.55000000000002,62,1,100,100,17,62,319456.9109404087
2676,-58.55000000000002,62,1,100,100,17,62,319559.3536801338
2677,-58.55000000000002,62,1,100,100,17,62,319662.0124795437
2678,-58.55000000000002,62,1,100,100,17,62,319781.42584848404
2679,-63.100000000000016,62,1,100,96,18,62,319896.05086660385
2680,-58.55000000000002,62,1,100,100,17,62,320016.75017380714
2681,-58.55000000000002,62,1,100,100,17,62,320126.04121541977
2682,-58.55000000000002,62,1,100,100,17,62,320238.02273607254
2683,-58.55000000000002,62,1,100,100,17,62,320351.9555978775
2684,-58.55000000000002,62,1,100,100,17,62,320466.9569385052
2685,-58.55000000000002,62,1,100,100,17,62,320576.8265302181
2686,-58.55000000000002,62,1,100,100,17,62,320686.3182723522
2687,-58.55000000000002,62,1,100,100,17,62,320788.2208414078
2688,-58.55000000000002,62,1,100,100,17,62,320899.53335785866
2689,-58.55000000000002,62,1,100,100,17,62,321000.6365926266
2690,-58.55000000000002,62,1,100,100,17,62,321099.26089572906
2691,-58.55000000000002,62,1,100,100,17,62,321199.28023958206
2692,-58.55000000000002,62,1,100,100,17,62,321298.78850340843
2693,-58.55000000000002,62,1,100,100,17,62,321397.07789993286
2694,-58.55000000000002,62,1,100,100,17,62,321496.0051267147
2695,-58.55000000000002,62,1,100,100,17,62,321595.8280174732
2696,-58.55000000000002,62,1,100,100,17,62,321693.52548360825
2697,-58.55000000000002,62,1,100,100,17,62,321791.97977137566
2698,-58.55000000000002,62,1,100,100,17,62,321890.04541397095
2699,-58.55000000000002,62,1,100,100,17,62,321990.69525146484
2700,-58.55000000000002,62,1,100,100,17,62,322089.510471344
2701,-58.55000000000002,62,1,100,100,17,62,322186.1377840042
2702,-58.55000000000002,62,1,100,100,17,62,322285.2938709259
2703,-58.55000000000002,62,1,100,100,17,62,322386.8036558628
2704,-58.55000000000002,62,1,100,100,17,62,322485.15339779854
2705,-58.55000000000002,62,1,100,100,17,62,322583.8770618439
2706,-58.55000000000002,62,1,100,100,17,62,322681.02408003807
2707,-58.55000000000002,62,1,100,100,17,62,322777.2834870815
2708,-58.55000000000002,62,1,100,100,17,62,322875.5451347828
2709,-58.55000000000002,62,1,100,100,17,62,322980.0728931427
2710,-58.55000000000002,62,1,100,100,17,62,323093.0204899311
2711,-58.55000000000002,62,1,100,100,17,62,323202.80069565773
2712,-58.55000000000002,62,1,100,100,17,62,323313.93593096733
2713,-58.55000000000002,62,1,100,100,17,62,323426.94377470016
2714,-58.55000000000002,62,1,100,100,17,62,323528.7196652889
2715,-58.55000000000002,62,1,100,100,17,62,323626.2580361366
2716,-58.55000000000002,62,1,100,100,17,62,323724.03503775597
2717,-58.55000000000002,62,1,100,100,17,62,323821.4453673363
2718,-58.55000000000002,62,1,100,100,17,62,323918.3826761246
2719,-58.55000000000002,62,1,100,100,17,62,324017.5304534435
2720,-58.55000000000002,62,1,100,100,17,62,324118.8168795109
2721,-58.55000000000002,62,1,100,100,17,62,324217.24405670166
2722,-58.55000000000002,62,1,100,100,17,62,324317.14691352844
2723,-58.55000000000002,62,1,100,100,17,62,324417.0122592449
2724,-58.55000000000002,62,1,100,100,17,62,324518.2815859318
2725,-58.55000000000002,62,1,100,100,17,62,324618.0283129215
2726,-58.55000000000002,62,1,100,100,17,62,324716.2310516834
2727,-58.55000000000002,62,1,100,100,17,62,324813.8980770111
2728,-58.55000000000002,62,1,100,100,17,62,324912.7006561756
2729,-58.55000000000002,62,1,100,100,17,62,325010.207454443
2730,-58.55000000000002,62,1,100,100,17,62,325107.48900675774
2731,-58.55000000000002,62,1,100,100,17,62,325205.3360455036
2732,-58.55000000000002,62,1,100,100,17,62,325300.32640337944
2733,-58.55000000000002,62,1,100,100,17,62,325396.5923938751
2734,-58.55000000000002,62,1,100,100,17,62,325494.21687078476
2735,-58.55000000000002,62,1,100,100,17,62,325593.32167458534
2736,-58.55000000000002,62,1,100,100,17,62,325692.6530659199
2737,-58.55000000000002,62,1,100,100,17,62,325793.02868914604
2738,-58.55000000000002,62,1,100,100,17,62,325892.9561829567
2739,-58.55000000000002,62,1,100,100,17,62,325988.994017601
2740,-58.55000000000002,62,1,100,100,17,62,326083.70105314255
2741,-58.55000000000002,62,1,100,100,17,62,326181.43681907654
2742,-62.750000000000014,62,1,100,100,21,62,326274.3619418144
2743,-58.55000000000002,62,1,100,100,17,62,326372.7305366993
2744,-58.55000000000002,62,1,100,100,17,62,326471.3394832611
2745,-58.55000000000002,62,1,100,100,17,62,326568.75995874405
2746,-58.55000000000002,62,1,100,100,17,62,326671.14716148376
2747,-58.55000000000002,62,1,100,100,17,62,326768.2349655628
2748,-58.55000000000002,62,1,100,100,17,62,326868.0371339321
2749,-58.55000000000002,62,1,100,100,17,62,326966.1591615677
2750,-58.55000000000002,62,1,100,100,17,62,327061.50014948845
2751,-58.55000000000002,62,1,100,100,17,62,327157.5760910511
2752,-58.55000000000002,62,1,100,100,17,62,327256.5644466877
2753,-58.55000000000002,62,1,100,100,17,62,327353.8945760727
2754,-58.55000000000002,62,1,100,100,17,62,327448.67217826843
2755,-58.55000000000002,62,1,100,100,17,62,327544.6934084892
2756,-58.55000000000002,62,1,100,100,17,62,327640.3053114414
2757,-58.55000000000002,62,1,100,100,17,62,327737.3974504471
2758,-65.20000000000003,62,1,100,98,24,62,327832.38844943047
2759,-58.55000000000002,62,1,100,100,17,62,327930.8324794769
2760,-58.55000000000002,62,1,100,100,17,62,328029.29164743423
2761,-58.55000000000002,62,1,100,100,17,62,328126.15718483925
2762,-58.55000000000002,62,1,100,100,17,62,328224.23203110695
2763,-58.55000000000002,62,1,100,100,17,62,328321.5497980118
2764,-58.55000000000002,62,1,100,100,17,62,328420.3542277813
2765,-58.55000000000002,62,1,100,100,17,62,328517.8472197056
2766,-58.55000000000002,62,1,100,100,17,62,328617.6847579479
2767,-58.55000000000002,62,1,100,100,17,62,328716.95970249176
2768,-58.55000000000002,62,1,100,100,17,62,328817.825571537
2769,-58.55000000000002,62,1,100,100,17,62,328920.7343289852
2770,-58.55000000000002,62,1,100,100,17,62,329029.0268769264
2771,-58.55000000000002,62,1,100,100,17,62,329131.1021530628
2772,-58.55000000000002,62,1,100,100,17,62,329245.23176312447
2773,-58.55000000000002,62,1,100,100,17,62,329346.52439308167
2774,-58.55000000000002,62,1,100,100,17,62,329449.2229998112
2775,-58.55000000000002,62,1,100,100,17,62,329550.0288543701
2776,-58.55000000000002,62,1,100,100,17,62,329651.36777186394
2777,-58.55000000000002,62,1,100,100,17,62,329756.5527613163
2778,-58.55000000000002,62,1,100,100,17,62,329864.4150817394
2779,-58.55000000000002,62,1,100,100,17,62,329972.4575176239
2780,-58.55000000000002,62,1,100,100,17,62,330080.33562111855
2781,-58.55000000000002,62,1,100,100,17,62,330193.1214683056
2782,-58.55000000000002,62,1,100,100,17,62,330300.99390792847
2783,-58.55000000000002,62,1,100,100,17,62,330409.23287439346
2784,-58.55000000000002,62,1,100,100,17,62,330518.3529815674
2785,-58.55000000000002,62,1,100,100,17,62,330628.1388053894
2786,-58.55000000000002,62,1,100,100,17,62,330740.94150590897
2787,-58.55000000000002,62,1,100,100,17,62,330847.53263807297
2788,-58.55000000000002,62,1,100,100,17,62,330948.1716761589
2789,-58.55000000000002,62,1,100,100,17,62,331046.42282533646
2790,-58.55000000000002,62,1,100,100,17,62,331147.8907313347
2791,-58.55000000000002,62,1,100,100,17,62,331247.8481621742
2792,-58.55000000000002,62,1,100,100,17,62,331345.6818988323
2793,-58.55000000000002,62,1,100,100,17,62,331442.86804151535
2794,-58.55000000000002,62,1,100,100,17,62,331539.6053891182
2795,-58.55000000000002,62,1,100,100,17,62,331638.3520998955
2796,-58.55000000000002,62,1,100,100,17,62,331736.2848331928
2797,-58.55000000000002,62,1,100,100,17,62,331834.5523016453
2798,-58.55000000000002,62,1,100,100,17,62,331933.50705075264
2799,-58.55000000000002,62,1,100,100,17,62,332031.14872813225
2800,-58.55000000000002,62,1,100,100,17,62,332127.7667171955
2801,-58.55000000000002,62,1,100,100,17,62,332226.67668676376
2802,-58.55000000000002,62,1,100,100,17,62,332325.9535958767
2803,-58.55000000000002,62,1,100,100,17,62,332421.81156754494
2804,-58.55000000000002,62,1,100,100,17,62,332518.66619849205
2805,-58.55000000000002,62,1,100,100,17,62,332616.8497080803
2806,-58.55000000000002,62,1,100,100,17,62,332713.0235710144
2807,-58.55000000000002,62,1,100,100,17,62,332808.4034488201
2808,-58.55000000000002,62,1,100,100,17,62,332908.26746559143
2809,-58.55000000000002,62,1,100,100,17,62,333006.444139719
2810,-58.55000000000002,62,1,100,100,17,62,333104.7984883785
2811,-58.55000000000002,62,1,100,100,17,62,333204.53046393394
2812,-58.55000000000002,62,1,100,100,17,62,333302.04080080986
2813,-58.55000000000002,62,1,100,100,17,62,333400.92406344414
2814,-58.55000000000002,62,1,100,100,17,62,333498.80201792717
2815,-58.55000000000002,62,1,100,100,17,62,333597.92073464394
2816,-58.55000000000002,62,1,100,100,17,62,333696.039028883
2817,-58.55000000000002,62,1,100,100,17,62,333796.1337161064
2818,-58.55000000000002,62,1,100,100,17,62,333893.6114976406
2819,-58.55000000000002,62,1,100,100,17,62,333993.219445467
2820,-58.55000000000002,62,1,100,100,17,62,334090.8590121269
2821,-58.55000000000002,62,1,100,100,17,62,334188.24395895004
2822,-58.55000000000002,62,1,100,100,17,62,334286.8816590309
2823,-58.55000000000002,62,1,100,100,17,62,334385.8959493637
2824,-58.55000000000002,62,1,100,100,17,62,334484.4966571331
2825,-58.55000000000002,62,1,100,100,17,62,334582.9005396366
2826,-58.55000000000002,62,1,100,100,17,62,334682.3966124058
2827,-58.55000000000002,62,1,100,100,17,62,334780.6648504734
2828,-58.55000000000002,62,1,100,100,17,62,334877.785326004
2829,-58.55000000000002,62,1,100,100,17,62,334974.4242594242
2830,-58.55000000000002,62,1,100,100,17,62,335073.0285100937
2831,-58.55000000000002,62,1,100,100,17,62,335171.88150954247
2832,-58.55000000000002,62,1,100,100,17,62,335271.1453938484
2833,-58.55000000000002,62,1,100,100,17,62,335370.2998673916
2834,-58.55000000000002,62,1,100,100,17,62,335467.077524662
2835,-58.55000000000002,62,1,100,100,17,62,335565.4962975979
2836,-58.55000000000002,62,1,100,100,17,62,335664.23848199844
2837,-58.55000000000002,62,1,100,100,17,62,335762.2098476887
2838,-58.55000000000002,62,1,100,100,17,62,335860.619243145
2839,-63.100000000000016,62,1,100,98,18,62,335956.5101425648
2840,-63.100000000000016,62,1,100,98,18,62,336056.3828537464
2841,-58.55000000000002,62,1,100,100,17,62,336154.4293575287
2842,-58.55000000000002,62,1,100,100,17,62,336254.6332204342
2843,-58.55000000000002,62,1,100,100,17,62,336360.32606339455
2844,-58.55000000000002,62,1,100,100,17,62,336462.84879136086
2845,-58.55000000000002,62,1,100,100,17,62,336571.67572927475
2846,-58.55000000000002,62,1,100,100,17,62,336682.32274341583
2847,-58.55000000000002,62,1,100,100,17,62,336791.79351496696
2848,-58.55000000000002,62,1,100,100,17,62,336897.65897011757
2849,-58.55000000000002,62,1,100,100,17,62,337007.19043684006
2850,-58.55000000000002,62,1,100,100,17,62,337114.26243281364
2851,-58.55000000000002,62,1,100,100,17,62,337220.84131908417
2852,-58.55000000000002,62,1,100,100,17,62,337330.9159600735
2853,-58.55000000000002,62,1,100,100,17,62,337441.4452674389
2854,-58.55000000000002,62,1,100,100,17,62,337549.3376502991
2855,-58.55000000000002,62,1,100,100,17,62,337656.4821770191
2856,-58.55000000000002,62,1,100,100,17,62,337763.0289516449
2857,-58.55000000000002,62,1,100,100,17,62,337870.8291223049
2858,-58.55000000000002,62,1,100,100,17,62,337977.2307226658
2859,-58.55000000000002,62,1,100,100,17,62,338079.19034028053
2860,-58.55000000000002,62,1,100,100,17,62,338176.99697995186
2861,-58.55000000000002,62,1,100,100,17,62,338277.66628694534
2862,-58.55000000000002,62,1,100,100,17,62,338374.88046240807
2863,-58.55000000000002,62,1,100,100,17,62,338473.32835936546
2864,-58.55000000000002,62,1,100,100,17,62,338572.3097651005
2865,-58.55000000000002,62,1,100,100,17,62,338675.65884518623
2866,-58.55000000000002,62,1,100,100,17,62,338782.49315571785
2867,-58.55000000000002,62,1,100,100,17,62,338889.9543836117
2868,-58.55000000000002,62,1,100,100,17,62,338996.5861194134
2869,-58.55000000000002,62,1,100,100,17,62,339106.1009018421
2870,-58.55000000000002,62,1,100,100,17,62,339213.71634817123
2871,-58.55000000000002,62,1,100,100,17,62,339322.8966374397
2872,-58.55000000000002,62,1,100,100,17,62,339430.2579855919
2873,-58.55000000000002,62,1,100,100,17,62,339539.1570792198
2874,-58.55000000000002,62,1,100,100,17,62,339647.75898623466
2875,-58.55000000000002,62,1,100,100,17,62,339755.4987139702
2876,-58.55000000000002,62,1,100,100,17,62,339865.3855445385
2877,-58.55000000000002,62,1,100,100,17,62,339974.7213242054
2878,-58.55000000000002,62,1,100,100,17,62,340084.8108308315
2879,-58.55000000000002,62,1,100,100,17,62,340192.4832994938
2880,-58.55000000000002,62,1,100,100,17,62,340292.18654704094
2881,-58.55000000000002,62,1,100,100,17,62,340391.02418231964
2882,-58.55000000000002,62,1,100,100,17,62,340487.71240496635
2883,-58.55000000000002,62,1,100,100,17,62,340583.10824370384
2884,-58.55000000000002,62,1,100,100,17,62,340679.07275366783
2885,-58.55000000000002,62,1,100,100,17,62,340773.44365239143
2886,-58.55000000000002,62,1,100,100,17,62,340867.5356900692
2887,-58.55000000000002,62,1,100,100,17,62,340964.5375161171
2888,-58.55000000000002,62,1,100,100,17,62,341059.27430844307
2889,-58.55000000000002,62,1,100,100,17,62,341152.8574192524
2890,-58.55000000000002,62,1,100,100,17,62,341247.51395154
2891,-58.55000000000002,62,1,100,100,17,62,341344.4179313183
2892,-58.55000000000002,62,1,100,100,17,62,341440.6467576027
2893,-58.55000000000002,62,1,100,100,17,62,341539.52654242516
2894,-58.55000000000002,62,1,100,100,17,62,341638.8796019554
2895,-58.55000000000002,62,1,100,100,17,62,341740.00227975845
2896,-58.55000000000002,62,1,100,100,17,62,341840.94318914413
2897,-64.35000000000002,62,1,100,97,21,62,341939.4726831913
2898,-58.55000000000002,62,1,100,100,17,62,342037.7735514641
2899,-58.55000000000002,62,1,100,100,17,62,342135.4244008064
2900,-58.55000000000002,62,1,100,100,17,62,342232.78845000267
2901,-58.55000000000002,62,1,100,100,17,62,342330.7956237793
2902,-58.55000000000002,62,1,100,100,17,62,342430.35292196274
2903,-58.55000000000002,62,1,100,100,17,62,342529.5338642597
2904,-58.55000000000002,62,1,100,100,17,62,342629.7460310459
2905,-58.55000000000002,62,1,100,100,17,62,342727.00843048096
2906,-58.55000000000002,62,1,100,100,17,62,342824.35836958885
2907,-58.55000000000002,62,1,100,100,17,62,342921.8088507652
2908,-58.55000000000002,62,1,100,100,17,62,343020.71010684967
2909,-58.55000000000002,62,1,100,100,17,62,343118.2333521843
2910,-58.55000000000002,62,1,100,100,17,62,343217.41125154495
2911,-58.55000000000002,62,1,100,100,17,62,343312.8121829033
2912,-58.55000000000002,62,1,100,100,17,62,343408.010941267
2913,-58.55000000000002,62,1,100,100,17,62,343505.50961852074
2914,-58.55000000000002,62,1,100,100,17,62,343601.86278033257
2915,-58.55000000000002,62,1,100,100,17,62,343698.7633213997
2916,-58.55000000000002,62,1,100,100,17,62,343796.76214909554
2917,-58.55000000000002,62,1,100,100,17,62,343897.9800310135
2918,-58.55000000000002,62,1,100,100,17,62,344002.44212961197
2919,-58.55000000000002,62,1,100,100,17,62,344104.1505010128
2920,-58.55000000000002,62,1,100,100,17,62,344202.14024090767
2921,-58.55000000000002,62,1,100,100,17,62,344300.1563181877
2922,-58.55000000000002,62,1,100,100,17,62,344398.8617634773
2923,-58.55000000000002,62,1,100,100,17,62,344496.68525123596
2924,-58.55000000000002,62,1,100,100,17,62,344597.5793931484
2925,-58.55000000000002,62,1,100,100,17,62,344695.0605969429
2926,-58.55000000000002,62,1,100,100,17,62,344794.0036582947
2927,-58.55000000000002,62,1,100,100,17,62,344891.7374563217
2928,-58.55000000000002,62,1,100,100,17,62,344989.55475878716
2929,-58.55000000000002,62,1,100,100,17,62,345090.4709250927
2930,-58.55000000000002,62,1,100,100,17,62,345185.71296453476
2931,-58.55000000000002,62,1,100,100,17,62,345283.8774008751
2932,-58.55000000000002,62,1,100,100,17,62,345379.7378385067
2933,-58.55000000000002,62,1,100,100,17,62,345475.7639400959
2934,-58.55000000000002,62,1,100,100,17,62,345570.66703009605
2935,-58.55000000000002,62,1,100,100,17,62,345665.68417811394
2936,-58.55000000000002,62,1,100,100,17,62,345763.82021164894
2937,-58.55000000000002,62,1,100,100,17,62,345860.82921791077
2938,-58.55000000000002,62,1,100,100,17,62,345951.3196017742
2939,-58.55000000000002,62,1,100,100,17,62,346041.079993248
2940,-58.55000000000002,62,1,100,100,17,62,346133.16940665245
2941,-58.55000000000002,62,1,100,100,17,62,346222.6201965809
2942,-58.55000000000002,62,1,100,100,17,62,346315.72377347946
2943,-58.55000000000002,62,1,100,100,17,62,346404.6911833286
2944,-58.55000000000002,62,1,100,100,17,62,346495.03614783287
2945,-58.55000000000002,62,1,100,100,17,62,346585.6277387142
2946,-58.55000000000002,62,1,100,100,17,62,346676.98876047134
2947,-58.55000000000002,62,1,100,100,17,62,346768.4186859131
2948,-58.55000000000002,62,1,100,100,17,62,346858.67094397545
2949,-58.55000000000002,62,1,100,100,17,62,346950.84427404404
2950,-58.55000000000002,62,1,100,100,17,62,347032.9382531643
2951,-58.55000000000002,62,1,100,100,17,62,347112.57177853584
2952,-58.55000000000002,62,1,100,100,17,62,347189.84106707573
2953,-58.55000000000002,62,1,100,100,17,62,347270.82859802246
2954,-58.55000000000002,62,1,100,100,17,62,347352.64105558395
2955,-58.55000000000002,62,1,100,100,17,62,347435.8682451248
2956,-58.55000000000002,62,1,100,100,17,62,347517.4180827141
2957,-58.55000000000002,62,1,100,100,17,62,347598.0223507881
2958,-58.55000000000002,62,1,100,100,17,62,347680.43806123734
2959,-58.55000000000002,62,1,100,100,17,62,347762.83285975456
2960,-58.55000000000002,62,1,100,100,17,62,347845.1355984211
2961,-58.55000000000002,62,1,100,100,17,62,347926.5009384155
2962,-58.55000000000002,62,1,100,100,17,62,348009.151604414
2963,-58.55000000000002,62,1,100,100,17,62,348092.1088526249
2964,-58.55000000000002,62,1,100,100,17,62,348174.88320851326
2965,-58.55000000000002,62,1,100,100,17,62,348256.049942255
2966,-58.55000000000002,62,1,100,100,17,62,348336.46925354004
2967,-58.55000000000002,62,1,100,100,17,62,348416.2528603077
2968,-58.55000000000002,62,1,100,100,17,62,348496.7093677521
2969,-58.55000000000002,62,1,100,100,17,62,348577.46929979324
2970,-58.55000000000002,62,1,100,100,17,62,348658.22469449043
2971,-58.55000000000002,62,1,100,100,17,62,348739.440946579
2972,-58.55000000000002,62,1,100,100,17,62,348820.0212826729
2973,-58.55000000000002,62,1,100,100,17,62,348894.98433065414
2974,-58.55000000000002,62,1,100,100,17,62,348966.4553041458
2975,-58.55000000000002,62,1,100,100,17,62,349040.5943443775
2976,-58.55000000000002,62,1,100,100,17,62,349116.3120934963
2977,-58.55000000000002,62,1,100,100,17,62,349190.8337197304
2978,-58.55000000000002,62,1,100,100,17,62,349264.57401418686
2979,-58.55000000000002,62,1,100,100,17,62,349337.7700099945
2980,-58.55000000000002,62,1,100,100,17,62,349411.2861061096
2981,-58.55000000000002,62,1,100,100,17,62,349485.6761212349
2982,-58.55000000000002,62,1,100,100,17,62,349563.46878147125
2983,-58.55000000000002,62,1,100,100,17,62,349640.27469706535
2984,-58.55000000000002,62,1,100,100,17,62,349713.6835176945
2985,-58.55000000000002,62,1,100,100,17,62,349785.79536390305
2986,-58.55000000000002,62,1,100,100,17,62,349858.6402873993
2987,-58.55000000000002,62,1,100,100,17,62,349932.803098917
2988,-58.55000000000002,62,1,100,100,17,62,350006.10236883163
2989,-58.55000000000002,62,1,100,100,17,62,350086.4050679207
2990,-58.55000000000002,62,1,100,100,17,62,350163.05974793434
2991,-58.55000000000002,62,1,100,100,17,62,350235.86722660065
2992,-58.55000000000002,62,1,100,100,17,62,350308.02648139
2993,-58.55000000000002,62,1,100,100,17,62,350378.01609253883
2994,-58.55000000000002,62,1,100,100,17,62,350444.41127061844
2995,-58.55000000000002,62,1,100,100,17,62,350510.962857008
2996,-58.55000000000002,62,1,100,100,17,62,350575.34655594826
2997,-58.55000000000002,62,1,100,100,17,62,350636.1520049572
2998,-58.55000000000002,62,1,100,100,17,62,350695.303886652
2999,-58.55000000000002,62,1,100,100,17,62,350749.0828630924
3000,-58.55000000000002,62,1,100,100,17,62,350803.397162199
3001,-58.55000000000002,62,1,100,100,17,62,350856.8910288811
3002,-58.55000000000002,62,1,100,100,17,62,350910.4842376709
3003,-58.55000000000002,62,1,100,100,17,62,350966.4232599735
3004,-58.55000000000002,62,1,100,100,17,62,351021.3353600502
3005,-58.55000000000002,62,1,100,100,17,62,351077.22547507286
3006,-58.55000000000002,62,1,100,100,17,62,351134.66925668716
3007,-58.55000000000002,62,1,100,100,17,62,351192.05774974823
3008,-58.55000000000002,62,1,100,100,17,62,351248.1887550354
3009,-58.55000000000002,62,1,100,100,17,62,351305.5139682293
3010,-58.55000000000002,62,1,100,100,17,62,351361.51149725914
3011,-58.55000000000002,62,1,100,100,17,62,351418.1818010807
3012,-58.55000000000002,62,1,100,100,17,62,351474.6019542217
3013,-58.55000000000002,62,1,100,100,17,62,351529.97452259064
3014,-58.55000000000002,62,1,100,100,17,62,351585.4557170868
3015,-58.55000000000002,62,1,100,100,17,62,351641.0524175167
3016,-58.55000000000002,62,1,100,100,17,62,351697.0302722454
3017,-58.55000000000002,62,1,100,100,17,62,351752.19113731384
3018,-58.55000000000002,62,1,100,100,17,62,351807.2607872486
3019,-58.55000000000002,62,1,100,100,17,62,351863.24272727966
3020,-58.55000000000002,62,1,100,100,17,62,351919.33083486557
3021,-58.55000000000002,62,1,100,100,17,62,351974.52861070633
3022,-58.55000000000002,62,1,100,100,17,62,352029.25440454483
3023,-58.55000000000002,62,1,100,100,17,62,352085.3140077591
3024,-58.55000000000002,62,1,100,100,17,62,352137.3476831913
3025,-58.55000000000002,62,1,100,100,17,62,352187.64051246643
3026,-58.55000000000002,62,1,100,100,17,62,352236.4533715248
3027,-58.55000000000002,62,1,100,100,17,62,352285.4812364578
3028,-58.55000000000002,62,1,100,100,17,62,352334.2134654522
3029,-58.55000000000002,62,1,100,100,17,62,352383.13170433044
3030,-58.55000000000002,62,1,100,100,17,62,352432.3818643093
3031,-58.55000000000002,62,1,100,100,17,62,352481.6584928036
3032,-58.55000000000002,62,1,100,100,17,62,352531.45118021965
3033,-58.55000000000002,62,1,100,100,17,62,352580.47197318077
