episode,reward,max_height,max_level,actions,actions_to_max_height,unique_positions,best_height_ever,time_seconds
5,-141.65000000000003,62,1,100,53,39,62,138.00066113471985
6,-141.65000000000003,62,1,100,31,39,62,170.71436095237732
10,-145.14999999999998,-298,0,100,0,37,62,293.9520568847656
20,-145.05,-298,0,100,0,39,62,607.8414454460144
30,-145.10000000000002,-298,0,100,0,38,62,964.8273944854736
40,-145.45000000000005,-298,0,100,0,31,62,1394.247763633728
50,-145.00000000000006,-298,0,100,0,40,62,1849.3703398704529
60,-145.65000000000003,-298,0,100,0,27,62,2280.586729288101
70,-145.3,-298,0,100,0,34,62,2735.0750613212585
80,-145.3,-298,0,100,0,34,62,3152.6795954704285
90,-145.60000000000002,-298,0,100,0,28,62,3465.3629863262177
96,-141.95000000000002,62,1,100,51,33,62,3630.490674972534
100,-145.50000000000006,-298,0,100,0,30,62,3760.6324520111084
110,-146.10000000000002,-298,0,100,0,18,62,3990.6525835990906
120,-145.70000000000005,-298,0,100,0,26,62,4219.251461029053
130,-145.6,-298,0,100,0,28,62,4533.122124195099
140,-145.85000000000002,-298,0,100,0,23,62,4992.0481650829315
150,-145.35000000000002,-298,0,100,0,33,62,5417.618135213852
160,-145.35000000000002,-298,0,100,0,33,62,5909.455435752869
170,-145.84999999999997,-298,0,100,0,23,62,6361.185425281525
180,-145.29999999999995,-298,0,100,0,34,62,6776.4459137916565
186,-139.80000000000007,62,1,100,36,36,62,7108.709055423737
187,-142.10000000000002,62,1,100,75,30,62,7170.67982506752
190,-145.8,-298,0,100,0,24,62,7333.522345542908
200,-145.55,-298,0,100,0,29,62,7907.643029212952
210,-145.75,-298,0,100,0,25,62,8531.446004390717
220,-145.9,-298,0,100,0,22,62,9113.186516284943
224,-141.00000000000006,62,1,100,75,32,62,9333.45905637741
230,-145.54999999999995,-298,0,100,0,29,62,9661.814336776733
240,-145.8,-298,0,100,0,24,62,10117.448937177658
244,-140.20000000000002,62,1,100,85,28,62,10296.555305242538
250,-145.60000000000002,-298,0,100,0,28,62,10574.315702676773
260,-145.45000000000002,-298,0,100,0,31,62,11011.899407863617
267,-140.95000000000002,62,1,100,45,33,62,11306.001292467117
270,-145.90000000000003,-298,0,100,0,22,62,11452.688627243042
273,-140.35000000000002,62,1,100,45,25,62,11606.963865280151
274,-141.0,62,1,100,33,32,62,11655.308678150177
275,-140.3,62,1,100,13,26,62,11712.098455429077
278,-142.35,62,1,100,64,25,62,11903.963081598282
280,-145.90000000000003,-298,0,100,0,22,62,12047.08792924881
285,-136.35000000000002,62,1,100,48,37,62,12349.912714719772
290,-139.95000000000005,62,1,100,27,33,62,12681.30052781105
295,-140.00000000000006,62,1,100,39,32,62,12976.584931135178
296,-138.75,62,1,100,97,25,62,13044.475123405457
300,-118.30000000000004,62,1,100,99,34,62,13283.447659492493
302,-121.5,62,1,100,54,30,62,13391.755736112595
304,-126.80000000000004,62,1,100,87,32,62,13511.597996473312
306,-141.04999999999995,62,1,100,94,31,62,13628.810266256332
307,-123.10000000000002,62,1,100,96,34,62,13685.892417907715
308,-124.10000000000004,62,1,100,90,38,62,13743.060049295425
309,-119.75000000000006,62,1,100,79,45,62,13801.54820895195
310,-126.10000000000004,62,1,100,46,38,62,13859.021270751953
311,-129.50000000000006,62,1,100,95,38,62,13913.61896276474
312,-112.0,62,1,100,97,36,62,13970.34097456932
313,-132.50000000000006,62,1,100,63,46,62,14038.395653009415
314,-115.05000000000003,62,1,100,99,31,62,14103.706355571747
315,-130.00000000000003,62,1,100,77,28,62,14169.78644657135
316,-121.65000000000003,62,1,100,99,27,62,14232.30927324295
317,-94.14999999999999,62,1,100,99,33,62,14287.232412338257
318,-112.85000000000007,62,1,100,98,35,62,14338.170380353928
319,-110.20000000000002,62,1,100,97,36,62,14393.875945329666
320,-108.75000000000001,62,1,100,100,41,62,14461.889044046402
321,-90.94999999999997,62,1,100,100,29,62,14521.736460208893
322,-88.05,62,1,100,97,27,62,14586.030022621155
323,-95.65,62,1,100,99,35,62,14650.31005692482
324,-79.74999999999999,62,1,100,92,29,62,14708.98324894905
325,-92.1,62,1,100,97,26,62,14758.981037139893
326,-92.65000000000003,62,1,100,97,31,62,14820.069341897964
327,-88.19999999999999,62,1,100,97,32,62,14889.408893108368
328,-82.45,62,1,100,98,31,62,14951.787058830261
329,-83.30000000000001,62,1,100,99,34,62,15006.952253818512
330,-92.80000000000001,62,1,100,98,32,62,15053.441563606262
331,-85.70000000000002,62,1,100,97,26,62,15108.988251447678
332,-83.5,62,1,100,98,30,62,15166.858433246613
333,-88.74999999999996,62,1,100,100,33,62,15222.78964304924
334,-84.30000000000001,62,1,100,99,34,62,15272.474448919296
335,-89.54999999999998,62,1,100,100,25,62,15324.134028434753
336,-88.05000000000001,62,1,100,97,35,62,15380.73546910286
337,-80.14999999999999,62,1,100,93,33,62,15438.654301166534
338,-88.85000000000001,62,1,100,99,27,62,15506.353159427643
339,-74.7,62,1,100,97,26,62,15569.449969530106
340,-100.05000000000001,62,1,100,98,39,62,15631.42127275467
341,-67.4,62,1,100,98,24,62,15687.602202415466
342,-65.35000000000001,62,1,100,100,25,62,15743.962322950363
343,-71.0,62,1,100,100,24,62,15800.594398975372
344,-76.6,62,1,100,98,28,62,15857.162375926971
345,-72.24999999999999,62,1,100,98,23,62,15913.129696130753
346,-69.05000000000001,62,1,100,98,23,62,15971.228997945786
347,-80.89999999999999,62,1,100,98,26,62,16027.238786697388
348,-73.80000000000001,62,1,100,97,28,62,16082.708068847656
349,-67.25000000000001,62,1,100,97,23,62,16139.037404537201
350,-63.55000000000001,62,1,100,99,25,62,16196.569193124771
351,-64.9,62,1,100,100,26,62,16252.714328050613
352,-81.55000000000001,62,1,100,100,33,62,16307.559852600098
353,-70.69999999999997,62,1,100,98,26,62,16361.273957252502
354,-62.250000000000014,62,1,100,98,23,62,16414.6211476326
355,-67.10000000000002,62,1,100,98,26,62,16470.691002845764
356,-64.15,62,1,100,98,29,62,16524.916567325592
357,-70.9,62,1,100,97,26,62,16583.949620962143
358,-61.650000000000006,62,1,100,99,23,62,16639.88057398796
359,-61.70000000000002,62,1,100,98,22,62,16696.510644197464
360,-66.60000000000001,62,1,100,97,24,62,16751.52066230774
361,-65.90000000000002,62,1,100,98,26,62,16807.43618798256
362,-62.650000000000006,62,1,100,99,23,62,16864.037426948547
363,-60.65000000000002,62,1,100,100,23,62,16924.316989660263
364,-59.500000000000014,62,1,100,98,22,62,16985.15462088585
365,-77.05,62,1,100,98,31,62,17042.088089942932
366,-59.800000000000026,62,1,100,99,24,62,17099.09491801262
367,-64.85000000000002,62,1,100,100,23,62,17153.85599255562
368,-61.35000000000002,62,1,100,100,25,62,17215.672979831696
369,-59.4,62,1,100,98,24,62,17269.63027191162
370,-70.25,62,1,100,99,23,62,17328.106876134872
371,-64.4,62,1,100,97,24,62,17389.551797389984
372,-59.75000000000003,62,1,100,99,25,62,17451.710045576096
373,-63.400000000000006,62,1,100,97,24,62,17515.59407067299
374,-59.800000000000004,62,1,100,100,24,62,17575.750631809235
375,-62.650000000000006,62,1,100,99,27,62,17631.419459342957
376,-70.9,62,1,100,97,30,62,17688.576361894608
377,-67.4,62,1,100,100,28,62,17754.397952079773
378,-60.75000000000002,62,1,100,99,25,62,17816.94947385788
379,-59.7,62,1,100,100,26,62,17875.572457551956
380,-60.350000000000016,62,1,100,98,25,62,17929.899635076523
381,-68.8,62,1,100,98,28,62,17980.670854330063
382,-69.05000000000003,62,1,100,87,27,62,18039.069547891617
383,-65.10000000000001,62,1,100,96,26,62,18097.9065182209
384,-66.64999999999999,62,1,100,98,27,62,18153.671921491623
385,-60.05,62,1,100,100,27,62,18210.70157289505
386,-61.750000000000014,62,1,100,100,25,62,18260.2129714489
387,-61.10000000000001,62,1,100,100,26,62,18316.686810731888
388,-60.000000000000014,62,1,100,99,28,62,18375.638060331345
389,-62.2,62,1,100,95,24,62,18434.953231573105
390,-62.55000000000001,62,1,100,98,25,62,18496.291608810425
391,-63.85000000000001,62,1,100,96,23,62,18546.838471651077
392,-60.20000000000002,62,1,100,99,24,62,18595.35907101631
393,-62.550000000000026,62,1,100,98,25,62,18653.138801813126
394,-60.35000000000001,62,1,100,100,21,62,18705.061742782593
395,-63.900000000000006,62,1,100,99,26,62,18760.10276889801
396,-65.20000000000003,62,1,100,97,24,62,18810.131643772125
397,-74.7,62,1,100,97,30,62,18860.146789312363
398,-64.4,62,1,100,96,20,62,18910.774873256683
399,-69.89999999999999,62,1,100,99,26,62,18956.812455892563
400,-68.35000000000001,62,1,100,97,29,62,19011.64206814766
401,-61.50000000000003,62,1,100,100,26,62,19068.264234781265
402,-59.20000000000003,62,1,100,100,24,62,19117.849392175674
403,-60.10000000000001,62,1,100,98,14,62,19161.89920425415
404,-60.60000000000001,62,1,100,100,24,62,19218.976568222046
405,-69.7,62,1,100,100,18,62,19267.38673067093
406,-79.65000000000002,62,1,100,94,27,62,19323.225868940353
407,-70.8,62,1,100,98,24,62,19383.748495340347
408,-64.60000000000001,62,1,100,97,16,62,19430.464662075043
409,-74.5,62,1,100,97,14,62,19473.261180877686
410,-72.00000000000003,62,1,100,87,24,62,19522.30219578743
411,-65.4,62,1,100,97,20,62,19571.902916431427
412,-58.70000000000001,62,1,100,100,14,62,19619.42766880989
413,-58.70000000000001,62,1,100,100,14,62,19665.85977435112
414,-73.45,62,1,100,96,15,62,19710.516308784485
415,-58.65000000000001,62,1,100,100,15,62,19757.083921432495
416,-60.70000000000003,62,1,100,99,22,62,19809.18341732025
417,-64.85000000000001,62,1,100,97,11,62,19855.416200876236
418,-62.000000000000014,62,1,100,99,16,62,19902.567739009857
419,-58.600000000000016,62,1,100,99,16,62,19950.07871365547
420,-72.55000000000001,62,1,100,97,25,62,19995.099635839462
421,-58.70000000000001,62,1,100,100,14,62,20045.01230597496
422,-58.70000000000001,62,1,100,100,14,62,20094.92779159546
423,-58.70000000000001,62,1,100,100,14,62,20142.08328294754
424,-60.00000000000001,62,1,100,98,24,62,20198.542895793915
425,-58.850000000000016,62,1,100,100,11,62,20245.12947702408
426,-78.2,62,1,100,88,16,62,20289.201414346695
427,-58.70000000000001,62,1,100,100,14,62,20334.864080429077
428,-73.00000000000001,62,1,100,97,24,62,20390.778551340103
429,-64.75,62,1,100,98,21,62,20449.815631866455
430,-58.850000000000016,62,1,100,100,11,62,20496.43454003334
431,-63.60000000000002,62,1,100,96,16,62,20543.19689846039
432,-58.850000000000016,62,1,100,100,11,62,20589.4450135231
433,-58.85000000000001,62,1,100,100,11,62,20635.892179727554
434,-63.55000000000002,62,1,100,96,17,62,20682.41929793358
435,-58.85000000000001,62,1,100,100,11,62,20727.771629095078
436,-58.85000000000001,62,1,100,100,11,62,20773.721413373947
437,-58.85000000000001,62,1,100,100,11,62,20819.854520082474
438,-58.60000000000001,62,1,100,99,16,62,20866.986648082733
439,-64.85000000000001,62,1,100,97,11,62,20912.726843595505
440,-58.350000000000016,62,1,100,98,21,62,20959.82219696045
441,-64.65,62,1,100,98,15,62,21008.44215631485
442,-73.6,62,1,100,96,12,62,21052.78212594986
443,-58.350000000000016,62,1,100,98,21,62,21100.333946704865
444,-58.65000000000001,62,1,100,100,15,62,21147.2075278759
445,-59.600000000000016,62,1,100,100,16,62,21193.738058567047
446,-58.55000000000001,62,1,100,98,17,62,21239.96244120598
447,-58.55000000000001,62,1,100,99,17,62,21286.267636537552
448,-62.550000000000026,62,1,100,96,17,62,21332.29593014717
449,-58.70000000000001,62,1,100,100,14,62,21377.92226576805
450,-62.55000000000001,62,1,100,96,17,62,21425.25480055809
451,-73.35,62,1,100,96,17,62,21468.80114221573
452,-59.20000000000002,62,1,100,98,24,62,21516.4207341671
453,-84.25000000000001,62,1,100,97,15,62,21558.804335832596
454,-84.35,62,1,100,97,13,62,21602.560858011246
455,-68.85,62,1,100,98,15,62,21650.54278087616
456,-77.9,62,1,100,91,14,62,21693.641211509705
457,-58.500000000000014,62,1,100,100,18,62,21744.22917366028
458,-59.10000000000002,62,1,100,98,26,62,21793.37095308304
459,-63.10000000000001,62,1,100,100,26,62,21845.61052417755
460,-58.600000000000016,62,1,100,98,24,62,21896.631053447723
461,-58.60000000000002,62,1,100,100,16,62,21940.56696987152
462,-58.45000000000002,62,1,100,100,19,62,21985.06239938736
463,-63.45000000000001,62,1,100,96,23,62,22031.271899461746
464,-65.05000000000001,62,1,100,97,27,62,22080.86586499214
465,-62.75000000000001,62,1,100,97,25,62,22128.552750825882
466,-58.10000000000002,62,1,100,98,26,62,22185.44545173645
467,-58.40000000000001,62,1,100,99,20,62,22231.06759095192
468,-64.45,62,1,100,98,23,62,22277.119019269943
469,-58.300000000000004,62,1,100,100,22,62,22322.352368354797
470,-69.2,62,1,100,100,20,62,22362.591438531876
471,-58.550000000000026,62,1,100,100,17,62,22404.659430265427
472,-58.45,62,1,100,100,19,62,22447.441586732864
473,-63.20000000000002,62,1,100,97,24,62,22492.183280467987
474,-64.40000000000002,62,1,100,99,28,62,22536.342086791992
475,-58.15000000000001,62,1,100,99,25,62,22584.16511130333
476,-59.85000000000001,62,1,100,100,23,62,22627.010689735413
477,-58.25000000000001,62,1,100,98,23,62,22671.69689321518
478,-62.750000000000014,62,1,100,96,25,62,22716.51814508438
479,-64.85000000000002,62,1,100,96,23,62,22767.039479255676
480,-66.35,62,1,100,100,29,62,22814.796607017517
481,-65.8,62,1,100,97,24,62,22860.00862789154
482,-58.20000000000001,62,1,100,98,24,62,22909.301118135452
483,-59.2,62,1,100,100,24,62,22954.32847380638
484,-63.70000000000002,62,1,100,98,26,62,23001.03314447403
485,-61.35000000000001,62,1,100,100,21,62,23046.320508241653
486,-58.85000000000001,62,1,100,100,23,62,23088.85941338539
487,-63.350000000000016,62,1,100,98,25,62,23132.506690263748
488,-59.55000000000001,62,1,100,98,25,62,23177.76313996315
489,-58.2,62,1,100,99,24,62,23217.84801530838
490,-60.20000000000001,62,1,100,99,24,62,23263.328995227814
491,-59.15000000000003,62,1,100,98,25,62,23308.074897527695
492,-58.80000000000002,62,1,100,100,24,62,23354.91261124611
493,-58.300000000000004,62,1,100,98,22,62,23398.17725586891
494,-58.70000000000001,62,1,100,100,14,62,23438.45584988594
495,-75.85000000000001,62,1,100,100,23,62,23484.14727449417
496,-62.900000000000006,62,1,100,97,22,62,23528.87733745575
497,-63.250000000000014,62,1,100,97,23,62,23571.553988695145
498,-62.250000000000014,62,1,100,96,23,62,23616.82774925232
499,-62.7,62,1,100,96,26,62,23659.474773406982
500,-62.30000000000003,62,1,100,96,22,62,23701.249093294144
501,-59.150000000000006,62,1,100,99,25,62,23747.77591276169
502,-68.00000000000001,62,1,100,96,28,62,23794.715505599976
503,-70.29999999999998,62,1,100,100,26,62,23839.189682006836
504,-62.80000000000001,62,1,100,96,24,62,23887.37871003151
505,-58.2,62,1,100,98,24,62,23933.755921125412
506,-58.85000000000001,62,1,100,100,23,62,23978.223271131516
507,-63.05000000000002,62,1,100,96,27,62,24022.81347846985
508,-62.80000000000001,62,1,100,97,24,62,24065.49902200699
509,-58.25000000000002,62,1,100,100,23,62,24109.62774181366
510,-58.2,62,1,100,99,24,62,24153.359854221344
511,-62.90000000000001,62,1,100,96,22,62,24200.82092142105
512,-58.25000000000001,62,1,100,99,23,62,24249.49872303009
513,-58.250000000000014,62,1,100,98,23,62,24298.875747442245
514,-58.200000000000024,62,1,100,100,24,62,24352.499195337296
515,-62.75000000000001,62,1,100,97,25,62,24401.50237774849
516,-58.40000000000001,62,1,100,99,20,62,24451.642780780792
517,-62.850000000000016,62,1,100,97,23,62,24495.4245493412
518,-74.99999999999997,62,1,100,100,20,62,24554.307288646698
519,-66.25000000000001,62,1,100,96,23,62,24598.647209882736
520,-60.150000000000006,62,1,100,100,25,62,24642.035396814346
521,-62.20000000000002,62,1,100,97,24,62,24692.344146966934
522,-59.70000000000002,62,1,100,98,22,62,24736.485352754593
523,-58.45000000000002,62,1,100,100,19,62,24776.775508403778
524,-59.600000000000016,62,1,100,98,24,62,24821.435489416122
525,-58.50000000000001,62,1,100,100,18,62,24864.190576791763
526,-58.15000000000003,62,1,100,100,25,62,24911.741586446762
527,-62.4,62,1,100,97,20,62,24959.188975334167
528,-60.100000000000016,62,1,100,100,26,62,25005.003017902374
529,-62.199999999999996,62,1,100,96,24,62,25052.248372077942
530,-60.95000000000002,62,1,100,100,25,62,25106.90512084961
531,-58.350000000000016,62,1,100,99,21,62,25152.147664308548
532,-62.400000000000034,62,1,100,96,20,62,25198.0437772274
533,-58.35000000000001,62,1,100,98,21,62,25239.824643611908
534,-57.099999999999994,62,1,100,99,22,62,25291.84556555748
535,-58.30000000000001,62,1,100,98,22,62,25333.75298666954
536,-59.30000000000001,62,1,100,100,22,62,25376.18686056137
537,-59.15000000000003,62,1,100,100,25,62,25420.721162557602
538,-57.75000000000002,62,1,100,99,21,62,25465.918476104736
539,-64.70000000000002,62,1,100,96,22,62,25515.509928703308
540,-62.70000000000002,62,1,100,100,22,62,25567.322371959686
541,-62.70000000000001,62,1,100,94,18,62,25625.18671131134
542,-62.90000000000002,62,1,100,97,22,62,25672.9735994339
543,-62.95000000000001,62,1,100,96,21,62,25715.40136051178
544,-62.95000000000002,62,1,100,96,21,62,25758.18887782097
545,-74.34999999999998,62,1,100,97,29,62,25806.841444969177
546,-60.600000000000016,62,1,100,98,24,62,25859.52742958069
547,-64.60000000000001,62,1,100,96,24,62,25913.317345142365
548,-63.55000000000001,62,1,100,97,21,62,25959.105892658234
549,-64.2,62,1,100,97,24,62,26007.359972000122
550,-59.64999999999999,62,1,100,98,23,62,26056.047429323196
551,-66.3,62,1,100,96,22,62,26101.86683011055
552,-63.90000000000001,62,1,100,97,22,62,26147.875724554062
553,-58.15000000000001,62,1,100,99,25,62,26198.306863069534
554,-60.15000000000002,62,1,100,98,25,62,26241.228762626648
555,-59.15000000000002,62,1,100,99,25,62,26292.45248579979
556,-65.15,62,1,100,97,25,62,26341.581342220306
557,-58.15000000000002,62,1,100,98,25,62,26391.408890485764
558,-58.850000000000016,62,1,100,99,23,62,26437.00677704811
559,-57.60000000000001,62,1,100,100,24,62,26487.76511836052
560,-63.55000000000002,62,1,100,96,25,62,26542.841465473175
561,-58.95000000000002,62,1,100,100,21,62,26587.177880048752
562,-58.95000000000001,62,1,100,100,21,62,26633.061717033386
563,-58.550000000000026,62,1,100,99,25,62,26682.627844572067
564,-65.25000000000001,62,1,100,96,31,62,26729.986783742905
565,-57.050000000000004,62,1,100,99,23,62,26783.587372541428
566,-57.550000000000026,62,1,100,100,25,62,26836.96397638321
567,-61.15000000000001,62,1,100,95,21,62,26891.565255880356
568,-56.70000000000001,62,1,100,98,18,62,26945.223921060562
569,-61.60000000000002,62,1,100,95,24,62,26999.35124707222
570,-61.150000000000006,62,1,100,95,21,62,27053.639897108078
571,-58.150000000000006,62,1,100,98,21,62,27106.549942970276
572,-62.15,62,1,100,96,25,62,27158.05188059807
573,-61.20000000000001,62,1,100,97,20,62,27212.793107509613
574,-62.55000000000001,62,1,100,95,25,62,27264.98674273491
575,-59.55000000000001,62,1,100,99,21,62,27318.388617515564
576,-56.70000000000001,62,1,100,98,18,62,27372.024086236954
577,-61.20000000000001,62,1,100,97,20,62,27426.61714553833
578,-57.05000000000002,62,1,100,99,23,62,27481.075094223022
579,-61.60000000000001,62,1,100,96,24,62,27531.931466817856
580,-62.15000000000003,62,1,100,95,25,62,27579.78704881668
581,-58.70000000000001,62,1,100,100,18,62,27636.23809862137
582,-66.55000000000001,62,1,100,96,21,62,27693.23405814171
583,-56.70000000000001,62,1,100,98,18,62,27747.03758740425
584,-57.150000000000006,62,1,100,99,21,62,27800.066259384155
585,-56.70000000000001,62,1,100,98,18,62,27853.385047197342
586,-61.75000000000001,62,1,100,97,21,62,27905.28339290619
587,-57.75000000000001,62,1,100,100,21,62,27960.720490694046
588,-78.59999999999998,62,1,100,97,28,62,28008.547352313995
589,-57.80000000000001,62,1,100,98,20,62,28061.177389860153
590,-57.75000000000001,62,1,100,99,21,62,28113.740075588226
591,-57.75000000000001,62,1,100,99,21,62,28166.738841056824
592,-57.75000000000001,62,1,100,98,21,62,28220.88223528862
593,-61.150000000000006,62,1,100,95,21,62,28275.08805656433
594,-61.20000000000001,62,1,100,97,20,62,28328.23474049568
595,-61.60000000000002,62,1,100,96,24,62,28379.896364212036
596,-61.20000000000001,62,1,100,97,20,62,28436.46409726143
597,-57.55000000000001,62,1,100,98,21,62,28489.52105140686
598,-57.150000000000006,62,1,100,100,21,62,28543.984143018723
599,-61.20000000000001,62,1,100,97,20,62,28599.52435684204
600,-61.20000000000001,62,1,100,97,20,62,28656.11679172516
601,-56.70000000000001,62,1,100,98,18,62,28709.57027697563
602,-61.20000000000001,62,1,100,96,20,62,28764.708003997803
603,-61.20000000000001,62,1,100,97,20,62,28818.241678714752
604,-56.70000000000001,62,1,100,98,18,62,28870.763479232788
605,-56.70000000000001,62,1,100,98,18,62,28924.83220076561
606,-56.70000000000001,62,1,100,98,18,62,28978.193589925766
607,-61.20000000000001,62,1,100,97,20,62,29033.3363366127
608,-56.70000000000001,62,1,100,98,18,62,29085.954689741135
609,-56.70000000000001,62,1,100,98,18,62,29139.508042812347
610,-56.70000000000001,62,1,100,98,18,62,29192.928857564926
611,-56.70000000000001,62,1,100,98,18,62,29245.90428495407
612,-61.15000000000001,62,1,100,95,21,62,29300.11424088478
613,-61.20000000000001,62,1,100,97,20,62,29354.246906995773
614,-57.20000000000001,62,1,100,100,20,62,29410.821232557297
615,-61.0,62,1,100,95,24,62,29462.195568084717
616,-56.70000000000001,62,1,100,98,18,62,29516.01844882965
617,-61.15000000000001,62,1,100,95,21,62,29568.94489979744
618,-61.20000000000001,62,1,100,97,20,62,29622.828308343887
619,-56.70000000000001,62,1,100,98,18,62,29676.344532728195
620,-61.15000000000001,62,1,100,97,21,62,29731.975084781647
621,-56.70000000000001,62,1,100,98,18,62,29787.15772676468
622,-61.20000000000001,62,1,100,97,20,62,29842.201990127563
623,-61.15000000000001,62,1,100,95,21,62,29895.920179128647
624,-57.850000000000016,62,1,100,98,27,62,29944.81363105774
625,-67.30000000000001,62,1,100,98,22,62,29995.50839972496
626,-61.20000000000001,62,1,100,97,20,62,30049.039470911026
627,-61.600000000000016,62,1,100,95,24,62,30099.46836423874
628,-61.20000000000001,62,1,100,97,20,62,30153.42557668686
629,-61.20000000000001,62,1,100,97,20,62,30208.1355240345
630,-61.20000000000001,62,1,100,97,20,62,30262.882898807526
631,-61.20000000000001,62,1,100,97,20,62,30316.662922143936
632,-61.20000000000001,62,1,100,97,20,62,30372.037441968918
633,-61.20000000000001,62,1,100,97,20,62,30426.4270734787
634,-61.20000000000001,62,1,100,97,20,62,30481.843885421753
635,-61.20000000000001,62,1,100,97,20,62,30535.922434091568
636,-61.20000000000001,62,1,100,97,20,62,30590.268058538437
637,-59.05000000000002,62,1,100,100,23,62,30642.46737766266
638,-61.20000000000001,62,1,100,97,20,62,30697.536464452744
639,-61.20000000000001,62,1,100,97,20,62,30752.69715666771
640,-61.20000000000001,62,1,100,97,20,62,30807.07962012291
641,-61.20000000000001,62,1,100,97,20,62,30863.007362127304
642,-61.20000000000001,62,1,100,97,20,62,30916.938250541687
643,-57.15000000000001,62,1,100,98,21,62,30967.961144685745
644,-61.20000000000001,62,1,100,97,20,62,31022.151751995087
645,-61.20000000000001,62,1,100,97,20,62,31076.960236549377
646,-61.20000000000001,62,1,100,97,20,62,31131.749908208847
647,-61.20000000000001,62,1,100,97,20,62,31187.446702480316
648,-61.20000000000001,62,1,100,97,20,62,31241.828074216843
649,-56.70000000000001,62,1,100,98,18,62,31294.66582250595
650,-56.70000000000001,62,1,100,98,18,62,31348.370279312134
651,-56.70000000000001,62,1,100,98,18,62,31401.757267475128
652,-58.60000000000001,62,1,100,99,20,62,31457.5048391819
653,-57.20000000000001,62,1,100,100,20,62,31511.808525800705
654,-60.500000000000014,62,1,100,100,22,62,31564.77948117256
655,-61.75000000000001,62,1,100,96,21,62,31615.545622825623
656,-56.70000000000001,62,1,100,98,18,62,31669.880438804626
657,-56.70000000000001,62,1,100,98,18,62,31722.95440030098
658,-56.70000000000001,62,1,100,98,18,62,31776.353805303574
659,-57.55000000000001,62,1,100,98,21,62,31827.904770612717
660,-58.45000000000002,62,1,100,98,23,62,31880.569934606552
661,-61.25000000000001,62,1,100,95,19,62,31932.85411119461
662,-56.70000000000001,62,1,100,98,18,62,31986.021038770676
663,-61.20000000000001,62,1,100,97,20,62,32040.567503213882
664,-56.70000000000001,62,1,100,98,18,62,32093.577887058258
665,-57.150000000000006,62,1,100,98,21,62,32147.76434445381
666,-61.20000000000001,62,1,100,97,20,62,32202.65445637703
667,-57.20000000000001,62,1,100,100,20,62,32257.28724503517
668,-56.70000000000001,62,1,100,98,18,62,32310.67099046707
669,-56.70000000000001,62,1,100,98,18,62,32363.825500011444
670,-61.95,62,1,100,97,25,62,32415.9106528759
671,-56.70000000000001,62,1,100,98,18,62,32468.787932634354
672,-56.70000000000001,62,1,100,98,18,62,32521.554796934128
673,-56.70000000000001,62,1,100,98,18,62,32574.778809070587
674,-61.150000000000006,62,1,100,95,21,62,32631.3997631073
675,-56.70000000000001,62,1,100,98,18,62,32685.255874872208
676,-56.70000000000001,62,1,100,98,18,62,32738.243064641953
677,-61.75000000000001,62,1,100,96,21,62,32792.24785017967
678,-56.70000000000001,62,1,100,98,18,62,32845.40539455414
679,-56.70000000000001,62,1,100,98,18,62,32899.50894379616
680,-56.70000000000001,62,1,100,98,18,62,32952.20869064331
681,-64.60000000000001,62,1,100,96,20,62,33006.32627105713
682,-56.70000000000001,62,1,100,98,18,62,33057.41351079941
683,-56.70000000000001,62,1,100,98,18,62,33111.31359887123
684,-56.70000000000001,62,1,100,98,18,62,33164.323746204376
685,-56.70000000000001,62,1,100,98,18,62,33217.137367486954
686,-56.70000000000001,62,1,100,98,18,62,33269.84483003616
687,-61.250000000000014,62,1,100,97,19,62,33322.496720314026
688,-56.70000000000001,62,1,100,98,18,62,33377.167254924774
689,-61.250000000000014,62,1,100,97,19,62,33430.811947345734
690,-61.250000000000014,62,1,100,97,19,62,33485.657688856125
691,-57.150000000000006,62,1,100,98,21,62,33538.1098279953
692,-57.150000000000006,62,1,100,98,21,62,33591.686464071274
693,-61.25000000000001,62,1,100,96,19,62,33643.75499844551
694,-61.250000000000014,62,1,100,95,19,62,33696.207171440125
695,-56.70000000000001,62,1,100,98,18,62,33748.966537475586
696,-56.70000000000001,62,1,100,98,18,62,33801.67307806015
697,-58.850000000000016,62,1,100,98,15,62,33860.0155608654
698,-56.70000000000001,62,1,100,98,18,62,33912.650220155716
699,-57.150000000000006,62,1,100,98,21,62,33965.57636785507
700,-56.70000000000001,62,1,100,98,18,62,34018.83935499191
701,-61.20000000000001,62,1,100,97,20,62,34074.29040122032
702,-56.70000000000001,62,1,100,98,18,62,34127.34589791298
703,-56.99999999999999,62,1,100,99,24,62,34177.21973633766
704,-61.60000000000001,62,1,100,96,24,62,34227.38422584534
705,-56.70000000000001,62,1,100,98,18,62,34279.87926506996
706,-56.70000000000001,62,1,100,98,18,62,34333.800144672394
707,-56.70000000000001,62,1,100,98,18,62,34386.88347315788
708,-56.70000000000001,62,1,100,98,18,62,34440.37118649483
709,-56.70000000000001,62,1,100,98,18,62,34492.47775697708
710,-62.15000000000001,62,1,100,96,21,62,34546.00419306755
711,-61.150000000000006,62,1,100,95,21,62,34599.367369413376
712,-56.70000000000001,62,1,100,98,18,62,34652.522906303406
713,-56.70000000000001,62,1,100,98,18,62,34704.88121628761
714,-56.70000000000001,62,1,100,98,18,62,34757.83608984947
715,-56.70000000000001,62,1,100,98,18,62,34812.39464259148
716,-56.70000000000001,62,1,100,98,18,62,34865.30606126785
717,-61.15000000000001,62,1,100,95,21,62,34919.69484615326
718,-56.70000000000001,62,1,100,98,18,62,34973.61258769035
719,-56.70000000000001,62,1,100,98,18,62,35027.219469070435
720,-64.50000000000001,62,1,100,96,22,62,35080.79286003113
721,-56.70000000000001,62,1,100,98,18,62,35134.182003974915
722,-61.20000000000001,62,1,100,97,20,62,35187.68476986885
723,-56.70000000000001,62,1,100,98,18,62,35239.71294617653
724,-56.70000000000001,62,1,100,98,18,62,35292.737944602966
725,-61.1,62,1,100,95,22,62,35344.494120121
726,-57.750000000000036,62,1,100,99,21,62,35388.89173746109
727,-68.50000000000001,62,1,100,98,22,62,35428.3095536232
728,-61.600000000000016,62,1,100,97,24,62,35476.43864989281
729,-61.25000000000001,62,1,100,95,19,62,35528.84952044487
730,-56.70000000000001,62,1,100,98,18,62,35580.92541098595
731,-56.70000000000001,62,1,100,98,18,62,35634.364282131195
732,-56.70000000000001,62,1,100,98,18,62,35687.17993783951
733,-56.70000000000001,62,1,100,98,18,62,35741.32356214523
734,-56.70000000000001,62,1,100,98,18,62,35795.21340894699
735,-56.70000000000001,62,1,100,98,18,62,35848.37573695183
736,-56.70000000000001,62,1,100,98,18,62,35902.04331064224
737,-56.70000000000001,62,1,100,98,18,62,35955.47255706787
738,-56.70000000000001,62,1,100,98,18,62,36008.7229912281
739,-56.70000000000001,62,1,100,98,18,62,36060.83715558052
740,-56.70000000000001,62,1,100,98,18,62,36114.06779193878
741,-56.70000000000001,62,1,100,98,18,62,36167.62958097458
742,-56.70000000000001,62,1,100,98,18,62,36221.53024697304
743,-56.70000000000001,62,1,100,98,18,62,36274.11864066124
744,-56.70000000000001,62,1,100,98,18,62,36327.320455789566
745,-60.70000000000002,62,1,100,95,18,62,36384.39799070358
746,-56.70000000000001,62,1,100,98,18,62,36436.46590209007
747,-56.70000000000001,62,1,100,98,18,62,36490.75452017784
748,-56.70000000000001,62,1,100,98,18,62,36544.928849220276
749,-56.70000000000001,62,1,100,98,18,62,36598.55626511574
750,-79.65,62,1,100,75,23,62,36655.94799542427
751,-56.70000000000001,62,1,100,98,18,62,36710.154792785645
752,-56.70000000000001,62,1,100,98,18,62,36763.28671836853
753,-56.70000000000001,62,1,100,98,18,62,36816.444506406784
754,-58.55000000000001,62,1,100,99,21,62,36869.9149184227
755,-56.70000000000001,62,1,100,98,18,62,36922.73790311813
756,-56.70000000000001,62,1,100,98,18,62,36977.468155384064
757,-56.70000000000001,62,1,100,98,18,62,37030.771766901016
758,-57.15000000000001,62,1,100,98,21,62,37081.3224234581
759,-56.70000000000001,62,1,100,98,18,62,37134.8707947731
760,-61.150000000000006,62,1,100,95,21,62,37188.99405789375
761,-56.70000000000001,62,1,100,98,18,62,37241.92608618736
762,-56.70000000000001,62,1,100,98,18,62,37295.394602775574
763,-56.70000000000001,62,1,100,98,18,62,37349.247784376144
764,-56.70000000000001,62,1,100,98,18,62,37402.63805222511
765,-56.70000000000001,62,1,100,98,18,62,37455.68458008766
766,-61.150000000000006,62,1,100,95,21,62,37507.74549102783
767,-56.70000000000001,62,1,100,98,18,62,37561.901117801666
768,-56.70000000000001,62,1,100,98,18,62,37615.013785362244
769,-61.150000000000006,62,1,100,95,21,62,37669.805725097656
770,-56.70000000000001,62,1,100,98,18,62,37722.69834899902
771,-56.70000000000001,62,1,100,98,18,62,37775.768681526184
772,-76.25000000000001,62,1,100,77,23,62,37833.202340364456
773,-56.70000000000001,62,1,100,98,18,62,37884.70245194435
774,-56.70000000000001,62,1,100,98,18,62,37938.530540943146
775,-56.70000000000001,62,1,100,98,18,62,37991.016567230225
776,-61.150000000000006,62,1,100,95,21,62,38044.364856004715
777,-56.70000000000001,62,1,100,98,18,62,38096.70781111717
778,-56.70000000000001,62,1,100,98,18,62,38150.9916164875
779,-56.70000000000001,62,1,100,98,18,62,38204.33661198616
780,-56.70000000000001,62,1,100,98,18,62,38257.03135514259
781,-56.70000000000001,62,1,100,98,18,62,38309.560277700424
782,-56.70000000000001,62,1,100,98,18,62,38362.938046216965
783,-56.70000000000001,62,1,100,98,18,62,38416.15848851204
784,-56.70000000000001,62,1,100,98,18,62,38467.904876708984
785,-56.70000000000001,62,1,100,98,18,62,38520.793635606766
786,-56.70000000000001,62,1,100,98,18,62,38572.091559648514
787,-56.70000000000001,62,1,100,98,18,62,38625.05002737045
788,-56.70000000000001,62,1,100,98,18,62,38677.874457120895
789,-56.70000000000001,62,1,100,98,18,62,38730.35922884941
790,-56.70000000000001,62,1,100,98,18,62,38783.42401957512
791,-61.30000000000001,62,1,100,97,18,62,38836.05971288681
792,-56.70000000000001,62,1,100,98,18,62,38889.21112728119
793,-56.70000000000001,62,1,100,98,18,62,38941.76469922066
794,-56.70000000000001,62,1,100,98,18,62,38995.21288084984
795,-56.70000000000001,62,1,100,98,18,62,39047.453909635544
796,-56.70000000000001,62,1,100,98,18,62,39100.11405682564
797,-56.70000000000001,62,1,100,98,18,62,39152.28046774864
798,-61.250000000000014,62,1,100,96,19,62,39204.93097090721
799,-56.70000000000001,62,1,100,98,18,62,39258.17581129074
800,-56.70000000000001,62,1,100,98,18,62,39310.79627966881
801,-56.70000000000001,62,1,100,98,18,62,39364.32271981239
802,-56.70000000000001,62,1,100,98,18,62,39416.43642640114
803,-61.15000000000001,62,1,100,96,21,62,39469.335810899734
804,-56.70000000000001,62,1,100,98,18,62,39521.819627046585
805,-56.70000000000001,62,1,100,98,18,62,39574.06775069237
806,-56.70000000000001,62,1,100,98,18,62,39627.70797586441
807,-71.85,62,1,100,97,23,62,39675.389563560486
808,-56.70000000000001,62,1,100,98,18,62,39729.3091917038
809,-56.70000000000001,62,1,100,98,18,62,39782.915407419205
810,-56.70000000000001,62,1,100,98,18,62,39837.087597608566
811,-56.70000000000001,62,1,100,98,18,62,39890.06266927719
812,-64.0,62,1,100,99,20,62,39939.74875020981
813,-56.70000000000001,62,1,100,98,18,62,39993.71654009819
814,-56.70000000000001,62,1,100,98,18,62,40046.663071870804
815,-56.70000000000001,62,1,100,98,18,62,40099.94611096382
816,-56.70000000000001,62,1,100,98,18,62,40152.07487177849
817,-56.70000000000001,62,1,100,98,18,62,40204.62070941925
818,-56.70000000000001,62,1,100,98,18,62,40257.43356871605
819,-56.70000000000001,62,1,100,98,18,62,40310.40913581848
820,-56.70000000000001,62,1,100,98,18,62,40362.560044288635
821,-56.70000000000001,62,1,100,98,18,62,40415.38189101219
822,-56.70000000000001,62,1,100,98,18,62,40467.92574453354
823,-56.70000000000001,62,1,100,98,18,62,40521.34284615517
824,-61.15000000000001,62,1,100,95,21,62,40575.18440270424
825,-56.70000000000001,62,1,100,98,18,62,40626.861003637314
826,-56.70000000000001,62,1,100,98,18,62,40680.041625738144
827,-56.70000000000001,62,1,100,98,18,62,40732.70591330528
828,-56.70000000000001,62,1,100,98,18,62,40785.59497475624
829,-56.70000000000001,62,1,100,98,18,62,40838.5455160141
830,-56.70000000000001,62,1,100,98,18,62,40891.08124279976
831,-56.70000000000001,62,1,100,98,18,62,40944.31316995621
832,-56.70000000000001,62,1,100,98,18,62,40995.85106706619
833,-56.70000000000001,62,1,100,98,18,62,41049.050987005234
834,-56.70000000000001,62,1,100,98,18,62,41101.73540043831
835,-56.70000000000001,62,1,100,98,18,62,41154.59239244461
836,-56.70000000000001,62,1,100,98,18,62,41206.165967941284
837,-56.70000000000001,62,1,100,98,18,62,41259.508608818054
838,-56.70000000000001,62,1,100,98,18,62,41312.3403608799
839,-56.70000000000001,62,1,100,98,18,62,41365.47830867767
840,-56.70000000000001,62,1,100,98,18,62,41418.99024605751
841,-56.70000000000001,62,1,100,98,18,62,41471.53952860832
842,-56.70000000000001,62,1,100,98,18,62,41524.63693547249
843,-56.70000000000001,62,1,100,98,18,62,41577.408865213394
844,-56.70000000000001,62,1,100,98,18,62,41630.00098776817
845,-56.70000000000001,62,1,100,98,18,62,41682.129878759384
846,-56.70000000000001,62,1,100,98,18,62,41734.55699419975
847,-61.15000000000001,62,1,100,95,21,62,41788.546093940735
848,-56.70000000000001,62,1,100,98,18,62,41841.565660476685
849,-56.70000000000001,62,1,100,98,18,62,41894.454738140106
850,-56.600000000000016,62,1,100,98,20,62,41947.543222904205
851,-56.70000000000001,62,1,100,98,18,62,42000.661321401596
852,-56.70000000000001,62,1,100,98,18,62,42052.709280490875
853,-61.150000000000006,62,1,100,95,21,62,42105.98727107048
854,-56.70000000000001,62,1,100,98,18,62,42157.97103643417
855,-56.70000000000001,62,1,100,98,18,62,42211.03735899925
856,-56.70000000000001,62,1,100,98,18,62,42263.65059089661
857,-56.70000000000001,62,1,100,98,18,62,42315.54165649414
858,-56.70000000000001,62,1,100,98,18,62,42368.774785518646
859,-56.70000000000001,62,1,100,98,18,62,42420.72101831436
860,-56.70000000000001,62,1,100,98,18,62,42474.781742572784
861,-56.70000000000001,62,1,100,98,18,62,42527.22648334503
862,-56.70000000000001,62,1,100,98,18,62,42581.67108511925
863,-58.70000000000001,62,1,100,100,18,62,42634.82624721527
864,-56.70000000000001,62,1,100,98,18,62,42687.056144952774
865,-56.70000000000001,62,1,100,98,18,62,42740.059131622314
866,-56.70000000000001,62,1,100,98,18,62,42791.667316675186
867,-56.70000000000001,62,1,100,98,18,62,42845.036470890045
868,-56.70000000000001,62,1,100,98,18,62,42897.60666298866
869,-56.70000000000001,62,1,100,98,18,62,42950.46763443947
870,-56.70000000000001,62,1,100,98,18,62,43003.38330435753
871,-56.70000000000001,62,1,100,98,18,62,43056.046297073364
872,-56.70000000000001,62,1,100,98,18,62,43108.76564979553
873,-56.70000000000001,62,1,100,98,18,62,43161.866629362106
874,-56.70000000000001,62,1,100,98,18,62,43215.096675634384
875,-56.70000000000001,62,1,100,98,18,62,43268.32860684395
876,-56.70000000000001,62,1,100,98,18,62,43321.34018445015
877,-56.70000000000001,62,1,100,98,18,62,43373.49339771271
878,-56.70000000000001,62,1,100,98,18,62,43427.74435544014
879,-56.70000000000001,62,1,100,98,18,62,43480.582607746124
880,-56.70000000000001,62,1,100,98,18,62,43532.566015958786
881,-56.70000000000001,62,1,100,98,18,62,43585.85023880005
882,-56.70000000000001,62,1,100,98,18,62,43638.653883457184
883,-56.70000000000001,62,1,100,98,18,62,43691.3022005558
884,-56.70000000000001,62,1,100,98,18,62,43743.44153547287
885,-56.70000000000001,62,1,100,98,18,62,43796.26869177818
886,-61.250000000000014,62,1,100,96,19,62,43846.670377492905
887,-59.05000000000001,62,1,100,99,23,62,43896.69819140434
888,-61.75000000000001,62,1,100,96,21,62,43948.2414393425
889,-56.70000000000001,62,1,100,98,18,62,44000.498599529266
890,-61.150000000000006,62,1,100,95,21,62,44053.772553920746
891,-56.70000000000001,62,1,100,98,18,62,44106.75015711784
892,-56.70000000000001,62,1,100,98,18,62,44160.03150558472
893,-56.70000000000001,62,1,100,98,18,62,44212.26357746124
894,-56.70000000000001,62,1,100,98,18,62,44265.88059926033
895,-62.150000000000006,62,1,100,95,21,62,44315.17145729065
896,-56.70000000000001,62,1,100,98,18,62,44367.84198832512
897,-56.70000000000001,62,1,100,98,18,62,44419.62221741676
898,-56.70000000000001,62,1,100,98,18,62,44471.9261803627
899,-56.70000000000001,62,1,100,98,18,62,44525.21807909012
900,-56.70000000000001,62,1,100,98,18,62,44578.810982465744
901,-56.70000000000001,62,1,100,98,18,62,44631.93154811859
902,-61.75000000000001,62,1,100,97,21,62,44683.63180685043
903,-56.70000000000001,62,1,100,98,18,62,44737.01832985878
904,-57.150000000000006,62,1,100,99,21,62,44789.44793987274
905,-61.750000000000014,62,1,100,97,21,62,44838.4087562561
906,-56.70000000000001,62,1,100,98,18,62,44891.95928454399
907,-56.70000000000001,62,1,100,98,18,62,44944.337263822556
908,-56.70000000000001,62,1,100,98,18,62,44997.767172813416
909,-62.850000000000016,62,1,100,95,15,62,45054.55396413803
910,-56.70000000000001,62,1,100,98,18,62,45107.3190510273
911,-56.70000000000001,62,1,100,98,18,62,45160.016109228134
912,-56.70000000000001,62,1,100,98,18,62,45212.94050884247
913,-56.70000000000001,62,1,100,98,18,62,45266.666818618774
914,-56.70000000000001,62,1,100,98,18,62,45318.97083950043
915,-56.70000000000001,62,1,100,98,18,62,45372.90272831917
916,-56.70000000000001,62,1,100,98,18,62,45424.75772237778
917,-56.70000000000001,62,1,100,98,18,62,45478.14897632599
918,-56.70000000000001,62,1,100,98,18,62,45530.87582373619
919,-56.70000000000001,62,1,100,98,18,62,45584.010432481766
920,-56.70000000000001,62,1,100,98,18,62,45637.717292547226
921,-56.70000000000001,62,1,100,98,18,62,45690.32493877411
922,-58.45000000000002,62,1,100,98,23,62,45743.37514257431
923,-56.70000000000001,62,1,100,98,18,62,45797.21711921692
924,-56.70000000000001,62,1,100,98,18,62,45850.74231386185
925,-56.70000000000001,62,1,100,98,18,62,45903.333778858185
926,-56.70000000000001,62,1,100,98,18,62,45956.64099526405
927,-56.70000000000001,62,1,100,98,18,62,46007.8036441803
928,-56.70000000000001,62,1,100,98,18,62,46060.45230126381
929,-56.70000000000001,62,1,100,98,18,62,46112.965715646744
930,-56.70000000000001,62,1,100,98,18,62,46165.79599785805
931,-56.70000000000001,62,1,100,98,18,62,46218.3498749733
932,-56.70000000000001,62,1,100,98,18,62,46270.145220041275
933,-56.70000000000001,62,1,100,98,18,62,46323.35461091995
934,-56.70000000000001,62,1,100,98,18,62,46375.90820503235
935,-56.70000000000001,62,1,100,98,18,62,46429.22517967224
936,-56.70000000000001,62,1,100,98,18,62,46481.93520617485
937,-56.70000000000001,62,1,100,98,18,62,46536.226340293884
938,-56.70000000000001,62,1,100,98,18,62,46589.03223776817
939,-56.70000000000001,62,1,100,98,18,62,46641.170377254486
940,-56.70000000000001,62,1,100,98,18,62,46694.68713760376
941,-56.70000000000001,62,1,100,98,18,62,46747.274574518204
942,-56.70000000000001,62,1,100,98,18,62,46799.84277200699
943,-56.70000000000001,62,1,100,98,18,62,46852.57082819939
944,-56.70000000000001,62,1,100,98,18,62,46905.39828872681
945,-56.70000000000001,62,1,100,98,18,62,46958.02736353874
946,-56.70000000000001,62,1,100,98,18,62,47010.976011276245
947,-56.70000000000001,62,1,100,98,18,62,47063.13863325119
948,-56.70000000000001,62,1,100,98,18,62,47115.21591448784
949,-56.70000000000001,62,1,100,98,18,62,47168.24932050705
950,-56.70000000000001,62,1,100,98,18,62,47220.44109964371
951,-56.70000000000001,62,1,100,98,18,62,47273.877343177795
952,-56.70000000000001,62,1,100,98,18,62,47326.102205991745
953,-56.70000000000001,62,1,100,98,18,62,47379.4438726902
954,-56.70000000000001,62,1,100,98,18,62,47432.47305560112
955,-56.70000000000001,62,1,100,98,18,62,47486.64951348305
956,-56.70000000000001,62,1,100,98,18,62,47539.35523676872
957,-56.70000000000001,62,1,100,98,18,62,47591.04747915268
958,-56.70000000000001,62,1,100,98,18,62,47644.26625704765
959,-56.70000000000001,62,1,100,98,18,62,47696.96846437454
960,-56.70000000000001,62,1,100,98,18,62,47749.50207853317
961,-56.70000000000001,62,1,100,98,18,62,47801.930639743805
962,-56.70000000000001,62,1,100,98,18,62,47854.61047077179
963,-56.70000000000001,62,1,100,98,18,62,47907.76485347748
964,-56.70000000000001,62,1,100,98,18,62,47960.37880253792
965,-56.70000000000001,62,1,100,98,18,62,48012.347312927246
966,-56.70000000000001,62,1,100,98,18,62,48064.31241154671
967,-56.70000000000001,62,1,100,98,18,62,48118.13837981224
968,-56.70000000000001,62,1,100,98,18,62,48170.979261398315
969,-56.70000000000001,62,1,100,98,18,62,48222.52473402023
970,-56.70000000000001,62,1,100,98,18,62,48275.40249347687
971,-56.70000000000001,62,1,100,98,18,62,48327.010825157166
972,-56.70000000000001,62,1,100,98,18,62,48379.874999284744
973,-56.70000000000001,62,1,100,98,18,62,48432.411831617355
974,-56.70000000000001,62,1,100,98,18,62,48485.118990659714
975,-56.70000000000001,62,1,100,98,18,62,48537.122017621994
976,-56.70000000000001,62,1,100,98,18,62,48589.82318401337
977,-56.70000000000001,62,1,100,98,18,62,48641.42518353462
978,-56.70000000000001,62,1,100,98,18,62,48693.8653049469
979,-56.70000000000001,62,1,100,98,18,62,48746.92082476616
980,-56.70000000000001,62,1,100,98,18,62,48798.591831207275
981,-56.70000000000001,62,1,100,98,18,62,48851.428723573685
982,-56.70000000000001,62,1,100,98,18,62,48904.75748372078
983,-56.70000000000001,62,1,100,98,18,62,48957.53233718872
984,-56.70000000000001,62,1,100,98,18,62,49010.03497219086
985,-56.70000000000001,62,1,100,98,18,62,49063.247873306274
986,-56.70000000000001,62,1,100,98,18,62,49116.00768995285
987,-56.70000000000001,62,1,100,98,18,62,49167.724445581436
988,-56.70000000000001,62,1,100,98,18,62,49221.195612192154
989,-56.70000000000001,62,1,100,98,18,62,49274.5921330452
990,-56.70000000000001,62,1,100,98,18,62,49327.93758273125
991,-56.70000000000001,62,1,100,98,18,62,49379.97612738609
992,-56.70000000000001,62,1,100,98,18,62,49433.02573299408
993,-56.70000000000001,62,1,100,98,18,62,49485.453782081604
994,-56.70000000000001,62,1,100,98,18,62,49538.232369184494
995,-56.70000000000001,62,1,100,98,18,62,49591.20341300964
996,-56.70000000000001,62,1,100,98,18,62,49643.36885714531
997,-56.70000000000001,62,1,100,98,18,62,49695.842703580856
998,-56.70000000000001,62,1,100,98,18,62,49747.148111343384
999,-56.70000000000001,62,1,100,98,18,62,49800.230967998505
1000,-56.70000000000001,62,1,100,98,18,62,49852.401409864426
1001,-56.70000000000001,62,1,100,98,18,62,49904.93244290352
1002,-56.70000000000001,62,1,100,98,18,62,49956.28295826912
1003,-56.70000000000001,62,1,100,98,18,62,50008.54083156586
1004,-56.70000000000001,62,1,100,98,18,62,50061.70050930977
1005,-56.70000000000001,62,1,100,98,18,62,50113.994938611984
1006,-56.70000000000001,62,1,100,98,18,62,50166.37299156189
1007,-56.70000000000001,62,1,100,98,18,62,50218.499923467636
1008,-56.70000000000001,62,1,100,98,18,62,50271.74114084244
1009,-56.70000000000001,62,1,100,98,18,62,50323.07409572601
1010,-56.70000000000001,62,1,100,98,18,62,50375.485488414764
1011,-56.70000000000001,62,1,100,98,18,62,50427.769431352615
1012,-56.70000000000001,62,1,100,98,18,62,50481.043102264404
1013,-56.70000000000001,62,1,100,98,18,62,50533.10920929909
1014,-56.70000000000001,62,1,100,98,18,62,50584.15534520149
1015,-56.70000000000001,62,1,100,98,18,62,50635.70335507393
1016,-56.70000000000001,62,1,100,98,18,62,50687.438223838806
1017,-56.70000000000001,62,1,100,98,18,62,50740.2679977417
1018,-56.70000000000001,62,1,100,98,18,62,50792.59451651573
1019,-56.70000000000001,62,1,100,98,18,62,50844.54720568657
1020,-56.70000000000001,62,1,100,98,18,62,50896.70807147026
1021,-56.70000000000001,62,1,100,98,18,62,50948.142765045166
1022,-56.70000000000001,62,1,100,98,18,62,51001.21901059151
1023,-56.70000000000001,62,1,100,98,18,62,51052.9083507061
1024,-56.70000000000001,62,1,100,98,18,62,51105.21515893936
1025,-56.70000000000001,62,1,100,98,18,62,51158.02835035324
1026,-56.70000000000001,62,1,100,98,18,62,51210.60069322586
1027,-56.70000000000001,62,1,100,98,18,62,51263.51228404045
1028,-56.70000000000001,62,1,100,98,18,62,51315.57366728783
1029,-56.70000000000001,62,1,100,98,18,62,51367.19293260574
1030,-56.70000000000001,62,1,100,98,18,62,51418.99239850044
1031,-56.70000000000001,62,1,100,98,18,62,51471.31129717827
1032,-56.70000000000001,62,1,100,98,18,62,51523.22140479088
1033,-56.70000000000001,62,1,100,98,18,62,51576.128657341
1034,-56.70000000000001,62,1,100,98,18,62,51628.039823532104
1035,-56.70000000000001,62,1,100,98,18,62,51679.04833698273
1036,-56.70000000000001,62,1,100,98,18,62,51732.159051418304
1037,-61.0,62,1,100,95,24,62,51784.34928894043
1038,-56.70000000000001,62,1,100,98,18,62,51837.35869383812
1039,-61.30000000000001,62,1,100,98,18,62,51889.46645116806
1040,-56.70000000000001,62,1,100,98,18,62,51941.68296074867
1041,-56.70000000000001,62,1,100,98,18,62,51993.1761264801
1042,-56.70000000000001,62,1,100,98,18,62,52045.40365767479
1043,-56.70000000000001,62,1,100,98,18,62,52097.48604774475
1044,-56.70000000000001,62,1,100,98,18,62,52148.98197102547
1045,-56.70000000000001,62,1,100,98,18,62,52201.286321401596
1046,-56.70000000000001,62,1,100,98,18,62,52252.26200890541
1047,-56.70000000000001,62,1,100,98,18,62,52304.285234451294
1048,-56.70000000000001,62,1,100,98,18,62,52356.52730154991
1049,-56.70000000000001,62,1,100,98,18,62,52408.72411751747
1050,-56.70000000000001,62,1,100,98,18,62,52460.04220557213
1051,-56.70000000000001,62,1,100,98,18,62,52510.99180197716
1052,-58.55000000000001,62,1,100,99,21,62,52563.57486987114
1053,-56.70000000000001,62,1,100,98,18,62,52615.146433353424
1054,-56.70000000000001,62,1,100,98,18,62,52668.16858005524
1055,-56.70000000000001,62,1,100,98,18,62,52720.86104631424
1056,-56.70000000000001,62,1,100,98,18,62,52772.414048194885
1057,-56.70000000000001,62,1,100,98,18,62,52824.62968111038
1058,-56.70000000000001,62,1,100,98,18,62,52877.09390974045
1059,-56.70000000000001,62,1,100,98,18,62,52929.39312362671
1060,-56.70000000000001,62,1,100,98,18,62,52981.888452768326
1061,-56.70000000000001,62,1,100,98,18,62,53033.350247859955
1062,-56.70000000000001,62,1,100,98,18,62,53085.12067317963
1063,-56.70000000000001,62,1,100,98,18,62,53137.90049934387
1064,-56.70000000000001,62,1,100,98,18,62,53189.06420278549
1065,-56.70000000000001,62,1,100,98,18,62,53239.69264793396
1066,-56.70000000000001,62,1,100,98,18,62,53291.43879675865
1067,-56.70000000000001,62,1,100,98,18,62,53342.82766246796
1068,-56.70000000000001,62,1,100,98,18,62,53395.658608436584
1069,-56.70000000000001,62,1,100,98,18,62,53447.50686430931
1070,-56.70000000000001,62,1,100,98,18,62,53499.42252635956
1071,-56.70000000000001,62,1,100,98,18,62,53551.934121370316
1072,-56.70000000000001,62,1,100,98,18,62,53603.90899801254
1073,-56.70000000000001,62,1,100,98,18,62,53656.191463947296
1074,-56.70000000000001,62,1,100,98,18,62,53707.52895951271
1075,-56.70000000000001,62,1,100,98,18,62,53759.404681921005
1076,-56.70000000000001,62,1,100,98,18,62,53810.17124795914
1077,-56.70000000000001,62,1,100,98,18,62,53862.15280556679
1078,-56.70000000000001,62,1,100,98,18,62,53914.39173698425
1079,-56.70000000000001,62,1,100,98,18,62,53967.86202764511
1080,-56.70000000000001,62,1,100,98,18,62,54020.935999155045
1081,-56.70000000000001,62,1,100,98,18,62,54072.81330084801
1082,-56.70000000000001,62,1,100,98,18,62,54124.456938266754
1083,-56.70000000000001,62,1,100,98,18,62,54176.609286785126
1084,-56.70000000000001,62,1,100,98,18,62,54227.954058647156
1085,-56.70000000000001,62,1,100,98,18,62,54279.74021244049
1086,-56.70000000000001,62,1,100,98,18,62,54333.32879495621
1087,-56.70000000000001,62,1,100,98,18,62,54385.38070106506
1088,-56.70000000000001,62,1,100,98,18,62,54436.7676525116
1089,-56.70000000000001,62,1,100,98,18,62,54489.112200021744
1090,-56.70000000000001,62,1,100,98,18,62,54540.34186053276
1091,-56.70000000000001,62,1,100,98,18,62,54592.25926709175
1092,-56.70000000000001,62,1,100,98,18,62,54644.09990620613
1093,-56.70000000000001,62,1,100,98,18,62,54696.25061392784
1094,-56.70000000000001,62,1,100,98,18,62,54748.38366127014
1095,-56.70000000000001,62,1,100,98,18,62,54799.75052499771
1096,-56.70000000000001,62,1,100,98,18,62,54852.09353852272
1097,-56.70000000000001,62,1,100,98,18,62,54903.70080590248
1098,-56.70000000000001,62,1,100,98,18,62,54956.32977056503
1099,-56.70000000000001,62,1,100,98,18,62,55008.07176446915
1100,-56.70000000000001,62,1,100,98,18,62,55059.901460170746
1101,-56.70000000000001,62,1,100,98,18,62,55111.48559713364
1102,-56.70000000000001,62,1,100,98,18,62,55162.702474832535
1103,-61.95,62,1,100,98,21,62,55215.547367334366
1104,-56.70000000000001,62,1,100,98,18,62,55267.33143186569
1105,-56.70000000000001,62,1,100,98,18,62,55319.57846570015
1106,-56.70000000000001,62,1,100,98,18,62,55371.31943202019
1107,-115.04999999999998,62,1,100,95,11,62,55413.220343351364
1108,-74.3,62,1,100,95,22,62,55463.8123691082
1109,-83.29999999999998,62,1,100,98,26,62,55511.92248272896
1110,-85.05,62,1,100,95,23,62,55560.39107584953
1111,-85.05,62,1,100,95,23,62,55607.77608513832
1112,-73.5,62,1,100,95,18,62,55662.641287088394
1113,-84.29999999999998,62,1,100,95,18,62,55713.56522274017
1114,-62.850000000000016,62,1,100,95,15,62,55769.14137387276
1115,-56.70000000000001,62,1,100,98,18,62,55822.06446433067
1116,-56.70000000000001,62,1,100,98,18,62,55872.68560099602
1117,-62.850000000000016,62,1,100,95,15,62,55930.76336097717
1118,-56.70000000000001,62,1,100,98,18,62,55982.360387563705
1119,-56.70000000000001,62,1,100,98,18,62,56034.78313279152
1120,-56.70000000000001,62,1,100,98,18,62,56086.32846546173
1121,-56.70000000000001,62,1,100,98,18,62,56138.95976853371
1122,-56.70000000000001,62,1,100,98,18,62,56191.05786728859
1123,-56.70000000000001,62,1,100,98,18,62,56243.701671123505
1124,-61.250000000000014,62,1,100,96,19,62,56294.330760002136
1125,-58.40000000000001,62,1,100,100,20,62,56339.08534526825
1126,-58.300000000000004,62,1,100,98,22,62,56387.968915224075
1127,-110.05000000000001,62,1,100,99,23,62,56429.24783563614
1128,-58.45000000000001,62,1,100,100,19,62,56476.85795259476
1129,-58.350000000000016,62,1,100,99,21,62,56524.15393900871
1130,-62.35,62,1,100,96,21,62,56568.450005054474
1131,-62.350000000000016,62,1,100,96,21,62,56611.346230745316
1132,-58.40000000000001,62,1,100,100,20,62,56655.2713932991
1133,-58.30000000000001,62,1,100,100,22,62,56701.08921957016
1134,-56.70000000000001,62,1,100,98,18,62,56753.49455285072
1135,-56.70000000000001,62,1,100,98,18,62,56804.664679288864
1136,-56.70000000000001,62,1,100,98,18,62,56857.76116275787
1137,-56.70000000000001,62,1,100,98,18,62,56909.73122024536
1138,-56.70000000000001,62,1,100,98,18,62,56962.11180996895
1139,-56.70000000000001,62,1,100,98,18,62,57014.4520919323
1140,-56.70000000000001,62,1,100,98,18,62,57066.76980519295
1141,-56.70000000000001,62,1,100,98,18,62,57119.12152838707
1142,-56.70000000000001,62,1,100,98,18,62,57170.56445002556
1143,-56.70000000000001,62,1,100,98,18,62,57222.93919348717
1144,-56.70000000000001,62,1,100,98,18,62,57275.76671886444
1145,-56.70000000000001,62,1,100,98,18,62,57327.28419780731
1146,-56.70000000000001,62,1,100,98,18,62,57379.66733789444
1147,-56.70000000000001,62,1,100,98,18,62,57431.32996630669
1148,-56.70000000000001,62,1,100,98,18,62,57483.68592739105
1149,-56.70000000000001,62,1,100,98,18,62,57535.791097164154
1150,-56.70000000000001,62,1,100,98,18,62,57588.28901433945
1151,-56.70000000000001,62,1,100,98,18,62,57639.63095712662
1152,-56.70000000000001,62,1,100,98,18,62,57690.330646038055
1153,-56.70000000000001,62,1,100,98,18,62,57743.53583550453
1154,-56.70000000000001,62,1,100,98,18,62,57795.23697209358
1155,-62.850000000000016,62,1,100,95,15,62,57853.356471538544
1156,-56.70000000000001,62,1,100,98,18,62,57907.3715031147
1157,-56.70000000000001,62,1,100,98,18,62,57958.49865317345
1158,-56.70000000000001,62,1,100,98,18,62,58010.47261309624
1159,-61.150000000000006,62,1,100,95,21,62,58062.035292863846
1160,-61.75000000000001,62,1,100,97,21,62,58111.07929730415
1161,-56.70000000000001,62,1,100,98,18,62,58163.18872261047
1162,-56.70000000000001,62,1,100,98,18,62,58214.29481482506
1163,-56.70000000000001,62,1,100,98,18,62,58266.65426874161
1164,-56.70000000000001,62,1,100,98,18,62,58319.413076877594
1165,-56.70000000000001,62,1,100,98,18,62,58372.088494062424
1166,-56.70000000000001,62,1,100,98,18,62,58423.73316693306
1167,-56.70000000000001,62,1,100,98,18,62,58476.517300605774
1168,-56.70000000000001,62,1,100,98,18,62,58528.92076134682
1169,-56.70000000000001,62,1,100,98,18,62,58580.966868400574
1170,-61.150000000000006,62,1,100,95,21,62,58634.287494659424
1171,-56.70000000000001,62,1,100,98,18,62,58686.92562413216
1172,-56.70000000000001,62,1,100,98,18,62,58739.42259693146
1173,-56.70000000000001,62,1,100,98,18,62,58792.03950572014
1174,-56.70000000000001,62,1,100,98,18,62,58846.05686736107
1175,-56.70000000000001,62,1,100,98,18,62,58898.92125749588
1176,-56.70000000000001,62,1,100,98,18,62,58952.099110126495
1177,-56.70000000000001,62,1,100,98,18,62,59005.21581149101
1178,-64.5,62,1,100,96,22,62,59059.14689183235
1179,-61.250000000000014,62,1,100,98,19,62,59113.45740675926
1180,-63.600000000000016,62,1,100,95,24,62,59157.38446068764
1181,-61.60000000000002,62,1,100,95,24,62,59204.81241297722
1182,-56.70000000000001,62,1,100,98,18,62,59258.60479974747
1183,-56.70000000000001,62,1,100,98,18,62,59311.2426636219
1184,-58.45000000000001,62,1,100,99,23,62,59363.95671796799
1185,-56.70000000000001,62,1,100,98,18,62,59417.03735136986
1186,-56.70000000000001,62,1,100,98,18,62,59469.016495227814
1187,-56.70000000000001,62,1,100,98,18,62,59521.83873343468
1188,-56.70000000000001,62,1,100,98,18,62,59574.12339043617
1189,-56.70000000000001,62,1,100,98,18,62,59625.92429471016
1190,-56.70000000000001,62,1,100,98,18,62,59678.76448535919
1191,-56.70000000000001,62,1,100,98,18,62,59730.833312511444
1192,-56.70000000000001,62,1,100,98,18,62,59783.3760035038
1193,-56.70000000000001,62,1,100,98,18,62,59835.38603639603
1194,-56.70000000000001,62,1,100,98,18,62,59888.88863635063
1195,-56.70000000000001,62,1,100,98,18,62,59941.71205449104
1196,-56.70000000000001,62,1,100,98,18,62,59994.003098249435
1197,-56.70000000000001,62,1,100,98,18,62,60046.94632792473
1198,-63.00000000000002,62,1,100,95,24,62,60093.59138059616
1199,-56.70000000000001,62,1,100,98,18,62,60147.10131883621
1200,-61.95000000000002,62,1,100,96,13,62,60203.26653385162
1201,-56.70000000000001,62,1,100,98,18,62,60255.68394255638
1202,-56.70000000000001,62,1,100,98,18,62,60306.262846946716
1203,-56.70000000000001,62,1,100,98,18,62,60357.37824964523
1204,-56.70000000000001,62,1,100,98,18,62,60409.342208623886
1205,-56.70000000000001,62,1,100,98,18,62,60462.28704094887
1206,-56.70000000000001,62,1,100,98,18,62,60514.09722185135
1207,-56.70000000000001,62,1,100,98,18,62,60564.21030473709
1208,-56.70000000000001,62,1,100,98,18,62,60616.111738443375
1209,-56.70000000000001,62,1,100,98,18,62,60666.162492990494
1210,-56.70000000000001,62,1,100,98,18,62,60718.03469610214
1211,-56.70000000000001,62,1,100,98,18,62,60768.168156147
1212,-56.70000000000001,62,1,100,98,18,62,60818.53784656525
1213,-56.70000000000001,62,1,100,98,18,62,60869.8765745163
1214,-56.70000000000001,62,1,100,98,18,62,60920.39778423309
1215,-56.70000000000001,62,1,100,98,18,62,60970.89514541626
1216,-56.70000000000001,62,1,100,98,18,62,61020.76847863197
1217,-56.70000000000001,62,1,100,98,18,62,61073.06879687309
1218,-56.70000000000001,62,1,100,98,18,62,61124.781914711
1219,-56.70000000000001,62,1,100,98,18,62,61174.77690577507
1220,-56.70000000000001,62,1,100,98,18,62,61226.50257182121
1221,-56.70000000000001,62,1,100,98,18,62,61276.747923374176
1222,-56.70000000000001,62,1,100,98,18,62,61327.75955295563
1223,-56.70000000000001,62,1,100,98,18,62,61378.321197509766
1224,-56.70000000000001,62,1,100,98,18,62,61429.6023850441
1225,-56.70000000000001,62,1,100,98,18,62,61480.23654413223
1226,-56.70000000000001,62,1,100,98,18,62,61530.63102412224
1227,-56.70000000000001,62,1,100,98,18,62,61582.47789311409
1228,-56.70000000000001,62,1,100,98,18,62,61633.66433429718
1229,-56.70000000000001,62,1,100,98,18,62,61685.14936518669
1230,-56.70000000000001,62,1,100,98,18,62,61735.95464158058
1231,-56.70000000000001,62,1,100,98,18,62,61787.78693604469
1232,-56.70000000000001,62,1,100,98,18,62,61839.32458639145
1233,-56.70000000000001,62,1,100,98,18,62,61890.32820367813
1234,-56.70000000000001,62,1,100,98,18,62,61942.05686426163
1235,-56.70000000000001,62,1,100,98,18,62,61992.65345454216
1236,-68.0,62,1,100,86,20,62,62047.91514182091
1237,-56.70000000000001,62,1,100,98,18,62,62098.336277484894
1238,-56.70000000000001,62,1,100,98,18,62,62150.8694767952
1239,-56.70000000000001,62,1,100,98,18,62,62202.67908477783
1240,-56.70000000000001,62,1,100,98,18,62,62254.77437019348
1241,-56.70000000000001,62,1,100,98,18,62,62306.01228380203
1242,-56.70000000000001,62,1,100,98,18,62,62357.49067735672
1243,-56.70000000000001,62,1,100,98,18,62,62409.47515463829
1244,-56.70000000000001,62,1,100,98,18,62,62460.213586330414
1245,-56.70000000000001,62,1,100,98,18,62,62512.872545957565
1246,-62.150000000000006,62,1,100,97,21,62,62565.015904188156
1247,-56.70000000000001,62,1,100,98,18,62,62616.31728839874
1248,-56.70000000000001,62,1,100,98,18,62,62667.149349451065
1249,-56.70000000000001,62,1,100,98,18,62,62718.43475198746
1250,-56.70000000000001,62,1,100,98,18,62,62770.96765804291
1251,-56.70000000000001,62,1,100,98,18,62,62821.50832104683
1252,-56.70000000000001,62,1,100,98,18,62,62873.236824035645
1253,-56.70000000000001,62,1,100,98,18,62,62922.548241615295
1254,-56.70000000000001,62,1,100,98,18,62,62975.141478300095
1255,-56.70000000000001,62,1,100,98,18,62,63026.338398218155
1256,-56.70000000000001,62,1,100,98,18,62,63078.001435518265
1257,-56.70000000000001,62,1,100,98,18,62,63128.22893857956
1258,-56.70000000000001,62,1,100,98,18,62,63178.55922341347
1259,-56.70000000000001,62,1,100,98,18,62,63229.81617760658
1260,-56.70000000000001,62,1,100,98,18,62,63281.93511247635
1261,-56.70000000000001,62,1,100,98,18,62,63333.589455127716
1262,-56.70000000000001,62,1,100,98,18,62,63385.95763230324
1263,-56.70000000000001,62,1,100,98,18,62,63437.248792648315
1264,-56.70000000000001,62,1,100,98,18,62,63489.37798523903
1265,-56.70000000000001,62,1,100,98,18,62,63540.153113126755
1266,-56.70000000000001,62,1,100,98,18,62,63592.368920087814
1267,-56.70000000000001,62,1,100,98,18,62,63642.86706852913
1268,-56.70000000000001,62,1,100,98,18,62,63694.13489794731
1269,-56.70000000000001,62,1,100,98,18,62,63745.541548252106
1270,-56.70000000000001,62,1,100,98,18,62,63796.81975245476
1271,-56.70000000000001,62,1,100,98,18,62,63847.68019914627
1272,-56.70000000000001,62,1,100,98,18,62,63898.667835474014
1273,-56.70000000000001,62,1,100,98,18,62,63950.7100007534
1274,-56.70000000000001,62,1,100,98,18,62,64001.811553001404
1275,-56.70000000000001,62,1,100,98,18,62,64053.538715839386
1276,-56.70000000000001,62,1,100,98,18,62,64104.352954387665
1277,-56.70000000000001,62,1,100,98,18,62,64155.06050634384
1278,-56.70000000000001,62,1,100,98,18,62,64208.241204977036
1279,-56.70000000000001,62,1,100,98,18,62,64259.04675960541
1280,-61.150000000000006,62,1,100,95,21,62,64310.291825294495
1281,-61.25000000000001,62,1,100,96,19,62,64360.30275297165
1282,-59.00000000000001,62,1,100,99,24,62,64406.01542878151
1283,-61.95000000000002,62,1,100,96,13,62,64460.700991630554
1284,-56.70000000000001,62,1,100,98,18,62,64510.75882911682
1285,-56.70000000000001,62,1,100,98,18,62,64562.740246772766
1286,-56.70000000000001,62,1,100,98,18,62,64613.09280157089
1287,-56.70000000000001,62,1,100,98,18,62,64665.03937911987
1288,-56.70000000000001,62,1,100,98,18,62,64715.94036149979
1289,-56.70000000000001,62,1,100,98,18,62,64766.719448804855
1290,-56.70000000000001,62,1,100,98,18,62,64818.91268110275
1291,-56.70000000000001,62,1,100,98,18,62,64870.23111534119
1292,-56.70000000000001,62,1,100,98,18,62,64922.02557396889
1293,-56.70000000000001,62,1,100,98,18,62,64972.873744249344
1294,-56.70000000000001,62,1,100,98,18,62,65024.12518763542
1295,-56.70000000000001,62,1,100,98,18,62,65075.666684150696
1296,-56.70000000000001,62,1,100,98,18,62,65126.63828134537
1297,-56.70000000000001,62,1,100,98,18,62,65178.32072043419
1298,-56.70000000000001,62,1,100,98,18,62,65229.545139312744
1299,-56.70000000000001,62,1,100,98,18,62,65282.02257704735
1300,-56.70000000000001,62,1,100,98,18,62,65332.01282572746
1301,-56.70000000000001,62,1,100,98,18,62,65383.428678035736
1302,-63.05,62,1,100,97,23,62,65435.955174684525
1303,-63.00000000000002,62,1,100,95,24,62,65482.75852227211
1304,-56.70000000000001,62,1,100,98,18,62,65534.478090286255
1305,-56.70000000000001,62,1,100,98,18,62,65585.48657035828
1306,-56.70000000000001,62,1,100,98,18,62,65637.13326239586
1307,-56.70000000000001,62,1,100,98,18,62,65687.30602025986
1308,-56.70000000000001,62,1,100,98,18,62,65738.59859275818
1309,-56.70000000000001,62,1,100,98,18,62,65789.9716103077
1310,-56.70000000000001,62,1,100,98,18,62,65840.6214017868
1311,-56.70000000000001,62,1,100,98,18,62,65893.34634876251
1312,-56.70000000000001,62,1,100,98,18,62,65943.80453896523
1313,-56.70000000000001,62,1,100,98,18,62,65996.33897852898
1314,-56.70000000000001,62,1,100,98,18,62,66047.07343316078
1315,-56.70000000000001,62,1,100,98,18,62,66098.88436961174
1316,-56.70000000000001,62,1,100,98,18,62,66150.1521434784
1317,-56.70000000000001,62,1,100,98,18,62,66200.24139404297
1318,-56.70000000000001,62,1,100,98,18,62,66253.44640755653
1319,-56.70000000000001,62,1,100,98,18,62,66305.21935391426
1320,-56.70000000000001,62,1,100,98,18,62,66357.76396799088
1321,-56.70000000000001,62,1,100,98,18,62,66408.57185530663
1322,-56.70000000000001,62,1,100,98,18,62,66460.45824146271
1323,-56.70000000000001,62,1,100,98,18,62,66511.1407623291
1324,-56.70000000000001,62,1,100,98,18,62,66562.80868577957
1325,-56.70000000000001,62,1,100,98,18,62,66614.16598415375
1326,-56.70000000000001,62,1,100,98,18,62,66665.3878698349
1327,-56.70000000000001,62,1,100,98,18,62,66718.06633019447
1328,-56.70000000000001,62,1,100,98,18,62,66769.92636156082
1329,-56.70000000000001,62,1,100,98,18,62,66821.93411135674
1330,-56.99999999999999,62,1,100,99,24,62,66871.78685450554
1331,-56.70000000000001,62,1,100,98,18,62,66922.0108487606
1332,-56.70000000000001,62,1,100,98,18,62,66975.0734372139
1333,-56.70000000000001,62,1,100,98,18,62,67026.96474313736
1334,-56.70000000000001,62,1,100,98,18,62,67078.4903576374
1335,-56.70000000000001,62,1,100,98,18,62,67129.77830123901
1336,-56.70000000000001,62,1,100,98,18,62,67182.78187084198
1337,-56.70000000000001,62,1,100,98,18,62,67235.40410089493
1338,-56.70000000000001,62,1,100,98,18,62,67285.88211584091
1339,-56.70000000000001,62,1,100,98,18,62,67337.21940469742
1340,-56.70000000000001,62,1,100,98,18,62,67388.2281293869
1341,-56.70000000000001,62,1,100,98,18,62,67440.24584722519
1342,-56.70000000000001,62,1,100,98,18,62,67491.15416622162
1343,-67.50000000000001,62,1,100,97,22,62,67541.43900966644
1344,-56.70000000000001,62,1,100,98,18,62,67592.5646674633
1345,-56.70000000000001,62,1,100,98,18,62,67645.709253788
1346,-56.70000000000001,62,1,100,98,18,62,67698.2943918705
1347,-56.70000000000001,62,1,100,98,18,62,67749.52420067787
1348,-56.70000000000001,62,1,100,98,18,62,67802.00592422485
1349,-56.70000000000001,62,1,100,98,18,62,67852.74708795547
1350,-56.70000000000001,62,1,100,98,18,62,67904.74768948555
1351,-56.70000000000001,62,1,100,98,18,62,67956.04785943031
1352,-56.70000000000001,62,1,100,98,18,62,68008.31623864174
1353,-56.70000000000001,62,1,100,98,18,62,68060.21248149872
1354,-56.70000000000001,62,1,100,98,18,62,68110.54897475243
1355,-56.70000000000001,62,1,100,98,18,62,68163.65877652168
1356,-56.70000000000001,62,1,100,98,18,62,68214.29206776619
1357,-56.70000000000001,62,1,100,98,18,62,68266.5361559391
1358,-56.70000000000001,62,1,100,98,18,62,68318.53820753098
1359,-56.70000000000001,62,1,100,98,18,62,68369.87738418579
1360,-56.70000000000001,62,1,100,98,18,62,68422.18851995468
1361,-56.70000000000001,62,1,100,98,18,62,68474.4359588623
1362,-56.70000000000001,62,1,100,98,18,62,68525.48539924622
1363,-56.70000000000001,62,1,100,98,18,62,68576.18290066719
1364,-56.70000000000001,62,1,100,98,18,62,68629.25865244865
1365,-56.70000000000001,62,1,100,98,18,62,68680.2135014534
1366,-56.70000000000001,62,1,100,98,18,62,68731.71397137642
1367,-56.70000000000001,62,1,100,98,18,62,68783.11855363846
1368,-56.70000000000001,62,1,100,98,18,62,68835.27366232872
1369,-56.70000000000001,62,1,100,98,18,62,68887.50615096092
1370,-56.70000000000001,62,1,100,98,18,62,68938.27269339561
1371,-56.70000000000001,62,1,100,98,18,62,68989.56843996048
1372,-56.70000000000001,62,1,100,98,18,62,69041.21902251244
1373,-56.70000000000001,62,1,100,98,18,62,69092.86058092117
1374,-56.70000000000001,62,1,100,98,18,62,69144.89243936539
1375,-56.70000000000001,62,1,100,98,18,62,69194.71547484398
1376,-56.70000000000001,62,1,100,98,18,62,69246.46967768669
1377,-56.70000000000001,62,1,100,98,18,62,69297.65608882904
1378,-56.70000000000001,62,1,100,98,18,62,69348.71490263939
1379,-56.70000000000001,62,1,100,98,18,62,69399.59378170967
1380,-56.70000000000001,62,1,100,98,18,62,69449.90977048874
1381,-56.70000000000001,62,1,100,98,18,62,69500.76000618935
1382,-56.70000000000001,62,1,100,98,18,62,69552.11592078209
1383,-56.70000000000001,62,1,100,98,18,62,69603.7794907093
1384,-56.70000000000001,62,1,100,98,18,62,69653.79497861862
1385,-56.70000000000001,62,1,100,98,18,62,69705.0697350502
1386,-56.70000000000001,62,1,100,98,18,62,69756.03424429893
1387,-56.70000000000001,62,1,100,98,18,62,69807.57360553741
1388,-56.70000000000001,62,1,100,98,18,62,69859.6656999588
1389,-56.70000000000001,62,1,100,98,18,62,69910.45197916031
1390,-56.70000000000001,62,1,100,98,18,62,69962.33533000946
1391,-56.70000000000001,62,1,100,98,18,62,70014.09721446037
1392,-56.70000000000001,62,1,100,98,18,62,70065.60971713066
1393,-56.70000000000001,62,1,100,98,18,62,70117.48290514946
1394,-56.70000000000001,62,1,100,98,18,62,70169.24245381355
1395,-56.70000000000001,62,1,100,98,18,62,70220.16895008087
1396,-60.45,62,1,100,100,23,62,70272.9878706932
1397,-56.70000000000001,62,1,100,98,18,62,70324.89257836342
1398,-56.70000000000001,62,1,100,98,18,62,70375.69814395905
1399,-56.70000000000001,62,1,100,98,18,62,70427.03578686714
1400,-56.70000000000001,62,1,100,98,18,62,70478.43616652489
1401,-56.70000000000001,62,1,100,98,18,62,70530.15693330765
1402,-56.70000000000001,62,1,100,98,18,62,70580.89445114136
1403,-56.70000000000001,62,1,100,98,18,62,70632.12139940262
1404,-56.70000000000001,62,1,100,98,18,62,70683.86879777908
1405,-56.70000000000001,62,1,100,98,18,62,70735.37915992737
1406,-56.70000000000001,62,1,100,98,18,62,70786.97579979897
1407,-56.70000000000001,62,1,100,98,18,62,70837.90141868591
1408,-56.70000000000001,62,1,100,98,18,62,70889.13503623009
1409,-56.70000000000001,62,1,100,98,18,62,70942.1818921566
1410,-56.70000000000001,62,1,100,98,18,62,70993.86928081512
1411,-56.70000000000001,62,1,100,98,18,62,71044.39562368393
1412,-56.70000000000001,62,1,100,98,18,62,71094.95735025406
1413,-56.70000000000001,62,1,100,98,18,62,71146.026856184
1414,-56.70000000000001,62,1,100,98,18,62,71197.40587568283
1415,-56.70000000000001,62,1,100,98,18,62,71249.23554778099
1416,-56.70000000000001,62,1,100,98,18,62,71301.18005275726
1417,-56.70000000000001,62,1,100,98,18,62,71351.00209569931
1418,-56.70000000000001,62,1,100,98,18,62,71403.4367711544
1419,-56.70000000000001,62,1,100,98,18,62,71455.0209209919
1420,-56.70000000000001,62,1,100,98,18,62,71507.20132374763
1421,-56.70000000000001,62,1,100,98,18,62,71557.87431001663
1422,-56.70000000000001,62,1,100,98,18,62,71608.41565275192
1423,-56.70000000000001,62,1,100,98,18,62,71659.9871749878
1424,-56.70000000000001,62,1,100,98,18,62,71711.46350002289
1425,-56.70000000000001,62,1,100,98,18,62,71763.06850171089
1426,-56.70000000000001,62,1,100,98,18,62,71812.96068191528
1427,-56.70000000000001,62,1,100,98,18,62,71863.69648003578
1428,-56.70000000000001,62,1,100,98,18,62,71915.28433132172
1429,-56.70000000000001,62,1,100,98,18,62,71966.4211704731
1430,-56.70000000000001,62,1,100,98,18,62,72017.99759364128
1431,-56.70000000000001,62,1,100,98,18,62,72069.05411314964
1432,-56.70000000000001,62,1,100,98,18,62,72120.99147820473
1433,-56.70000000000001,62,1,100,98,18,62,72172.31472492218
1434,-56.70000000000001,62,1,100,98,18,62,72224.1787583828
1435,-56.70000000000001,62,1,100,98,18,62,72275.9373254776
1436,-56.70000000000001,62,1,100,98,18,62,72326.60043883324
1437,-56.70000000000001,62,1,100,98,18,62,72378.56369066238
1438,-56.70000000000001,62,1,100,98,18,62,72429.30280327797
1439,-56.70000000000001,62,1,100,98,18,62,72481.3368601799
1440,-56.70000000000001,62,1,100,98,18,62,72532.1478099823
1441,-56.70000000000001,62,1,100,98,18,62,72584.12058162689
1442,-56.70000000000001,62,1,100,98,18,62,72636.09242248535
1443,-56.70000000000001,62,1,100,98,18,62,72687.57330727577
1444,-56.70000000000001,62,1,100,98,18,62,72738.10367846489
1445,-56.70000000000001,62,1,100,98,18,62,72788.79193425179
1446,-56.70000000000001,62,1,100,98,18,62,72841.0543859005
1447,-56.70000000000001,62,1,100,98,18,62,72892.9428012371
1448,-56.70000000000001,62,1,100,98,18,62,72944.71545362473
1449,-56.70000000000001,62,1,100,98,18,62,72995.41811347008
1450,-56.70000000000001,62,1,100,98,18,62,73047.18652939796
1451,-56.70000000000001,62,1,100,98,18,62,73099.99166059494
1452,-56.70000000000001,62,1,100,98,18,62,73150.746332407
1453,-56.70000000000001,62,1,100,98,18,62,73201.60452365875
1454,-56.70000000000001,62,1,100,98,18,62,73252.18762135506
1455,-56.70000000000001,62,1,100,98,18,62,73303.5640964508
1456,-56.70000000000001,62,1,100,98,18,62,73354.89033389091
1457,-56.70000000000001,62,1,100,98,18,62,73406.55195450783
1458,-56.70000000000001,62,1,100,98,18,62,73458.72221016884
1459,-56.70000000000001,62,1,100,98,18,62,73509.9202568531
1460,-56.70000000000001,62,1,100,98,18,62,73562.37589716911
1461,-56.70000000000001,62,1,100,98,18,62,73613.59953045845
1462,-56.70000000000001,62,1,100,98,18,62,73665.3133430481
1463,-56.70000000000001,62,1,100,98,18,62,73716.34851789474
1464,-56.70000000000001,62,1,100,98,18,62,73768.566593647
1465,-56.70000000000001,62,1,100,98,18,62,73820.2813975811
1466,-56.70000000000001,62,1,100,98,18,62,73871.69167089462
1467,-56.70000000000001,62,1,100,98,18,62,73922.35388302803
1468,-56.70000000000001,62,1,100,98,18,62,73972.83318710327
1469,-56.70000000000001,62,1,100,98,18,62,74024.39056491852
1470,-56.70000000000001,62,1,100,98,18,62,74076.64021134377
1471,-56.70000000000001,62,1,100,98,18,62,74128.00568628311
1472,-56.70000000000001,62,1,100,98,18,62,74179.36251544952
1473,-56.70000000000001,62,1,100,98,18,62,74232.00886011124
1474,-56.70000000000001,62,1,100,98,18,62,74283.55294728279
1475,-58.45000000000002,62,1,100,98,23,62,74335.02098417282
1476,-56.70000000000001,62,1,100,98,18,62,74387.0022418499
1477,-56.70000000000001,62,1,100,98,18,62,74437.55471372604
1478,-56.70000000000001,62,1,100,98,18,62,74489.36361527443
1479,-56.70000000000001,62,1,100,98,18,62,74540.77207684517
1480,-56.70000000000001,62,1,100,98,18,62,74592.62848973274
1481,-56.70000000000001,62,1,100,98,18,62,74644.72616004944
1482,-56.70000000000001,62,1,100,98,18,62,74695.03221058846
1483,-56.70000000000001,62,1,100,98,18,62,74747.13828110695
1484,-56.70000000000001,62,1,100,98,18,62,74799.1569571495
1485,-56.70000000000001,62,1,100,98,18,62,74850.17288088799
1486,-56.70000000000001,62,1,100,98,18,62,74902.30898690224
1487,-56.70000000000001,62,1,100,98,18,62,74954.86666631699
1488,-56.70000000000001,62,1,100,98,18,62,75006.65381193161
1489,-56.70000000000001,62,1,100,98,18,62,75058.46906399727
1490,-56.70000000000001,62,1,100,98,18,62,75109.19440484047
1491,-56.70000000000001,62,1,100,98,18,62,75161.29658174515
1492,-56.70000000000001,62,1,100,98,18,62,75212.42877650261
1493,-56.70000000000001,62,1,100,98,18,62,75263.30026650429
1494,-56.70000000000001,62,1,100,98,18,62,75313.9688076973
1495,-56.70000000000001,62,1,100,98,18,62,75366.05662417412
1496,-56.70000000000001,62,1,100,98,18,62,75418.37008881569
1497,-56.70000000000001,62,1,100,98,18,62,75471.00131559372
1498,-56.70000000000001,62,1,100,98,18,62,75522.46771097183
1499,-56.70000000000001,62,1,100,98,18,62,75574.28674173355
1500,-56.70000000000001,62,1,100,98,18,62,75627.12962841988
1501,-56.70000000000001,62,1,100,98,18,62,75678.83051609993
1502,-59.800000000000004,62,1,100,98,20,62,75718.34326052666
1503,-68.94999999999999,62,1,100,98,13,62,75755.7168264389
1504,-58.70000000000001,62,1,100,100,14,62,75793.16649246216
1505,-61.0,62,1,100,95,24,62,75845.69030117989
1506,-58.150000000000006,62,1,100,100,21,62,75898.60269021988
1507,-56.99999999999999,62,1,100,99,24,62,75948.48418307304
1508,-56.70000000000001,62,1,100,98,18,62,75999.99175977707
1509,-56.70000000000001,62,1,100,98,18,62,76052.51606464386
1510,-56.70000000000001,62,1,100,98,18,62,76104.88906860352
1511,-56.70000000000001,62,1,100,98,18,62,76156.27309799194
1512,-56.70000000000001,62,1,100,98,18,62,76208.57464694977
1513,-56.70000000000001,62,1,100,98,18,62,76261.65635991096
1514,-56.70000000000001,62,1,100,98,18,62,76314.12230992317
1515,-56.70000000000001,62,1,100,98,18,62,76364.9434273243
1516,-56.70000000000001,62,1,100,98,18,62,76417.70785140991
1517,-56.70000000000001,62,1,100,98,18,62,76469.67984485626
1518,-56.70000000000001,62,1,100,98,18,62,76521.31301236153
1519,-56.70000000000001,62,1,100,98,18,62,76574.86144948006
1520,-56.70000000000001,62,1,100,98,18,62,76626.03641605377
1521,-56.70000000000001,62,1,100,98,18,62,76678.97388076782
1522,-56.70000000000001,62,1,100,98,18,62,76730.53504872322
1523,-56.70000000000001,62,1,100,98,18,62,76782.7294356823
1524,-56.70000000000001,62,1,100,98,18,62,76834.91708827019
1525,-56.70000000000001,62,1,100,98,18,62,76887.65138459206
1526,-56.70000000000001,62,1,100,98,18,62,76940.6028957367
1527,-56.70000000000001,62,1,100,98,18,62,76992.5446343422
1528,-56.70000000000001,62,1,100,98,18,62,77043.90761065483
1529,-56.70000000000001,62,1,100,98,18,62,77095.97143793106
1530,-56.70000000000001,62,1,100,98,18,62,77148.10518336296
1531,-56.70000000000001,62,1,100,98,18,62,77199.6993663311
1532,-56.70000000000001,62,1,100,98,18,62,77252.09705710411
1533,-56.70000000000001,62,1,100,98,18,62,77305.17803168297
1534,-56.70000000000001,62,1,100,98,18,62,77357.22503876686
1535,-56.70000000000001,62,1,100,98,18,62,77409.50522446632
1536,-56.70000000000001,62,1,100,98,18,62,77461.4552488327
1537,-56.70000000000001,62,1,100,98,18,62,77514.06003856659
1538,-56.70000000000001,62,1,100,98,18,62,77566.4576086998
1539,-56.70000000000001,62,1,100,98,18,62,77620.16787290573
1540,-56.70000000000001,62,1,100,98,18,62,77672.5087249279
1541,-56.70000000000001,62,1,100,98,18,62,77723.83023953438
1542,-56.70000000000001,62,1,100,98,18,62,77776.70895123482
1543,-56.70000000000001,62,1,100,98,18,62,77829.23904395103
1544,-56.70000000000001,62,1,100,98,18,62,77882.56103563309
1545,-56.70000000000001,62,1,100,98,18,62,77933.99216198921
1546,-56.70000000000001,62,1,100,98,18,62,77985.69530463219
1547,-56.70000000000001,62,1,100,98,18,62,78037.58143591881
1548,-56.70000000000001,62,1,100,98,18,62,78090.5445830822
1549,-56.70000000000001,62,1,100,98,18,62,78144.0324101448
1550,-56.70000000000001,62,1,100,98,18,62,78196.15170073509
1551,-56.70000000000001,62,1,100,98,18,62,78248.73529052734
1552,-56.70000000000001,62,1,100,98,18,62,78300.7689819336
1553,-56.70000000000001,62,1,100,98,18,62,78353.25426340103
1554,-56.70000000000001,62,1,100,98,18,62,78404.4735891819
1555,-56.70000000000001,62,1,100,98,18,62,78456.15562367439
1556,-56.70000000000001,62,1,100,98,18,62,78508.4518096447
1557,-56.70000000000001,62,1,100,98,18,62,78560.65956878662
1558,-56.70000000000001,62,1,100,98,18,62,78612.2281601429
1559,-56.70000000000001,62,1,100,98,18,62,78662.63905644417
1560,-56.70000000000001,62,1,100,98,18,62,78715.36086678505
1561,-56.70000000000001,62,1,100,98,18,62,78767.62755608559
1562,-56.70000000000001,62,1,100,98,18,62,78821.25363969803
1563,-56.70000000000001,62,1,100,98,18,62,78873.6369535923
1564,-56.70000000000001,62,1,100,98,18,62,78924.77250432968
1565,-56.70000000000001,62,1,100,98,18,62,78976.59833669662
1566,-56.70000000000001,62,1,100,98,18,62,79028.35378193855
1567,-56.70000000000001,62,1,100,98,18,62,79081.48651432991
1568,-56.70000000000001,62,1,100,98,18,62,79132.77528262138
1569,-56.70000000000001,62,1,100,98,18,62,79185.10284304619
1570,-56.70000000000001,62,1,100,98,18,62,79237.53474116325
1571,-56.70000000000001,62,1,100,98,18,62,79290.35795474052
1572,-56.70000000000001,62,1,100,98,18,62,79343.21763324738
1573,-56.70000000000001,62,1,100,98,18,62,79395.10371685028
1574,-56.70000000000001,62,1,100,98,18,62,79448.63982272148
1575,-56.70000000000001,62,1,100,98,18,62,79500.86326813698
1576,-56.70000000000001,62,1,100,98,18,62,79554.05121779442
1577,-56.70000000000001,62,1,100,98,18,62,79605.37780737877
1578,-56.70000000000001,62,1,100,98,18,62,79658.3553378582
1579,-56.70000000000001,62,1,100,98,18,62,79709.76637291908
1580,-56.70000000000001,62,1,100,98,18,62,79761.88089370728
1581,-56.70000000000001,62,1,100,98,18,62,79813.68432044983
1582,-56.70000000000001,62,1,100,98,18,62,79865.81300497055
1583,-56.70000000000001,62,1,100,98,18,62,79919.44755530357
1584,-56.70000000000001,62,1,100,98,18,62,79971.70125341415
1585,-56.70000000000001,62,1,100,98,18,62,80024.06972289085
1586,-56.70000000000001,62,1,100,98,18,62,80076.80699157715
1587,-56.70000000000001,62,1,100,98,18,62,80127.894947052
1588,-56.70000000000001,62,1,100,98,18,62,80181.42057442665
1589,-56.70000000000001,62,1,100,98,18,62,80233.2476117611
1590,-56.70000000000001,62,1,100,98,18,62,80287.27153301239
1591,-56.70000000000001,62,1,100,98,18,62,80339.67457652092
1592,-56.70000000000001,62,1,100,98,18,62,80392.22905683517
1593,-56.70000000000001,62,1,100,98,18,62,80444.83064293861
1594,-56.70000000000001,62,1,100,98,18,62,80497.39735937119
1595,-56.70000000000001,62,1,100,98,18,62,80549.58616018295
1596,-56.70000000000001,62,1,100,98,18,62,80602.4186053276
1597,-56.70000000000001,62,1,100,98,18,62,80655.6268043518
1598,-56.70000000000001,62,1,100,98,18,62,80707.0256357193
1599,-56.70000000000001,62,1,100,98,18,62,80759.30220413208
1600,-56.70000000000001,62,1,100,98,18,62,80809.3996257782
1601,-56.70000000000001,62,1,100,98,18,62,80863.13031888008
1602,-56.70000000000001,62,1,100,98,18,62,80916.39976644516
1603,-56.70000000000001,62,1,100,98,18,62,80967.30786561966
1604,-56.70000000000001,62,1,100,98,18,62,81020.5323395729
1605,-56.70000000000001,62,1,100,98,18,62,81072.58034944534
1606,-56.70000000000001,62,1,100,98,18,62,81124.49634385109
1607,-56.70000000000001,62,1,100,98,18,62,81175.94611144066
1608,-56.70000000000001,62,1,100,98,18,62,81229.0196712017
1609,-56.70000000000001,62,1,100,98,18,62,81280.40544486046
1610,-56.70000000000001,62,1,100,98,18,62,81332.99913930893
1611,-56.70000000000001,62,1,100,98,18,62,81385.13550376892
1612,-56.70000000000001,62,1,100,98,18,62,81436.13143110275
1613,-56.70000000000001,62,1,100,98,18,62,81488.61824059486
1614,-56.70000000000001,62,1,100,98,18,62,81540.89292788506
1615,-56.70000000000001,62,1,100,98,18,62,81594.29010653496
1616,-56.70000000000001,62,1,100,98,18,62,81645.74843740463
1617,-56.70000000000001,62,1,100,98,18,62,81698.13895058632
1618,-56.70000000000001,62,1,100,98,18,62,81751.14491915703
1619,-56.70000000000001,62,1,100,98,18,62,81802.66930532455
1620,-56.70000000000001,62,1,100,98,18,62,81855.53481388092
1621,-56.70000000000001,62,1,100,98,18,62,81907.42911577225
1622,-56.70000000000001,62,1,100,98,18,62,81959.62076377869
1623,-56.70000000000001,62,1,100,98,18,62,82010.66671895981
1624,-56.70000000000001,62,1,100,98,18,62,82064.31841635704
1625,-56.70000000000001,62,1,100,98,18,62,82116.3395831585
1626,-56.70000000000001,62,1,100,98,18,62,82168.9531006813
1627,-56.70000000000001,62,1,100,98,18,62,82221.05714321136
1628,-56.70000000000001,62,1,100,98,18,62,82273.06940317154
1629,-56.70000000000001,62,1,100,98,18,62,82326.16108179092
1630,-56.70000000000001,62,1,100,98,18,62,82377.69239068031
1631,-56.70000000000001,62,1,100,98,18,62,82430.03456759453
1632,-56.70000000000001,62,1,100,98,18,62,82481.11212420464
1633,-56.70000000000001,62,1,100,98,18,62,82533.93553805351
1634,-56.70000000000001,62,1,100,98,18,62,82586.35118579865
1635,-56.70000000000001,62,1,100,98,18,62,82639.00838756561
1636,-56.70000000000001,62,1,100,98,18,62,82692.85217428207
1637,-56.70000000000001,62,1,100,98,18,62,82743.82019615173
1638,-56.70000000000001,62,1,100,98,18,62,82797.15769433975
1639,-56.70000000000001,62,1,100,98,18,62,82850.27253508568
1640,-56.70000000000001,62,1,100,98,18,62,82903.95389914513
1641,-56.70000000000001,62,1,100,98,18,62,82955.64034152031
1642,-56.70000000000001,62,1,100,98,18,62,83009.58426618576
1643,-56.70000000000001,62,1,100,98,18,62,83064.03221559525
1644,-56.70000000000001,62,1,100,98,18,62,83116.6699860096
1645,-61.150000000000006,62,1,100,95,21,62,83172.20535993576
1646,-56.70000000000001,62,1,100,98,18,62,83224.25922060013
1647,-56.70000000000001,62,1,100,98,18,62,83277.60611486435
1648,-56.70000000000001,62,1,100,98,18,62,83329.82660388947
1649,-56.70000000000001,62,1,100,98,18,62,83382.00305056572
1650,-56.70000000000001,62,1,100,98,18,62,83433.48255968094
1651,-56.70000000000001,62,1,100,98,18,62,83485.01635527611
1652,-56.70000000000001,62,1,100,98,18,62,83538.42451500893
1653,-56.70000000000001,62,1,100,98,18,62,83590.71866226196
1654,-56.70000000000001,62,1,100,98,18,62,83643.19469356537
1655,-56.70000000000001,62,1,100,98,18,62,83694.52611327171
1656,-56.70000000000001,62,1,100,98,18,62,83748.14674758911
1657,-56.70000000000001,62,1,100,98,18,62,83801.1623404026
1658,-56.70000000000001,62,1,100,98,18,62,83854.56361341476
1659,-56.70000000000001,62,1,100,98,18,62,83906.97810459137
1660,-56.70000000000001,62,1,100,98,18,62,83959.73346352577
1661,-56.70000000000001,62,1,100,98,18,62,84013.2004468441
1662,-56.70000000000001,62,1,100,98,18,62,84064.50892949104
1663,-56.70000000000001,62,1,100,98,18,62,84117.5290362835
1664,-56.70000000000001,62,1,100,98,18,62,84169.59259963036
1665,-56.70000000000001,62,1,100,98,18,62,84223.4085586071
1666,-56.70000000000001,62,1,100,98,18,62,84276.17498731613
1667,-56.70000000000001,62,1,100,98,18,62,84329.72483420372
1668,-56.70000000000001,62,1,100,98,18,62,84381.64754533768
1669,-56.70000000000001,62,1,100,98,18,62,84432.35658860207
1670,-56.70000000000001,62,1,100,98,18,62,84486.2090742588
1671,-56.70000000000001,62,1,100,98,18,62,84538.88078284264
1672,-56.70000000000001,62,1,100,98,18,62,84591.65331506729
1673,-56.70000000000001,62,1,100,98,18,62,84643.45658946037
1674,-56.70000000000001,62,1,100,98,18,62,84696.24452853203
1675,-56.70000000000001,62,1,100,98,18,62,84749.82371282578
1676,-56.70000000000001,62,1,100,98,18,62,84802.17395830154
1677,-56.70000000000001,62,1,100,98,18,62,84855.16208195686
1678,-56.70000000000001,62,1,100,98,18,62,84906.69208717346
1679,-56.70000000000001,62,1,100,98,18,62,84960.84130263329
1680,-56.70000000000001,62,1,100,98,18,62,85012.35224628448
1681,-56.70000000000001,62,1,100,98,18,62,85065.0874004364
1682,-56.70000000000001,62,1,100,98,18,62,85117.18029093742
1683,-56.70000000000001,62,1,100,98,18,62,85169.80451369286
1684,-56.70000000000001,62,1,100,98,18,62,85223.3933107853
1685,-56.70000000000001,62,1,100,98,18,62,85276.66457295418
1686,-56.70000000000001,62,1,100,98,18,62,85329.81186127663
1687,-56.70000000000001,62,1,100,98,18,62,85381.5457341671
1688,-56.70000000000001,62,1,100,98,18,62,85435.85110330582
1689,-56.70000000000001,62,1,100,98,18,62,85487.58365607262
1690,-56.70000000000001,62,1,100,98,18,62,85540.25750303268
1691,-56.70000000000001,62,1,100,98,18,62,85592.74602651596
1692,-56.70000000000001,62,1,100,98,18,62,85644.77980995178
1693,-56.70000000000001,62,1,100,98,18,62,85697.23810243607
1694,-56.70000000000001,62,1,100,98,18,62,85749.75843834877
1695,-56.70000000000001,62,1,100,98,18,62,85802.98499941826
1696,-56.70000000000001,62,1,100,98,18,62,85854.85955023766
1697,-56.70000000000001,62,1,100,98,18,62,85909.46785449982
1698,-56.70000000000001,62,1,100,98,18,62,85960.98690128326
1699,-56.70000000000001,62,1,100,98,18,62,86013.84998059273
1700,-56.70000000000001,62,1,100,98,18,62,86066.73846840858
1701,-56.70000000000001,62,1,100,98,18,62,86119.67139554024
1702,-56.70000000000001,62,1,100,98,18,62,86172.92340922356
1703,-56.70000000000001,62,1,100,98,18,62,86225.89666175842
1704,-56.70000000000001,62,1,100,98,18,62,86279.08873939514
1705,-56.70000000000001,62,1,100,98,18,62,86331.11475658417
1706,-56.70000000000001,62,1,100,98,18,62,86385.15983247757
1707,-56.70000000000001,62,1,100,98,18,62,86437.83320045471
1708,-56.70000000000001,62,1,100,98,18,62,86490.84205412865
1709,-56.70000000000001,62,1,100,98,18,62,86542.53769040108
1710,-56.70000000000001,62,1,100,98,18,62,86593.62604689598
1711,-56.70000000000001,62,1,100,98,18,62,86646.86493825912
1712,-56.70000000000001,62,1,100,98,18,62,86699.0261130333
1713,-56.70000000000001,62,1,100,98,18,62,86752.65863442421
1714,-56.70000000000001,62,1,100,98,18,62,86805.01800942421
1715,-56.70000000000001,62,1,100,98,18,62,86857.52553677559
1716,-56.70000000000001,62,1,100,98,18,62,86911.65216708183
1717,-56.70000000000001,62,1,100,98,18,62,86964.12674188614
1718,-56.70000000000001,62,1,100,98,18,62,87016.57464265823
1719,-56.70000000000001,62,1,100,98,18,62,87067.85619878769
1720,-56.70000000000001,62,1,100,98,18,62,87121.63621425629
1721,-56.70000000000001,62,1,100,98,18,62,87175.03554391861
1722,-56.70000000000001,62,1,100,98,18,62,87229.06325626373
1723,-56.70000000000001,62,1,100,98,18,62,87282.18603301048
1724,-56.70000000000001,62,1,100,98,18,62,87333.88237905502
1725,-56.70000000000001,62,1,100,98,18,62,87388.11001801491
1726,-56.70000000000001,62,1,100,98,18,62,87441.94647312164
1727,-56.70000000000001,62,1,100,98,18,62,87495.4621500969
1728,-56.70000000000001,62,1,100,98,18,62,87548.94971871376
1729,-56.70000000000001,62,1,100,98,18,62,87603.37264084816
1730,-56.70000000000001,62,1,100,98,18,62,87656.84863710403
1731,-56.70000000000001,62,1,100,98,18,62,87710.71007275581
1732,-56.70000000000001,62,1,100,98,18,62,87763.90912437439
1733,-56.70000000000001,62,1,100,98,18,62,87816.287358284
1734,-56.70000000000001,62,1,100,98,18,62,87869.57292985916
1735,-56.70000000000001,62,1,100,98,18,62,87922.97449159622
1736,-56.70000000000001,62,1,100,98,18,62,87976.59792757034
1737,-56.70000000000001,62,1,100,98,18,62,88028.56694459915
1738,-56.70000000000001,62,1,100,98,18,62,88082.12310791016
1739,-56.70000000000001,62,1,100,98,18,62,88135.061876297
1740,-56.70000000000001,62,1,100,98,18,62,88189.18626618385
1741,-56.70000000000001,62,1,100,98,18,62,88241.2895181179
1742,-56.70000000000001,62,1,100,98,18,62,88293.64379882812
1743,-56.70000000000001,62,1,100,98,18,62,88347.81155443192
1744,-56.70000000000001,62,1,100,98,18,62,88401.62481093407
1745,-56.70000000000001,62,1,100,98,18,62,88456.44281315804
1746,-56.70000000000001,62,1,100,98,18,62,88510.18231415749
1747,-56.70000000000001,62,1,100,98,18,62,88564.50313901901
1748,-56.70000000000001,62,1,100,98,18,62,88619.15957069397
1749,-56.70000000000001,62,1,100,98,18,62,88673.69307947159
1750,-56.70000000000001,62,1,100,98,18,62,88727.61323952675
1751,-56.70000000000001,62,1,100,98,18,62,88779.96116781235
1752,-56.70000000000001,62,1,100,98,18,62,88834.24125981331
1753,-56.70000000000001,62,1,100,98,18,62,88887.60751843452
1754,-56.70000000000001,62,1,100,98,18,62,88941.90404653549
1755,-56.70000000000001,62,1,100,98,18,62,88994.99679112434
1756,-56.70000000000001,62,1,100,98,18,62,89049.65170454979
1757,-56.70000000000001,62,1,100,98,18,62,89103.1160876751
1758,-56.70000000000001,62,1,100,98,18,62,89156.8144826889
1759,-56.70000000000001,62,1,100,98,18,62,89210.1964764595
1760,-56.70000000000001,62,1,100,98,18,62,89264.143648386
1761,-56.70000000000001,62,1,100,98,18,62,89318.58574724197
1762,-56.70000000000001,62,1,100,98,18,62,89372.47248125076
1763,-56.70000000000001,62,1,100,98,18,62,89426.30143117905
1764,-56.70000000000001,62,1,100,98,18,62,89480.03494501114
1765,-56.70000000000001,62,1,100,98,18,62,89533.6872639656
1766,-56.70000000000001,62,1,100,98,18,62,89587.19379043579
1767,-56.70000000000001,62,1,100,98,18,62,89640.86628007889
1768,-56.70000000000001,62,1,100,98,18,62,89694.73734474182
1769,-56.70000000000001,62,1,100,98,18,62,89748.63607621193
1770,-56.70000000000001,62,1,100,98,18,62,89801.36322212219
1771,-56.70000000000001,62,1,100,98,18,62,89854.86702656746
1772,-56.70000000000001,62,1,100,98,18,62,89908.50803422928
1773,-56.70000000000001,62,1,100,98,18,62,89961.71312022209
1774,-56.70000000000001,62,1,100,98,18,62,90015.56192278862
1775,-56.70000000000001,62,1,100,98,18,62,90069.99835729599
1776,-56.70000000000001,62,1,100,98,18,62,90124.97033238411
1777,-56.70000000000001,62,1,100,98,18,62,90177.39577937126
1778,-56.70000000000001,62,1,100,98,18,62,90230.69685935974
1779,-56.70000000000001,62,1,100,98,18,62,90285.56275868416
1780,-56.70000000000001,62,1,100,98,18,62,90340.70083999634
1781,-56.70000000000001,62,1,100,98,18,62,90393.99233436584
1782,-56.70000000000001,62,1,100,98,18,62,90447.39108419418
1783,-56.70000000000001,62,1,100,98,18,62,90500.74662733078
1784,-56.70000000000001,62,1,100,98,18,62,90553.13251781464
1785,-56.70000000000001,62,1,100,98,18,62,90607.61695408821
1786,-56.70000000000001,62,1,100,98,18,62,90660.91636133194
1787,-56.70000000000001,62,1,100,98,18,62,90715.05934667587
1788,-56.70000000000001,62,1,100,98,18,62,90767.38568210602
1789,-56.70000000000001,62,1,100,98,18,62,90820.09523367882
1790,-56.70000000000001,62,1,100,98,18,62,90873.20889282227
1791,-56.70000000000001,62,1,100,98,18,62,90926.92316818237
1792,-56.70000000000001,62,1,100,98,18,62,90980.58920121193
1793,-56.70000000000001,62,1,100,98,18,62,91034.79149794579
1794,-56.70000000000001,62,1,100,98,18,62,91088.77764034271
1795,-56.70000000000001,62,1,100,98,18,62,91141.56378674507
1796,-56.70000000000001,62,1,100,98,18,62,91195.81140732765
1797,-56.70000000000001,62,1,100,98,18,62,91248.384162426
1798,-56.70000000000001,62,1,100,98,18,62,91302.5397849083
1799,-56.70000000000001,62,1,100,98,18,62,91355.81947755814
1800,-56.70000000000001,62,1,100,98,18,62,91409.45206212997
1801,-56.70000000000001,62,1,100,98,18,62,91462.7963256836
1802,-56.70000000000001,62,1,100,98,18,62,91515.96355581284
1803,-56.70000000000001,62,1,100,98,18,62,91570.43300294876
1804,-56.70000000000001,62,1,100,98,18,62,91623.77387595177
1805,-56.70000000000001,62,1,100,98,18,62,91677.9647655487
1806,-56.70000000000001,62,1,100,98,18,62,91730.12927293777
1807,-56.70000000000001,62,1,100,98,18,62,91784.4571864605
1808,-56.70000000000001,62,1,100,98,18,62,91837.3538517952
1809,-56.70000000000001,62,1,100,98,18,62,91890.79204773903
1810,-56.70000000000001,62,1,100,98,18,62,91944.94696307182
1811,-56.70000000000001,62,1,100,98,18,62,91998.91067504883
1812,-56.70000000000001,62,1,100,98,18,62,92053.30608606339
1813,-56.70000000000001,62,1,100,98,18,62,92106.7343659401
1814,-56.70000000000001,62,1,100,98,18,62,92160.9570953846
1815,-56.70000000000001,62,1,100,98,18,62,92214.24353766441
1816,-56.70000000000001,62,1,100,98,18,62,92267.74266958237
1817,-56.70000000000001,62,1,100,98,18,62,92319.51787543297
1818,-56.70000000000001,62,1,100,98,18,62,92373.02214050293
1819,-56.70000000000001,62,1,100,98,18,62,92425.81635832787
1820,-56.70000000000001,62,1,100,98,18,62,92479.85039162636
1821,-56.70000000000001,62,1,100,98,18,62,92533.43159413338
1822,-56.70000000000001,62,1,100,98,18,62,92586.14033293724
1823,-56.70000000000001,62,1,100,98,18,62,92639.81632113457
1824,-56.70000000000001,62,1,100,98,18,62,92691.51047706604
1825,-56.70000000000001,62,1,100,98,18,62,92744.96872210503
1826,-56.70000000000001,62,1,100,98,18,62,92799.32878875732
1827,-56.70000000000001,62,1,100,98,18,62,92852.9458322525
1828,-56.70000000000001,62,1,100,98,18,62,92906.31218647957
1829,-56.70000000000001,62,1,100,98,18,62,92958.67711687088
1830,-56.70000000000001,62,1,100,98,18,62,93011.99858641624
1831,-58.70000000000002,62,1,100,100,18,62,93065.61287617683
1832,-56.70000000000001,62,1,100,98,18,62,93119.27610301971
1833,-56.70000000000001,62,1,100,98,18,62,93172.70873713493
1834,-56.70000000000001,62,1,100,98,18,62,93226.42344594002
1835,-56.70000000000001,62,1,100,98,18,62,93280.467730999
1836,-56.70000000000001,62,1,100,98,18,62,93334.30933380127
1837,-56.70000000000001,62,1,100,98,18,62,93387.51399993896
1838,-56.70000000000001,62,1,100,98,18,62,93440.07362771034
1839,-56.70000000000001,62,1,100,98,18,62,93494.13708806038
1840,-56.70000000000001,62,1,100,98,18,62,93547.0476231575
1841,-56.70000000000001,62,1,100,98,18,62,93600.6992316246
1842,-56.70000000000001,62,1,100,98,18,62,93653.21213626862
1843,-56.70000000000001,62,1,100,98,18,62,93705.50333333015
1844,-56.70000000000001,62,1,100,98,18,62,93758.74368667603
1845,-56.70000000000001,62,1,100,98,18,62,93811.93334054947
1846,-56.70000000000001,62,1,100,98,18,62,93865.66551542282
1847,-56.70000000000001,62,1,100,98,18,62,93917.07651424408
1848,-56.70000000000001,62,1,100,98,18,62,93969.513412714
1849,-56.70000000000001,62,1,100,98,18,62,94021.80316138268
1850,-56.70000000000001,62,1,100,98,18,62,94075.91635036469
1851,-56.70000000000001,62,1,100,98,18,62,94128.7413547039
1852,-56.70000000000001,62,1,100,98,18,62,94182.30874538422
1853,-56.70000000000001,62,1,100,98,18,62,94235.78098225594
1854,-56.70000000000001,62,1,100,98,18,62,94288.68322324753
1855,-56.70000000000001,62,1,100,98,18,62,94341.73935031891
1856,-56.70000000000001,62,1,100,98,18,62,94393.59023141861
1857,-56.70000000000001,62,1,100,98,18,62,94447.61234092712
1858,-56.70000000000001,62,1,100,98,18,62,94500.52737665176
1859,-56.70000000000001,62,1,100,98,18,62,94553.4373626709
1860,-56.70000000000001,62,1,100,98,18,62,94606.25190210342
1861,-56.70000000000001,62,1,100,98,18,62,94658.52153515816
1862,-56.70000000000001,62,1,100,98,18,62,94710.89950060844
1863,-56.70000000000001,62,1,100,98,18,62,94764.15316724777
1864,-56.70000000000001,62,1,100,98,18,62,94818.31418704987
1865,-56.70000000000001,62,1,100,98,18,62,94871.35722589493
1866,-56.70000000000001,62,1,100,98,18,62,94925.16217827797
1867,-56.70000000000001,62,1,100,98,18,62,94977.81931352615
1868,-56.70000000000001,62,1,100,98,18,62,95032.03338813782
1869,-56.70000000000001,62,1,100,98,18,62,95085.74098038673
1870,-56.70000000000001,62,1,100,98,18,62,95138.63624668121
1871,-56.70000000000001,62,1,100,98,18,62,95192.802349329
1872,-56.70000000000001,62,1,100,98,18,62,95245.81434893608
1873,-56.70000000000001,62,1,100,98,18,62,95300.07144284248
1874,-56.70000000000001,62,1,100,98,18,62,95352.69646954536
1875,-56.70000000000001,62,1,100,98,18,62,95405.71771621704
1876,-56.70000000000001,62,1,100,98,18,62,95457.86535549164
1877,-56.70000000000001,62,1,100,98,18,62,95511.06695389748
1878,-56.70000000000001,62,1,100,98,18,62,95564.24159359932
1879,-56.70000000000001,62,1,100,98,18,62,95617.55662798882
1880,-56.70000000000001,62,1,100,98,18,62,95671.50875616074
1881,-56.70000000000001,62,1,100,98,18,62,95724.13545036316
1882,-56.70000000000001,62,1,100,98,18,62,95777.63869071007
1883,-56.70000000000001,62,1,100,98,18,62,95829.84763121605
1884,-56.70000000000001,62,1,100,98,18,62,95884.27048254013
1885,-56.70000000000001,62,1,100,98,18,62,95937.58464455605
1886,-56.70000000000001,62,1,100,98,18,62,95992.23893427849
1887,-56.70000000000001,62,1,100,98,18,62,96044.2553384304
1888,-56.70000000000001,62,1,100,98,18,62,96098.3024790287
1889,-56.70000000000001,62,1,100,98,18,62,96151.46531176567
1890,-56.70000000000001,62,1,100,98,18,62,96204.45064592361
1891,-56.70000000000001,62,1,100,98,18,62,96257.78562498093
1892,-56.70000000000001,62,1,100,98,18,62,96310.02157855034
1893,-56.70000000000001,62,1,100,98,18,62,96362.4614803791
1894,-56.70000000000001,62,1,100,98,18,62,96415.17121839523
1895,-56.70000000000001,62,1,100,98,18,62,96467.92622327805
1896,-56.70000000000001,62,1,100,98,18,62,96520.48396635056
1897,-56.70000000000001,62,1,100,98,18,62,96573.89558982849
1898,-56.70000000000001,62,1,100,98,18,62,96626.3882226944
1899,-56.70000000000001,62,1,100,98,18,62,96678.8106701374
1900,-56.70000000000001,62,1,100,98,18,62,96731.55904507637
1901,-56.70000000000001,62,1,100,98,18,62,96784.44447374344
1902,-56.70000000000001,62,1,100,98,18,62,96838.52285575867
1903,-56.70000000000001,62,1,100,98,18,62,96890.67836046219
1904,-56.70000000000001,62,1,100,98,18,62,96943.06898856163
1905,-56.70000000000001,62,1,100,98,18,62,96995.89766836166
1906,-56.70000000000001,62,1,100,98,18,62,97048.2099621296
1907,-56.70000000000001,62,1,100,98,18,62,97101.5058567524
1908,-56.70000000000001,62,1,100,98,18,62,97154.56237721443
1909,-56.70000000000001,62,1,100,98,18,62,97207.712059021
1910,-56.70000000000001,62,1,100,98,18,62,97259.91006398201
1911,-56.70000000000001,62,1,100,98,18,62,97313.01131439209
1912,-56.70000000000001,62,1,100,98,18,62,97365.98481035233
1913,-56.70000000000001,62,1,100,98,18,62,97419.64138174057
1914,-56.70000000000001,62,1,100,98,18,62,97473.63455057144
1915,-56.70000000000001,62,1,100,98,18,62,97526.74087738991
1916,-56.70000000000001,62,1,100,98,18,62,97579.17993974686
1917,-56.70000000000001,62,1,100,98,18,62,97632.2088239193
1918,-56.70000000000001,62,1,100,98,18,62,97685.12262368202
1919,-56.70000000000001,62,1,100,98,18,62,97736.48257350922
1920,-56.70000000000001,62,1,100,98,18,62,97788.87150669098
1921,-56.70000000000001,62,1,100,98,18,62,97841.3431494236
1922,-56.70000000000001,62,1,100,98,18,62,97894.26125383377
1923,-56.70000000000001,62,1,100,98,18,62,97946.91543388367
1924,-56.70000000000001,62,1,100,98,18,62,97998.27128887177
1925,-56.70000000000001,62,1,100,98,18,62,98050.31515645981
1926,-56.70000000000001,62,1,100,98,18,62,98103.66443300247
1927,-56.70000000000001,62,1,100,98,18,62,98156.25079274178
1928,-56.70000000000001,62,1,100,98,18,62,98208.38084411621
1929,-56.70000000000001,62,1,100,98,18,62,98261.92574810982
1930,-56.70000000000001,62,1,100,98,18,62,98315.03897500038
1931,-56.70000000000001,62,1,100,98,18,62,98368.15378642082
1932,-56.70000000000001,62,1,100,98,18,62,98422.27036690712
1933,-56.70000000000001,62,1,100,98,18,62,98474.41167831421
1934,-56.70000000000001,62,1,100,98,18,62,98528.1943192482
1935,-56.70000000000001,62,1,100,98,18,62,98581.35840129852
1936,-56.70000000000001,62,1,100,98,18,62,98634.22673869133
1937,-56.70000000000001,62,1,100,98,18,62,98687.6075873375
1938,-56.70000000000001,62,1,100,98,18,62,98740.22914004326
1939,-56.70000000000001,62,1,100,98,18,62,98792.94605851173
1940,-56.70000000000001,62,1,100,98,18,62,98846.57820057869
1941,-56.70000000000001,62,1,100,98,18,62,98898.94327425957
1942,-56.70000000000001,62,1,100,98,18,62,98951.5822558403
1943,-56.70000000000001,62,1,100,98,18,62,99003.76891183853
1944,-56.70000000000001,62,1,100,98,18,62,99056.55789041519
1945,-56.70000000000001,62,1,100,98,18,62,99109.18232154846
1946,-56.70000000000001,62,1,100,98,18,62,99163.05574393272
1947,-56.70000000000001,62,1,100,98,18,62,99214.6823413372
1948,-56.70000000000001,62,1,100,98,18,62,99267.74332714081
1949,-56.70000000000001,62,1,100,98,18,62,99320.8254635334
1950,-56.70000000000001,62,1,100,98,18,62,99373.03853154182
1951,-56.70000000000001,62,1,100,98,18,62,99424.91490960121
1952,-56.70000000000001,62,1,100,98,18,62,99478.35746598244
1953,-56.70000000000001,62,1,100,98,18,62,99530.07737016678
1954,-56.70000000000001,62,1,100,98,18,62,99582.21134066582
1955,-56.70000000000001,62,1,100,98,18,62,99636.02370810509
1956,-56.70000000000001,62,1,100,98,18,62,99688.22513508797
1957,-56.70000000000001,62,1,100,98,18,62,99741.05089092255
1958,-56.70000000000001,62,1,100,98,18,62,99794.03350400925
1959,-56.70000000000001,62,1,100,98,18,62,99846.98728370667
1960,-56.70000000000001,62,1,100,98,18,62,99899.34438800812
1961,-56.70000000000001,62,1,100,98,18,62,99952.74531579018
1962,-56.70000000000001,62,1,100,98,18,62,100005.24035859108
1963,-56.70000000000001,62,1,100,98,18,62,100058.73383831978
1964,-56.70000000000001,62,1,100,98,18,62,100111.65719294548
1965,-56.70000000000001,62,1,100,98,18,62,100164.45824551582
1966,-56.70000000000001,62,1,100,98,18,62,100216.74060845375
1967,-56.70000000000001,62,1,100,98,18,62,100269.61949253082
1968,-56.70000000000001,62,1,100,98,18,62,100322.23644948006
1969,-56.70000000000001,62,1,100,98,18,62,100374.51248908043
1970,-56.70000000000001,62,1,100,98,18,62,100428.37595152855
1971,-56.70000000000001,62,1,100,98,18,62,100480.13589572906
1972,-56.70000000000001,62,1,100,98,18,62,100533.04233670235
1973,-56.70000000000001,62,1,100,98,18,62,100586.49322843552
1974,-56.70000000000001,62,1,100,98,18,62,100640.58097100258
1975,-56.70000000000001,62,1,100,98,18,62,100693.44568133354
1976,-56.70000000000001,62,1,100,98,18,62,100746.8029434681
1977,-56.70000000000001,62,1,100,98,18,62,100800.11487317085
1978,-56.70000000000001,62,1,100,98,18,62,100852.6064710617
1979,-56.70000000000001,62,1,100,98,18,62,100906.67639780045
1980,-56.70000000000001,62,1,100,98,18,62,100958.91089272499
1981,-58.70000000000001,62,1,100,100,18,62,101012.56706166267
1982,-56.70000000000001,62,1,100,98,18,62,101066.03199338913
1983,-56.70000000000001,62,1,100,98,18,62,101118.7938785553
1984,-56.70000000000001,62,1,100,98,18,62,101171.66500639915
1985,-56.70000000000001,62,1,100,98,18,62,101224.31190228462
1986,-56.70000000000001,62,1,100,98,18,62,101277.82843637466
1987,-56.70000000000001,62,1,100,98,18,62,101330.16202712059
1988,-56.70000000000001,62,1,100,98,18,62,101382.63215970993
1989,-56.70000000000001,62,1,100,98,18,62,101435.36697483063
1990,-56.70000000000001,62,1,100,98,18,62,101488.07461476326
1991,-56.70000000000001,62,1,100,98,18,62,101541.32222604752
1992,-56.70000000000001,62,1,100,98,18,62,101593.40040588379
1993,-56.70000000000001,62,1,100,98,18,62,101648.23337125778
1994,-56.70000000000001,62,1,100,98,18,62,101700.82055163383
1995,-56.70000000000001,62,1,100,98,18,62,101754.3535284996
1996,-56.70000000000001,62,1,100,98,18,62,101806.04266285896
1997,-56.70000000000001,62,1,100,98,18,62,101858.89605689049
1998,-56.70000000000001,62,1,100,98,18,62,101911.34759759903
1999,-56.70000000000001,62,1,100,98,18,62,101964.99120378494
2000,-56.70000000000001,62,1,100,98,18,62,102018.80825853348
2001,-56.70000000000001,62,1,100,98,18,62,102070.8392829895
2002,-56.70000000000001,62,1,100,98,18,62,102124.3507335186
2003,-56.70000000000001,62,1,100,98,18,62,102177.54499578476
2004,-56.70000000000001,62,1,100,98,18,62,102230.44778561592
2005,-56.70000000000001,62,1,100,98,18,62,102282.0894100666
2006,-56.70000000000001,62,1,100,98,18,62,102335.003292799
2007,-56.70000000000001,62,1,100,98,18,62,102386.7021355629
2008,-56.70000000000001,62,1,100,98,18,62,102440.33621883392
2009,-56.70000000000001,62,1,100,98,18,62,102494.0697247982
2010,-56.70000000000001,62,1,100,98,18,62,102547.773178339
2011,-56.70000000000001,62,1,100,98,18,62,102601.61877250671
2012,-56.70000000000001,62,1,100,98,18,62,102652.60892796516
2013,-56.70000000000001,62,1,100,98,18,62,102706.38291406631
2014,-56.70000000000001,62,1,100,98,18,62,102759.50019598007
2015,-56.70000000000001,62,1,100,98,18,62,102811.47296261787
2016,-56.70000000000001,62,1,100,98,18,62,102864.28521180153
2017,-56.70000000000001,62,1,100,98,18,62,102917.26108384132
2018,-56.70000000000001,62,1,100,98,18,62,102970.40791964531
2019,-56.70000000000001,62,1,100,98,18,62,103022.49620294571
2020,-56.70000000000001,62,1,100,98,18,62,103075.33364725113
2021,-56.70000000000001,62,1,100,98,18,62,103127.91783857346
2022,-56.70000000000001,62,1,100,98,18,62,103181.24402332306
2023,-56.70000000000001,62,1,100,98,18,62,103234.51025795937
2024,-56.70000000000001,62,1,100,98,18,62,103285.90181708336
2025,-56.70000000000001,62,1,100,98,18,62,103339.19559431076
2026,-56.70000000000001,62,1,100,98,18,62,103390.12844896317
2027,-56.70000000000001,62,1,100,98,18,62,103443.15555787086
2028,-56.70000000000001,62,1,100,98,18,62,103495.57271957397
2029,-56.70000000000001,62,1,100,98,18,62,103547.27740001678
2030,-56.70000000000001,62,1,100,98,18,62,103599.06317472458
2031,-56.70000000000001,62,1,100,98,18,62,103652.19804954529
2032,-56.70000000000001,62,1,100,98,18,62,103705.44493031502
2033,-56.70000000000001,62,1,100,98,18,62,103757.8522298336
2034,-56.70000000000001,62,1,100,98,18,62,103810.71553230286
2035,-56.70000000000001,62,1,100,98,18,62,103862.5718986988
2036,-56.70000000000001,62,1,100,98,18,62,103916.00495195389
2037,-56.70000000000001,62,1,100,98,18,62,103969.02605772018
2038,-56.70000000000001,62,1,100,98,18,62,104022.84259295464
2039,-56.70000000000001,62,1,100,98,18,62,104075.01597619057
2040,-56.70000000000001,62,1,100,98,18,62,104127.9990541935
2041,-56.70000000000001,62,1,100,98,18,62,104181.45576334
2042,-56.70000000000001,62,1,100,98,18,62,104234.79127693176
2043,-56.70000000000001,62,1,100,98,18,62,104289.59853005409
2044,-56.70000000000001,62,1,100,98,18,62,104341.36471390724
2045,-56.70000000000001,62,1,100,98,18,62,104394.77032208443
2046,-56.70000000000001,62,1,100,98,18,62,104447.16048645973
2047,-56.70000000000001,62,1,100,98,18,62,104501.1659207344
2048,-56.70000000000001,62,1,100,98,18,62,104552.66079354286
2049,-56.70000000000001,62,1,100,98,18,62,104605.54009699821
2050,-56.70000000000001,62,1,100,98,18,62,104659.0675213337
2051,-56.70000000000001,62,1,100,98,18,62,104711.53295993805
2052,-56.70000000000001,62,1,100,98,18,62,104764.74179935455
2053,-56.70000000000001,62,1,100,98,18,62,104817.2191593647
2054,-56.70000000000001,62,1,100,98,18,62,104871.15106105804
2055,-56.70000000000001,62,1,100,98,18,62,104923.7686457634
2056,-56.70000000000001,62,1,100,98,18,62,104976.29412698746
2057,-56.70000000000001,62,1,100,98,18,62,105029.46952843666
2058,-56.70000000000001,62,1,100,98,18,62,105081.2531735897
2059,-56.70000000000001,62,1,100,98,18,62,105133.85996341705
2060,-56.70000000000001,62,1,100,98,18,62,105187.01287460327
2061,-56.70000000000001,62,1,100,98,18,62,105240.62790703773
2062,-56.70000000000001,62,1,100,98,18,62,105293.83660936356
2063,-56.70000000000001,62,1,100,98,18,62,105347.2460474968
2064,-56.70000000000001,62,1,100,98,18,62,105400.84344434738
2065,-56.70000000000001,62,1,100,98,18,62,105453.61778497696
2066,-56.70000000000001,62,1,100,98,18,62,105506.7341208458
2067,-56.70000000000001,62,1,100,98,18,62,105559.46883106232
2068,-56.70000000000001,62,1,100,98,18,62,105613.32398605347
2069,-56.70000000000001,62,1,100,98,18,62,105665.7691025734
2070,-56.70000000000001,62,1,100,98,18,62,105718.23620271683
2071,-56.70000000000001,62,1,100,98,18,62,105770.09888243675
2072,-56.70000000000001,62,1,100,98,18,62,105824.05764579773
2073,-56.70000000000001,62,1,100,98,18,62,105877.14298892021
2074,-56.70000000000001,62,1,100,98,18,62,105930.58885145187
2075,-56.70000000000001,62,1,100,98,18,62,105983.61844468117
2076,-56.70000000000001,62,1,100,98,18,62,106036.55881476402
2077,-56.70000000000001,62,1,100,98,18,62,106090.94653367996
2078,-56.70000000000001,62,1,100,98,18,62,106143.95010638237
2079,-56.70000000000001,62,1,100,98,18,62,106197.54046559334
2080,-56.70000000000001,62,1,100,98,18,62,106251.23756670952
2081,-56.70000000000001,62,1,100,98,18,62,106304.45884728432
2082,-56.70000000000001,62,1,100,98,18,62,106357.76887965202
2083,-56.70000000000001,62,1,100,98,18,62,106410.82782888412
2084,-56.70000000000001,62,1,100,98,18,62,106464.66702032089
2085,-56.70000000000001,62,1,100,98,18,62,106518.20659136772
2086,-56.70000000000001,62,1,100,98,18,62,106572.82926797867
2087,-56.70000000000001,62,1,100,98,18,62,106625.94125556946
2088,-56.70000000000001,62,1,100,98,18,62,106678.9730398655
2089,-56.70000000000001,62,1,100,98,18,62,106731.60277962685
2090,-56.70000000000001,62,1,100,98,18,62,106784.72230601311
2091,-56.70000000000001,62,1,100,98,18,62,106837.506731987
2092,-56.70000000000001,62,1,100,98,18,62,106890.19572615623
2093,-56.70000000000001,62,1,100,98,18,62,106943.45464682579
2094,-56.70000000000001,62,1,100,98,18,62,106996.7287671566
2095,-56.70000000000001,62,1,100,98,18,62,107050.75066447258
2096,-56.70000000000001,62,1,100,98,18,62,107103.54735159874
2097,-57.150000000000006,62,1,100,100,21,62,107158.0209107399
2098,-56.70000000000001,62,1,100,98,18,62,107211.77617406845
2099,-56.70000000000001,62,1,100,98,18,62,107265.00906252861
2100,-56.70000000000001,62,1,100,98,18,62,107319.84800577164
2101,-56.70000000000001,62,1,100,98,18,62,107374.45782899857
2102,-56.70000000000001,62,1,100,98,18,62,107429.25797605515
2103,-56.70000000000001,62,1,100,98,18,62,107484.07971310616
2104,-61.15000000000001,62,1,100,95,21,62,107539.89541959763
2105,-56.70000000000001,62,1,100,98,18,62,107592.5974407196
2106,-56.70000000000001,62,1,100,98,18,62,107647.51136851311
2107,-56.70000000000001,62,1,100,98,18,62,107700.85568261147
2108,-56.70000000000001,62,1,100,98,18,62,107755.39838624
2109,-56.70000000000001,62,1,100,98,18,62,107808.84690451622
2110,-56.70000000000001,62,1,100,98,18,62,107863.53869390488
2111,-56.70000000000001,62,1,100,98,18,62,107917.26585483551
2112,-56.70000000000001,62,1,100,98,18,62,107970.87036442757
2113,-56.70000000000001,62,1,100,98,18,62,108024.66610240936
2114,-56.70000000000001,62,1,100,98,18,62,108078.2997379303
2115,-56.70000000000001,62,1,100,98,18,62,108132.88014888763
2116,-56.70000000000001,62,1,100,98,18,62,108186.80228686333
2117,-56.70000000000001,62,1,100,98,18,62,108240.58840703964
2118,-56.70000000000001,62,1,100,98,18,62,108293.27906703949
2119,-56.70000000000001,62,1,100,98,18,62,108347.53003072739
2120,-56.70000000000001,62,1,100,98,18,62,108400.9083161354
2121,-56.70000000000001,62,1,100,98,18,62,108454.8815062046
2122,-56.70000000000001,62,1,100,98,18,62,108508.02083015442
2123,-56.70000000000001,62,1,100,98,18,62,108562.17303824425
2124,-56.70000000000001,62,1,100,98,18,62,108615.67056703568
2125,-56.70000000000001,62,1,100,98,18,62,108670.41139674187
2126,-56.70000000000001,62,1,100,98,18,62,108723.70364975929
2127,-56.70000000000001,62,1,100,98,18,62,108777.28456830978
2128,-56.70000000000001,62,1,100,98,18,62,108831.83069896698
2129,-63.75000000000003,62,1,100,98,25,62,108882.47707676888
2130,-56.70000000000001,62,1,100,98,18,62,108936.93121933937
2131,-56.70000000000001,62,1,100,98,18,62,108990.48143458366
2132,-56.70000000000001,62,1,100,98,18,62,109044.24717831612
2133,-56.70000000000001,62,1,100,98,18,62,109097.54493546486
2134,-56.70000000000001,62,1,100,98,18,62,109150.29862141609
2135,-56.70000000000001,62,1,100,98,18,62,109203.19767403603
2136,-56.70000000000001,62,1,100,98,18,62,109255.19411420822
2137,-56.70000000000001,62,1,100,98,18,62,109309.16721057892
2138,-56.70000000000001,62,1,100,98,18,62,109361.62068343163
2139,-56.70000000000001,62,1,100,98,18,62,109414.4852142334
2140,-56.70000000000001,62,1,100,98,18,62,109468.11150932312
2141,-56.70000000000001,62,1,100,98,18,62,109522.21944499016
2142,-66.5,62,1,100,97,22,62,109575.12205386162
2143,-56.70000000000001,62,1,100,98,18,62,109627.93567800522
2144,-56.70000000000001,62,1,100,98,18,62,109681.64753603935
2145,-56.70000000000001,62,1,100,98,18,62,109734.27010393143
2146,-56.70000000000001,62,1,100,98,18,62,109788.21843576431
2147,-56.70000000000001,62,1,100,98,18,62,109840.59016799927
2148,-56.70000000000001,62,1,100,98,18,62,109893.08067750931
2149,-56.70000000000001,62,1,100,98,18,62,109946.62075901031
2150,-56.70000000000001,62,1,100,98,18,62,109999.89473891258
2151,-56.70000000000001,62,1,100,98,18,62,110052.87822818756
2152,-56.70000000000001,62,1,100,98,18,62,110105.72875714302
2153,-56.70000000000001,62,1,100,98,18,62,110158.68614459038
2154,-56.70000000000001,62,1,100,98,18,62,110210.09416985512
2155,-56.70000000000001,62,1,100,98,18,62,110263.6646425724
2156,-56.70000000000001,62,1,100,98,18,62,110317.447981596
2157,-56.70000000000001,62,1,100,98,18,62,110369.90424799919
2158,-56.70000000000001,62,1,100,98,18,62,110422.67425274849
2159,-56.70000000000001,62,1,100,98,18,62,110475.68693733215
2160,-56.70000000000001,62,1,100,98,18,62,110528.54846668243
2161,-56.70000000000001,62,1,100,98,18,62,110581.45355176926
2162,-56.70000000000001,62,1,100,98,18,62,110636.20139312744
2163,-56.70000000000001,62,1,100,98,18,62,110687.18608307838
2164,-56.70000000000001,62,1,100,98,18,62,110741.38931894302
2165,-56.70000000000001,62,1,100,98,18,62,110794.75491499901
2166,-56.70000000000001,62,1,100,98,18,62,110846.48222279549
2167,-56.70000000000001,62,1,100,98,18,62,110905.79418540001
2168,-56.70000000000001,62,1,100,98,18,62,110961.97942829132
2169,-56.70000000000001,62,1,100,98,18,62,111016.3347530365
2170,-56.70000000000001,62,1,100,98,18,62,111068.72024083138
2171,-56.70000000000001,62,1,100,98,18,62,111122.24344468117
2172,-56.70000000000001,62,1,100,98,18,62,111173.71090769768
2173,-56.70000000000001,62,1,100,98,18,62,111227.16031622887
2174,-56.70000000000001,62,1,100,98,18,62,111282.41512084007
2175,-56.70000000000001,62,1,100,98,18,62,111337.59792733192
2176,-56.70000000000001,62,1,100,98,18,62,111393.02430033684
2177,-56.70000000000001,62,1,100,98,18,62,111446.95394420624
2178,-56.70000000000001,62,1,100,98,18,62,111502.30852365494
2179,-56.70000000000001,62,1,100,98,18,62,111555.70225048065
2180,-56.70000000000001,62,1,100,98,18,62,111609.09619498253
2181,-56.70000000000001,62,1,100,98,18,62,111660.45999407768
2182,-56.70000000000001,62,1,100,98,18,62,111720.29800510406
2183,-56.70000000000001,62,1,100,98,18,62,111776.95174837112
2184,-56.70000000000001,62,1,100,98,18,62,111841.79773736
2185,-56.70000000000001,62,1,100,98,18,62,111903.6498799324
2186,-56.70000000000001,62,1,100,98,18,62,111961.88431382179
2187,-56.70000000000001,62,1,100,98,18,62,112020.92423987389
2188,-56.70000000000001,62,1,100,98,18,62,112080.61442041397
2189,-56.70000000000001,62,1,100,98,18,62,112138.93652296066
2190,-56.70000000000001,62,1,100,98,18,62,112197.28012871742
2191,-56.70000000000001,62,1,100,98,18,62,112259.4475786686
2192,-56.70000000000001,62,1,100,98,18,62,112320.22379684448
2193,-56.70000000000001,62,1,100,98,18,62,112378.55534505844
2194,-56.70000000000001,62,1,100,98,18,62,112439.31685185432
2195,-56.70000000000001,62,1,100,98,18,62,112497.12760043144
2196,-56.70000000000001,62,1,100,98,18,62,112556.67849969864
2197,-56.70000000000001,62,1,100,98,18,62,112615.67675280571
2198,-56.70000000000001,62,1,100,98,18,62,112676.10572862625
2199,-56.70000000000001,62,1,100,98,18,62,112734.29761624336
2200,-56.70000000000001,62,1,100,98,18,62,112793.6123278141
2201,-56.70000000000001,62,1,100,98,18,62,112853.20863986015
2202,-56.70000000000001,62,1,100,98,18,62,112912.4222433567
2203,-62.150000000000006,62,1,100,96,21,62,112969.79889369011
2204,-56.70000000000001,62,1,100,98,18,62,113028.35125780106
2205,-56.70000000000001,62,1,100,98,18,62,113088.08532071114
2206,-56.70000000000001,62,1,100,98,18,62,113146.91032242775
2207,-56.70000000000001,62,1,100,98,18,62,113205.22782254219
2208,-56.70000000000001,62,1,100,98,18,62,113263.9527463913
2209,-56.70000000000001,62,1,100,98,18,62,113323.56768131256
2210,-56.70000000000001,62,1,100,98,18,62,113382.72756052017
2211,-56.70000000000001,62,1,100,98,18,62,113440.93280935287
2212,-56.70000000000001,62,1,100,98,18,62,113499.82716274261
2213,-56.70000000000001,62,1,100,98,18,62,113558.8803653717
2214,-56.70000000000001,62,1,100,98,18,62,113617.53815150261
2215,-56.70000000000001,62,1,100,98,18,62,113676.59062623978
2216,-56.70000000000001,62,1,100,98,18,62,113736.08847618103
2217,-56.70000000000001,62,1,100,98,18,62,113795.73933243752
2218,-56.70000000000001,62,1,100,98,18,62,113854.08262825012
2219,-56.70000000000001,62,1,100,98,18,62,113913.20623540878
2220,-56.70000000000001,62,1,100,98,18,62,113972.25050401688
2221,-56.70000000000001,62,1,100,98,18,62,114030.22659087181
2222,-56.70000000000001,62,1,100,98,18,62,114090.14208054543
2223,-56.70000000000001,62,1,100,98,18,62,114150.17213463783
2224,-56.70000000000001,62,1,100,98,18,62,114208.48933148384
2225,-56.70000000000001,62,1,100,98,18,62,114267.31899499893
2226,-56.70000000000001,62,1,100,98,18,62,114325.46012926102
2227,-56.70000000000001,62,1,100,98,18,62,114383.47836184502
2228,-56.70000000000001,62,1,100,98,18,62,114439.93522047997
2229,-56.70000000000001,62,1,100,98,18,62,114494.92175722122
2230,-56.70000000000001,62,1,100,98,18,62,114548.47929596901
2231,-56.70000000000001,62,1,100,98,18,62,114601.95178079605
2232,-56.70000000000001,62,1,100,98,18,62,114656.21885085106
2233,-56.70000000000001,62,1,100,98,18,62,114710.16758394241
2234,-56.70000000000001,62,1,100,98,18,62,114762.56008434296
2235,-56.70000000000001,62,1,100,98,18,62,114816.22367024422
2236,-56.70000000000001,62,1,100,98,18,62,114868.96057534218
2237,-56.70000000000001,62,1,100,98,18,62,114923.07765245438
2238,-56.70000000000001,62,1,100,98,18,62,114975.89652013779
2239,-56.70000000000001,62,1,100,98,18,62,115028.73043870926
2240,-56.70000000000001,62,1,100,98,18,62,115082.08368635178
2241,-56.70000000000001,62,1,100,98,18,62,115136.21053147316
2242,-56.70000000000001,62,1,100,98,18,62,115189.59763073921
2243,-56.70000000000001,62,1,100,98,18,62,115243.06965351105
2244,-56.70000000000001,62,1,100,98,18,62,115296.91566300392
2245,-56.70000000000001,62,1,100,98,18,62,115350.1400756836
2246,-56.70000000000001,62,1,100,98,18,62,115405.49775123596
2247,-56.70000000000001,62,1,100,98,18,62,115469.10749101639
2248,-56.70000000000001,62,1,100,98,18,62,115532.24790120125
2249,-56.70000000000001,62,1,100,98,18,62,115601.01297235489
2250,-56.70000000000001,62,1,100,98,18,62,115657.15159893036
2251,-56.70000000000001,62,1,100,98,18,62,115711.50973773003
2252,-56.70000000000001,62,1,100,98,18,62,115765.77709436417
2253,-56.70000000000001,62,1,100,98,18,62,115819.48190951347
2254,-56.70000000000001,62,1,100,98,18,62,115873.15987801552
2255,-56.70000000000001,62,1,100,98,18,62,115928.15152287483
2256,-56.70000000000001,62,1,100,98,18,62,115982.0057630539
2257,-56.70000000000001,62,1,100,98,18,62,116036.8311419487
2258,-56.70000000000001,62,1,100,98,18,62,116092.03078341484
2259,-56.70000000000001,62,1,100,98,18,62,116158.84640574455
2260,-56.70000000000001,62,1,100,98,18,62,116224.0044913292
2261,-56.70000000000001,62,1,100,98,18,62,116286.39294433594
2262,-56.70000000000001,62,1,100,98,18,62,116351.7561852932
2263,-56.70000000000001,62,1,100,98,18,62,116416.8729262352
2264,-56.70000000000001,62,1,100,98,18,62,116482.70870304108
2265,-56.70000000000001,62,1,100,98,18,62,116547.90226507187
2266,-56.70000000000001,62,1,100,98,18,62,116612.66239929199
2267,-56.70000000000001,62,1,100,98,18,62,116677.65468025208
2268,-56.70000000000001,62,1,100,98,18,62,116741.47108983994
2269,-56.70000000000001,62,1,100,98,18,62,116804.09562754631
2270,-56.70000000000001,62,1,100,98,18,62,116867.9447324276
2271,-56.70000000000001,62,1,100,98,18,62,116930.81933784485
2272,-56.70000000000001,62,1,100,98,18,62,116993.42899560928
2273,-60.45000000000001,62,1,100,100,23,62,117060.26094722748
2274,-56.70000000000001,62,1,100,98,18,62,117119.15750551224
2275,-56.70000000000001,62,1,100,98,18,62,117176.84333586693
2276,-56.70000000000001,62,1,100,98,18,62,117233.84056806564
2277,-56.70000000000001,62,1,100,98,18,62,117289.94986605644
2278,-56.70000000000001,62,1,100,98,18,62,117354.7273042202
2279,-56.70000000000001,62,1,100,98,18,62,117423.39887142181
2280,-56.70000000000001,62,1,100,98,18,62,117487.82173228264
2281,-56.70000000000001,62,1,100,98,18,62,117549.51454949379
2282,-56.70000000000001,62,1,100,98,18,62,117615.6897764206
2283,-56.70000000000001,62,1,100,98,18,62,117682.29238176346
2284,-56.70000000000001,62,1,100,98,18,62,117747.08921551704
2285,-56.70000000000001,62,1,100,98,18,62,117804.89345216751
2286,-56.70000000000001,62,1,100,98,18,62,117869.21215581894
2287,-56.70000000000001,62,1,100,98,18,62,117932.62131667137
2288,-56.70000000000001,62,1,100,98,18,62,117996.63965272903
2289,-56.70000000000001,62,1,100,98,18,62,118061.05079269409
2290,-56.70000000000001,62,1,100,98,18,62,118124.78788614273
2291,-56.70000000000001,62,1,100,98,18,62,118184.62582039833
2292,-56.70000000000001,62,1,100,98,18,62,118243.19379401207
2293,-56.70000000000001,62,1,100,98,18,62,118301.00461697578
2294,-56.70000000000001,62,1,100,98,18,62,118359.63499999046
2295,-56.70000000000001,62,1,100,98,18,62,118416.40175366402
2296,-56.70000000000001,62,1,100,98,18,62,118474.99934983253
2297,-56.70000000000001,62,1,100,98,18,62,118532.15849018097
2298,-56.70000000000001,62,1,100,98,18,62,118592.07854485512
2299,-56.70000000000001,62,1,100,98,18,62,118649.06688427925
2300,-56.70000000000001,62,1,100,98,18,62,118706.89346575737
2301,-56.70000000000001,62,1,100,98,18,62,118765.58084082603
2302,-56.70000000000001,62,1,100,98,18,62,118824.11340975761
2303,-56.70000000000001,62,1,100,98,18,62,118881.59945130348
2304,-56.70000000000001,62,1,100,98,18,62,118938.58305120468
2305,-56.70000000000001,62,1,100,98,18,62,118994.19966673851
2306,-56.70000000000001,62,1,100,98,18,62,119054.11700081825
2307,-56.70000000000001,62,1,100,98,18,62,119114.12135076523
2308,-56.70000000000001,62,1,100,98,18,62,119172.75057935715
2309,-56.70000000000001,62,1,100,98,18,62,119230.25416493416
2310,-56.70000000000001,62,1,100,98,18,62,119292.63508462906
2311,-56.70000000000001,62,1,100,98,18,62,119357.70882797241
2312,-56.70000000000001,62,1,100,98,18,62,119416.86354994774
2313,-56.70000000000001,62,1,100,98,18,62,119476.01079416275
2314,-56.70000000000001,62,1,100,98,18,62,119530.96861433983
2315,-56.70000000000001,62,1,100,98,18,62,119589.75611948967
2316,-56.70000000000001,62,1,100,98,18,62,119647.77179646492
2317,-56.70000000000001,62,1,100,98,18,62,119702.58550715446
2318,-56.70000000000001,62,1,100,98,18,62,119757.25127577782
2319,-56.70000000000001,62,1,100,98,18,62,119810.40571713448
2320,-56.70000000000001,62,1,100,98,18,62,119866.3255879879
2321,-56.70000000000001,62,1,100,98,18,62,119923.1617898941
2322,-56.70000000000001,62,1,100,98,18,62,119977.03334403038
2323,-56.70000000000001,62,1,100,98,18,62,120029.96904230118
2324,-56.70000000000001,62,1,100,98,18,62,120082.73288965225
2325,-56.70000000000001,62,1,100,98,18,62,120136.65458798409
2326,-56.70000000000001,62,1,100,98,18,62,120188.48948025703
2327,-56.70000000000001,62,1,100,98,18,62,120242.59884905815
2328,-56.70000000000001,62,1,100,98,18,62,120294.22676205635
2329,-56.70000000000001,62,1,100,98,18,62,120347.98483324051
2330,-56.70000000000001,62,1,100,98,18,62,120401.08909273148
2331,-56.70000000000001,62,1,100,98,18,62,120454.24792599678
2332,-56.70000000000001,62,1,100,98,18,62,120506.6462738514
2333,-56.70000000000001,62,1,100,98,18,62,120560.08166241646
2334,-56.70000000000001,62,1,100,98,18,62,120623.10989236832
2335,-56.70000000000001,62,1,100,98,18,62,120687.9223613739
2336,-56.70000000000001,62,1,100,98,18,62,120752.1498105526
2337,-56.70000000000001,62,1,100,98,18,62,120810.64093637466
2338,-56.70000000000001,62,1,100,98,18,62,120872.70494508743
2339,-56.70000000000001,62,1,100,98,18,62,120932.43806099892
2340,-56.70000000000001,62,1,100,98,18,62,120991.15706348419
2341,-56.70000000000001,62,1,100,98,18,62,121048.13264226913
2342,-56.70000000000001,62,1,100,98,18,62,121104.71456122398
2343,-56.70000000000001,62,1,100,98,18,62,121161.34696531296
2344,-56.70000000000001,62,1,100,98,18,62,121220.02078199387
2345,-56.70000000000001,62,1,100,98,18,62,121275.10010123253
2346,-56.70000000000001,62,1,100,98,18,62,121332.26273608208
2347,-56.70000000000001,62,1,100,98,18,62,121390.00761270523
2348,-56.70000000000001,62,1,100,98,18,62,121451.872174263
2349,-56.70000000000001,62,1,100,98,18,62,121510.91867423058
2350,-56.70000000000001,62,1,100,98,18,62,121566.40434527397
2351,-56.70000000000001,62,1,100,98,18,62,121624.02621817589
2352,-56.70000000000001,62,1,100,98,18,62,121682.91259932518
2353,-56.70000000000001,62,1,100,98,18,62,121739.38752889633
2354,-56.70000000000001,62,1,100,98,18,62,121794.78173208237
2355,-56.70000000000001,62,1,100,98,18,62,121849.74699568748
2356,-56.70000000000001,62,1,100,98,18,62,121904.8332953453
2357,-56.70000000000001,62,1,100,98,18,62,121959.46856975555
2358,-56.70000000000001,62,1,100,98,18,62,122014.16444683075
2359,-56.70000000000001,62,1,100,98,18,62,122069.20230746269
2360,-56.70000000000001,62,1,100,98,18,62,122124.71126961708
2361,-56.70000000000001,62,1,100,98,18,62,122181.44762349129
2362,-56.70000000000001,62,1,100,98,18,62,122236.63620471954
2363,-56.70000000000001,62,1,100,98,18,62,122292.7004609108
2364,-56.70000000000001,62,1,100,98,18,62,122348.20223617554
2365,-56.70000000000001,62,1,100,98,18,62,122408.83108758926
2366,-56.70000000000001,62,1,100,98,18,62,122467.83235549927
2367,-56.70000000000001,62,1,100,98,18,62,122526.88472533226
2368,-56.70000000000001,62,1,100,98,18,62,122580.98570418358
2369,-56.70000000000001,62,1,100,98,18,62,122635.35106086731
2370,-56.70000000000001,62,1,100,98,18,62,122690.75852036476
2371,-56.70000000000001,62,1,100,98,18,62,122747.61165499687
2372,-56.70000000000001,62,1,100,98,18,62,122802.34577274323
2373,-56.70000000000001,62,1,100,98,18,62,122859.21943569183
2374,-56.70000000000001,62,1,100,98,18,62,122915.56107115746
2375,-56.70000000000001,62,1,100,98,18,62,122970.58107066154
2376,-56.70000000000001,62,1,100,98,18,62,123025.56149506569
2377,-56.70000000000001,62,1,100,98,18,62,123082.80618524551
2378,-56.70000000000001,62,1,100,98,18,62,123140.17706179619
2379,-56.70000000000001,62,1,100,98,18,62,123195.572514534
2380,-56.70000000000001,62,1,100,98,18,62,123249.6475303173
2381,-56.70000000000001,62,1,100,98,18,62,123303.12443852425
2382,-56.70000000000001,62,1,100,98,18,62,123357.71643948555
2383,-56.70000000000001,62,1,100,98,18,62,123411.28698515892
2384,-56.70000000000001,62,1,100,98,18,62,123465.56783080101
2385,-56.70000000000001,62,1,100,98,18,62,123518.10465312004
2386,-56.70000000000001,62,1,100,98,18,62,123571.36425971985
2387,-56.70000000000001,62,1,100,98,18,62,123624.68022942543
2388,-56.70000000000001,62,1,100,98,18,62,123678.73313736916
2389,-56.70000000000001,62,1,100,98,18,62,123732.33575940132
2390,-56.70000000000001,62,1,100,98,18,62,123785.68857312202
2391,-56.70000000000001,62,1,100,98,18,62,123839.56493020058
2392,-56.70000000000001,62,1,100,98,18,62,123893.43719935417
2393,-56.70000000000001,62,1,100,98,18,62,123946.96323347092
2394,-56.70000000000001,62,1,100,98,18,62,123999.93863296509
2395,-56.70000000000001,62,1,100,98,18,62,124053.46753525734
2396,-56.70000000000001,62,1,100,98,18,62,124107.25568008423
2397,-56.70000000000001,62,1,100,98,18,62,124160.76352858543
2398,-56.70000000000001,62,1,100,98,18,62,124216.2023487091
2399,-56.70000000000001,62,1,100,98,18,62,124272.54020524025
2400,-56.70000000000001,62,1,100,98,18,62,124327.81134963036
2401,-56.70000000000001,62,1,100,98,18,62,124382.17074084282
2402,-65.5,62,1,100,97,22,62,124438.01646208763
2403,-56.70000000000001,62,1,100,98,18,62,124491.79835534096
2404,-56.70000000000001,62,1,100,98,18,62,124545.7550330162
2405,-56.70000000000001,62,1,100,98,18,62,124598.1470105648
2406,-56.70000000000001,62,1,100,98,18,62,124652.94419121742
2407,-56.70000000000001,62,1,100,98,18,62,124706.56585264206
2408,-56.70000000000001,62,1,100,98,18,62,124762.7324912548
2409,-56.70000000000001,62,1,100,98,18,62,124817.91759037971
2410,-56.70000000000001,62,1,100,98,18,62,124871.689909935
2411,-56.70000000000001,62,1,100,98,18,62,124927.13513040543
2412,-56.70000000000001,62,1,100,98,18,62,124982.6987695694
2413,-56.70000000000001,62,1,100,98,18,62,125040.27969789505
2414,-56.70000000000001,62,1,100,98,18,62,125100.34901690483
2415,-56.70000000000001,62,1,100,98,18,62,125161.32630991936
2416,-56.70000000000001,62,1,100,98,18,62,125219.46140885353
2417,-56.70000000000001,62,1,100,98,18,62,125275.4331305027
2418,-56.70000000000001,62,1,100,98,18,62,125331.17113137245
2419,-56.70000000000001,62,1,100,98,18,62,125387.01912498474
2420,-56.70000000000001,62,1,100,98,18,62,125441.97170853615
2421,-56.70000000000001,62,1,100,98,18,62,125496.8079149723
2422,-56.70000000000001,62,1,100,98,18,62,125552.60309004784
2423,-56.70000000000001,62,1,100,98,18,62,125606.66815900803
2424,-56.70000000000001,62,1,100,98,18,62,125661.64161992073
2425,-56.70000000000001,62,1,100,98,18,62,125715.98124408722
2426,-56.70000000000001,62,1,100,98,18,62,125769.57458662987
2427,-56.70000000000001,62,1,100,98,18,62,125825.43423080444
2428,-56.70000000000001,62,1,100,98,18,62,125883.22079491615
2429,-56.70000000000001,62,1,100,98,18,62,125941.74169278145
2430,-56.70000000000001,62,1,100,98,18,62,125999.51026773453
2431,-56.70000000000001,62,1,100,98,18,62,126053.70803165436
2432,-56.70000000000001,62,1,100,98,18,62,126110.22520804405
2433,-56.70000000000001,62,1,100,98,18,62,126163.74718022346
2434,-56.70000000000001,62,1,100,98,18,62,126219.794703722
2435,-56.70000000000001,62,1,100,98,18,62,126273.75098228455
2436,-56.70000000000001,62,1,100,98,18,62,126328.38972353935
2437,-56.70000000000001,62,1,100,98,18,62,126383.24349045753
2438,-56.70000000000001,62,1,100,98,18,62,126437.30738043785
2439,-56.70000000000001,62,1,100,98,18,62,126492.01485514641
2440,-56.70000000000001,62,1,100,98,18,62,126545.21676659584
2441,-56.70000000000001,62,1,100,98,18,62,126600.12592840195
2442,-58.70000000000001,62,1,100,100,18,62,126652.31900644302
2443,-56.70000000000001,62,1,100,98,18,62,126706.59745526314
2444,-56.70000000000001,62,1,100,98,18,62,126761.79346585274
2445,-56.70000000000001,62,1,100,98,18,62,126819.70270967484
2446,-56.70000000000001,62,1,100,98,18,62,126874.80297088623
2447,-56.70000000000001,62,1,100,98,18,62,126931.62851428986
2448,-56.70000000000001,62,1,100,98,18,62,126986.76225066185
2449,-56.70000000000001,62,1,100,98,18,62,127042.47314858437
2450,-56.70000000000001,62,1,100,98,18,62,127097.96378302574
2451,-56.70000000000001,62,1,100,98,18,62,127152.2883272171
2452,-56.70000000000001,62,1,100,98,18,62,127207.69854712486
2453,-56.70000000000001,62,1,100,98,18,62,127262.76115751266
2454,-56.70000000000001,62,1,100,98,18,62,127317.52086853981
2455,-56.70000000000001,62,1,100,98,18,62,127371.24540996552
2456,-56.70000000000001,62,1,100,98,18,62,127426.60189056396
2457,-56.70000000000001,62,1,100,98,18,62,127482.31237530708
2458,-56.70000000000001,62,1,100,98,18,62,127538.15873003006
2459,-56.70000000000001,62,1,100,98,18,62,127593.93317365646
2460,-56.70000000000001,62,1,100,98,18,62,127648.58786559105
2461,-56.70000000000001,62,1,100,98,18,62,127703.35406589508
2462,-56.70000000000001,62,1,100,98,18,62,127759.25411915779
2463,-56.70000000000001,62,1,100,98,18,62,127814.67891263962
2464,-56.70000000000001,62,1,100,98,18,62,127869.6303126812
2465,-56.70000000000001,62,1,100,98,18,62,127924.21105527878
2466,-56.70000000000001,62,1,100,98,18,62,127977.90950512886
2467,-56.70000000000001,62,1,100,98,18,62,128031.8369383812
2468,-56.70000000000001,62,1,100,98,18,62,128085.32999062538
2469,-56.70000000000001,62,1,100,98,18,62,128138.52101016045
2470,-56.70000000000001,62,1,100,98,18,62,128192.0860991478
2471,-56.70000000000001,62,1,100,98,18,62,128246.90789723396
2472,-56.70000000000001,62,1,100,98,18,62,128305.44940042496
2473,-56.70000000000001,62,1,100,98,18,62,128360.90438938141
2474,-56.70000000000001,62,1,100,98,18,62,128416.15419626236
2475,-56.70000000000001,62,1,100,98,18,62,128471.75627875328
2476,-56.70000000000001,62,1,100,98,18,62,128527.0756483078
2477,-56.70000000000001,62,1,100,98,18,62,128580.75466036797
2478,-56.70000000000001,62,1,100,98,18,62,128635.7335767746
2479,-56.70000000000001,62,1,100,98,18,62,128689.46771359444
2480,-56.70000000000001,62,1,100,98,18,62,128744.79063796997
2481,-56.70000000000001,62,1,100,98,18,62,128799.90930891037
2482,-56.70000000000001,62,1,100,98,18,62,128854.62899756432
2483,-56.70000000000001,62,1,100,98,18,62,128911.16601848602
2484,-56.70000000000001,62,1,100,98,18,62,128967.99682450294
2485,-56.70000000000001,62,1,100,98,18,62,129024.6520807743
2486,-56.70000000000001,62,1,100,98,18,62,129078.30158662796
2487,-56.70000000000001,62,1,100,98,18,62,129132.29602742195
2488,-56.70000000000001,62,1,100,98,18,62,129185.68132328987
2489,-56.70000000000001,62,1,100,98,18,62,129239.59602093697
2490,-56.70000000000001,62,1,100,98,18,62,129294.47987794876
2491,-56.70000000000001,62,1,100,98,18,62,129349.3295185566
2492,-56.70000000000001,62,1,100,98,18,62,129403.48522853851
2493,-56.70000000000001,62,1,100,98,18,62,129459.99998283386
2494,-56.70000000000001,62,1,100,98,18,62,129516.39863204956
2495,-56.70000000000001,62,1,100,98,18,62,129573.91409134865
2496,-56.70000000000001,62,1,100,98,18,62,129627.89644956589
2497,-56.70000000000001,62,1,100,98,18,62,129680.92139697075
2498,-56.70000000000001,62,1,100,98,18,62,129736.11209440231
2499,-56.70000000000001,62,1,100,98,18,62,129790.23511457443
2500,-56.70000000000001,62,1,100,98,18,62,129844.17304348946
2501,-56.70000000000001,62,1,100,98,18,62,129897.48499441147
2502,-56.70000000000001,62,1,100,98,18,62,129954.11399793625
2503,-56.70000000000001,62,1,100,98,18,62,130007.0568959713
2504,-56.70000000000001,62,1,100,98,18,62,130060.16174530983
2505,-56.70000000000001,62,1,100,98,18,62,130113.41951489449
2506,-56.70000000000001,62,1,100,98,18,62,130166.26041436195
2507,-56.70000000000001,62,1,100,98,18,62,130223.37170004845
2508,-56.70000000000001,62,1,100,98,18,62,130277.36550617218
2509,-56.70000000000001,62,1,100,98,18,62,130331.71840500832
2510,-56.70000000000001,62,1,100,98,18,62,130385.91491365433
2511,-56.70000000000001,62,1,100,98,18,62,130440.03492927551
2512,-56.70000000000001,62,1,100,98,18,62,130494.89478206635
2513,-56.70000000000001,62,1,100,98,18,62,130548.35083794594
2514,-56.70000000000001,62,1,100,98,18,62,130601.27246689796
2515,-56.70000000000001,62,1,100,98,18,62,130654.72197723389
2516,-56.70000000000001,62,1,100,98,18,62,130709.00529122353
2517,-56.70000000000001,62,1,100,98,18,62,130761.65358662605
2518,-56.70000000000001,62,1,100,98,18,62,130815.88631486893
2519,-56.70000000000001,62,1,100,98,18,62,130869.61562824249
2520,-56.70000000000001,62,1,100,98,18,62,130928.13982820511
2521,-56.70000000000001,62,1,100,98,18,62,130985.48225855827
2522,-56.70000000000001,62,1,100,98,18,62,131042.77284312248
2523,-56.70000000000001,62,1,100,98,18,62,131095.46664333344
2524,-56.70000000000001,62,1,100,98,18,62,131148.58249735832
2525,-56.70000000000001,62,1,100,98,18,62,131201.8797237873
2526,-56.70000000000001,62,1,100,98,18,62,131254.10381627083
2527,-56.70000000000001,62,1,100,98,18,62,131308.27808070183
2528,-56.70000000000001,62,1,100,98,18,62,131362.18017721176
2529,-56.70000000000001,62,1,100,98,18,62,131416.46691918373
2530,-56.70000000000001,62,1,100,98,18,62,131469.03797984123
2531,-56.70000000000001,62,1,100,98,18,62,131523.74596977234
2532,-56.70000000000001,62,1,100,98,18,62,131576.66674637794
2533,-56.70000000000001,62,1,100,98,18,62,131630.49393177032
2534,-56.70000000000001,62,1,100,98,18,62,131683.88754296303
2535,-56.70000000000001,62,1,100,98,18,62,131737.50409126282
2536,-56.70000000000001,62,1,100,98,18,62,131790.35137796402
2537,-56.70000000000001,62,1,100,98,18,62,131842.07101368904
2538,-56.70000000000001,62,1,100,98,18,62,131895.77191090584
2539,-56.70000000000001,62,1,100,98,18,62,131948.83380889893
2540,-56.70000000000001,62,1,100,98,18,62,132002.65016055107
2541,-56.70000000000001,62,1,100,98,18,62,132054.6985425949
2542,-56.70000000000001,62,1,100,98,18,62,132107.41800546646
2543,-56.70000000000001,62,1,100,98,18,62,132161.86826443672
2544,-56.70000000000001,62,1,100,98,18,62,132215.4088113308
2545,-56.70000000000001,62,1,100,98,18,62,132268.97622346878
2546,-56.70000000000001,62,1,100,98,18,62,132321.4041762352
2547,-56.70000000000001,62,1,100,98,18,62,132374.49271726608
2548,-56.70000000000001,62,1,100,98,18,62,132428.28466367722
2549,-56.70000000000001,62,1,100,98,18,62,132483.18268990517
2550,-56.70000000000001,62,1,100,98,18,62,132537.01061964035
2551,-56.70000000000001,62,1,100,98,18,62,132589.61497235298
2552,-56.70000000000001,62,1,100,98,18,62,132643.47668600082
2553,-56.70000000000001,62,1,100,98,18,62,132697.03572368622
2554,-56.70000000000001,62,1,100,98,18,62,132750.3730533123
2555,-56.70000000000001,62,1,100,98,18,62,132803.39974689484
2556,-56.70000000000001,62,1,100,98,18,62,132856.77407765388
2557,-56.70000000000001,62,1,100,98,18,62,132910.54011178017
2558,-56.70000000000001,62,1,100,98,18,62,132963.93938684464
2559,-56.70000000000001,62,1,100,98,18,62,133016.84882497787
2560,-56.70000000000001,62,1,100,98,18,62,133069.6360962391
2561,-56.70000000000001,62,1,100,98,18,62,133123.21351242065
2562,-60.45000000000002,62,1,100,100,23,62,133177.4064950943
2563,-56.70000000000001,62,1,100,98,18,62,133230.58550190926
2564,-56.70000000000001,62,1,100,98,18,62,133282.82672858238
2565,-56.70000000000001,62,1,100,98,18,62,133334.88787913322
2566,-56.70000000000001,62,1,100,98,18,62,133389.04550528526
2567,-56.70000000000001,62,1,100,98,18,62,133442.80613136292
2568,-56.70000000000001,62,1,100,98,18,62,133495.76156020164
2569,-56.70000000000001,62,1,100,98,18,62,133549.42627310753
2570,-56.70000000000001,62,1,100,98,18,62,133602.45010066032
2571,-56.70000000000001,62,1,100,98,18,62,133655.91960835457
2572,-56.70000000000001,62,1,100,98,18,62,133709.7494134903
2573,-56.70000000000001,62,1,100,98,18,62,133763.05773210526
2574,-56.70000000000001,62,1,100,98,18,62,133816.53578734398
2575,-56.70000000000001,62,1,100,98,18,62,133871.17578315735
2576,-56.70000000000001,62,1,100,98,18,62,133924.9223549366
2577,-56.70000000000001,62,1,100,98,18,62,133977.61910247803
2578,-56.70000000000001,62,1,100,98,18,62,134030.05027723312
2579,-56.70000000000001,62,1,100,98,18,62,134081.63764715195
2580,-56.70000000000001,62,1,100,98,18,62,134136.1260778904
2581,-56.70000000000001,62,1,100,98,18,62,134190.33944916725
2582,-56.70000000000001,62,1,100,98,18,62,134243.9605937004
2583,-56.70000000000001,62,1,100,98,18,62,134297.54993081093
2584,-56.70000000000001,62,1,100,98,18,62,134349.8056282997
2585,-56.70000000000001,62,1,100,98,18,62,134404.7001965046
2586,-56.70000000000001,62,1,100,98,18,62,134457.76449894905
2587,-56.70000000000001,62,1,100,98,18,62,134511.44129180908
2588,-56.70000000000001,62,1,100,98,18,62,134564.7729663849
2589,-56.70000000000001,62,1,100,98,18,62,134618.63150763512
2590,-56.70000000000001,62,1,100,98,18,62,134671.92709684372
2591,-56.70000000000001,62,1,100,98,18,62,134726.80446267128
2592,-56.70000000000001,62,1,100,98,18,62,134780.151668787
2593,-56.70000000000001,62,1,100,98,18,62,134833.1455962658
2594,-56.70000000000001,62,1,100,98,18,62,134887.3157389164
2595,-56.70000000000001,62,1,100,98,18,62,134940.12654280663
2596,-56.70000000000001,62,1,100,98,18,62,134992.30891537666
2597,-56.70000000000001,62,1,100,98,18,62,135044.95594358444
2598,-56.70000000000001,62,1,100,98,18,62,135098.27092957497
2599,-56.70000000000001,62,1,100,98,18,62,135151.04525876045
2600,-56.70000000000001,62,1,100,98,18,62,135203.5392920971
2601,-56.70000000000001,62,1,100,98,18,62,135257.60595297813
2602,-56.70000000000001,62,1,100,98,18,62,135311.1375591755
2603,-56.70000000000001,62,1,100,98,18,62,135366.17574858665
2604,-56.70000000000001,62,1,100,98,18,62,135420.93467640877
2605,-56.70000000000001,62,1,100,98,18,62,135477.2463707924
2606,-56.70000000000001,62,1,100,98,18,62,135530.96382546425
2607,-56.70000000000001,62,1,100,98,18,62,135585.77184820175
2608,-56.70000000000001,62,1,100,98,18,62,135640.14752340317
2609,-56.70000000000001,62,1,100,98,18,62,135694.25286531448
2610,-56.70000000000001,62,1,100,98,18,62,135747.74528884888
2611,-56.70000000000001,62,1,100,98,18,62,135801.80803751945
2612,-56.70000000000001,62,1,100,98,18,62,135857.02649521828
2613,-56.70000000000001,62,1,100,98,18,62,135914.9412329197
2614,-56.70000000000001,62,1,100,98,18,62,135969.53623056412
2615,-56.70000000000001,62,1,100,98,18,62,136021.749096632
2616,-56.70000000000001,62,1,100,98,18,62,136075.96707940102
2617,-56.70000000000001,62,1,100,98,18,62,136128.57816314697
2618,-56.70000000000001,62,1,100,98,18,62,136182.59436702728
2619,-56.70000000000001,62,1,100,98,18,62,136236.17767572403
2620,-56.70000000000001,62,1,100,98,18,62,136288.6963300705
2621,-56.70000000000001,62,1,100,98,18,62,136342.1710779667
2622,-56.70000000000001,62,1,100,98,18,62,136394.5037508011
2623,-56.70000000000001,62,1,100,98,18,62,136447.29642248154
2624,-56.70000000000001,62,1,100,98,18,62,136499.95937681198
2625,-56.70000000000001,62,1,100,98,18,62,136553.70972967148
2626,-56.70000000000001,62,1,100,98,18,62,136605.9132320881
2627,-56.70000000000001,62,1,100,98,18,62,136658.4226129055
2628,-56.70000000000001,62,1,100,98,18,62,136711.506868124
2629,-56.70000000000001,62,1,100,98,18,62,136763.07965254784
2630,-56.70000000000001,62,1,100,98,18,62,136816.670129776
2631,-56.70000000000001,62,1,100,98,18,62,136868.37441945076
2632,-56.70000000000001,62,1,100,98,18,62,136922.02720808983
2633,-56.70000000000001,62,1,100,98,18,62,136974.60097908974
2634,-56.70000000000001,62,1,100,98,18,62,137027.91136050224
2635,-56.70000000000001,62,1,100,98,18,62,137080.17691469193
2636,-56.70000000000001,62,1,100,98,18,62,137133.35013961792
2637,-56.70000000000001,62,1,100,98,18,62,137185.7845208645
2638,-56.70000000000001,62,1,100,98,18,62,137238.11188602448
2639,-56.70000000000001,62,1,100,98,18,62,137290.66565799713
2640,-56.70000000000001,62,1,100,98,18,62,137342.56015872955
2641,-56.70000000000001,62,1,100,98,18,62,137395.3394947052
2642,-56.70000000000001,62,1,100,98,18,62,137448.76552391052
2643,-56.70000000000001,62,1,100,98,18,62,137501.31336283684
2644,-56.70000000000001,62,1,100,98,18,62,137553.34302544594
2645,-56.70000000000001,62,1,100,98,18,62,137606.39691996574
2646,-56.70000000000001,62,1,100,98,18,62,137658.61326098442
2647,-56.70000000000001,62,1,100,98,18,62,137710.08066391945
2648,-56.70000000000001,62,1,100,98,18,62,137763.7716562748
2649,-56.70000000000001,62,1,100,98,18,62,137816.49954485893
2650,-56.70000000000001,62,1,100,98,18,62,137870.02521920204
2651,-56.70000000000001,62,1,100,98,18,62,137921.710865736
2652,-56.70000000000001,62,1,100,98,18,62,137973.99795675278
2653,-56.70000000000001,62,1,100,98,18,62,138027.00297260284
2654,-56.70000000000001,62,1,100,98,18,62,138078.31478834152
2655,-56.70000000000001,62,1,100,98,18,62,138130.49077272415
2656,-56.70000000000001,62,1,100,98,18,62,138182.2579293251
2657,-56.70000000000001,62,1,100,98,18,62,138235.97731399536
2658,-56.70000000000001,62,1,100,98,18,62,138288.56916165352
2659,-56.70000000000001,62,1,100,98,18,62,138340.52529740334
2660,-56.70000000000001,62,1,100,98,18,62,138392.92591500282
2661,-56.70000000000001,62,1,100,98,18,62,138444.56408524513
2662,-56.70000000000001,62,1,100,98,18,62,138497.8274011612
2663,-56.70000000000001,62,1,100,98,18,62,138550.09589004517
2664,-56.70000000000001,62,1,100,98,18,62,138603.97880649567
2665,-56.70000000000001,62,1,100,98,18,62,138654.66486930847
2666,-56.70000000000001,62,1,100,98,18,62,138706.74839043617
2667,-56.70000000000001,62,1,100,98,18,62,138759.52608704567
2668,-56.70000000000001,62,1,100,98,18,62,138812.68981981277
2669,-56.70000000000001,62,1,100,98,18,62,138866.42069458961
2670,-56.70000000000001,62,1,100,98,18,62,138919.07708787918
2671,-56.70000000000001,62,1,100,98,18,62,138972.16962623596
2672,-56.70000000000001,62,1,100,98,18,62,139024.78774499893
2673,-56.70000000000001,62,1,100,98,18,62,139076.3494195938
2674,-56.70000000000001,62,1,100,98,18,62,139126.86883854866
2675,-56.70000000000001,62,1,100,98,18,62,139178.46017861366
2676,-56.70000000000001,62,1,100,98,18,62,139230.9237036705
2677,-56.70000000000001,62,1,100,98,18,62,139283.41870331764
2678,-56.70000000000001,62,1,100,98,18,62,139335.89232492447
2679,-56.70000000000001,62,1,100,98,18,62,139387.93950510025
2680,-56.70000000000001,62,1,100,98,18,62,139441.33111572266
2681,-56.70000000000001,62,1,100,98,18,62,139493.87314462662
2682,-56.70000000000001,62,1,100,98,18,62,139547.51338148117
2683,-56.70000000000001,62,1,100,98,18,62,139599.4600417614
2684,-56.70000000000001,62,1,100,98,18,62,139650.65976142883
2685,-56.70000000000001,62,1,100,98,18,62,139703.9786953926
2686,-56.70000000000001,62,1,100,98,18,62,139758.30275845528
2687,-56.70000000000001,62,1,100,98,18,62,139811.82546114922
2688,-56.70000000000001,62,1,100,98,18,62,139863.72369861603
2689,-56.70000000000001,62,1,100,98,18,62,139917.344383955
2690,-65.5,62,1,100,95,22,62,139969.749512434
2691,-56.70000000000001,62,1,100,98,18,62,140022.49032449722
2692,-56.70000000000001,62,1,100,98,18,62,140074.8293581009
2693,-56.70000000000001,62,1,100,98,18,62,140128.04332470894
2694,-56.70000000000001,62,1,100,98,18,62,140181.15742731094
2695,-56.70000000000001,62,1,100,98,18,62,140233.71034264565
2696,-56.70000000000001,62,1,100,98,18,62,140286.4983201027
2697,-56.70000000000001,62,1,100,98,18,62,140338.5666499138
2698,-56.70000000000001,62,1,100,98,18,62,140390.70884537697
2699,-56.70000000000001,62,1,100,98,18,62,140442.66950654984
2700,-56.70000000000001,62,1,100,98,18,62,140495.11617422104
2701,-56.70000000000001,62,1,100,98,18,62,140547.20078659058
2702,-56.70000000000001,62,1,100,98,18,62,140600.1430697441
2703,-65.50000000000001,62,1,100,97,22,62,140654.23814058304
2704,-56.70000000000001,62,1,100,98,18,62,140706.03243637085
2705,-56.70000000000001,62,1,100,98,18,62,140758.15862846375
2706,-56.70000000000001,62,1,100,98,18,62,140810.45785069466
2707,-56.70000000000001,62,1,100,98,18,62,140863.0558464527
2708,-56.70000000000001,62,1,100,98,18,62,140914.11262321472
2709,-56.70000000000001,62,1,100,98,18,62,140966.7469201088
2710,-56.70000000000001,62,1,100,98,18,62,141021.044734478
2711,-56.70000000000001,62,1,100,98,18,62,141073.5729417801
2712,-56.70000000000001,62,1,100,98,18,62,141127.0536158085
2713,-56.70000000000001,62,1,100,98,18,62,141179.2615916729
2714,-56.70000000000001,62,1,100,98,18,62,141231.59357190132
2715,-56.70000000000001,62,1,100,98,18,62,141282.86170721054
2716,-56.70000000000001,62,1,100,98,18,62,141336.19579648972
2717,-56.70000000000001,62,1,100,98,18,62,141388.90354037285
2718,-56.70000000000001,62,1,100,98,18,62,141440.83861589432
2719,-56.70000000000001,62,1,100,98,18,62,141493.565659523
2720,-56.70000000000001,62,1,100,98,18,62,141544.83887553215
2721,-56.70000000000001,62,1,100,98,18,62,141598.31297016144
2722,-56.70000000000001,62,1,100,98,18,62,141649.56004047394
2723,-56.70000000000001,62,1,100,98,18,62,141702.20714068413
2724,-56.70000000000001,62,1,100,98,18,62,141754.222417593
2725,-56.70000000000001,62,1,100,98,18,62,141805.4611594677
2726,-56.70000000000001,62,1,100,98,18,62,141857.97715497017
2727,-56.70000000000001,62,1,100,98,18,62,141909.93355178833
2728,-56.70000000000001,62,1,100,98,18,62,141963.2889239788
2729,-56.70000000000001,62,1,100,98,18,62,142015.96218681335
2730,-56.70000000000001,62,1,100,98,18,62,142068.56038308144
2731,-56.70000000000001,62,1,100,98,18,62,142120.93993616104
2732,-56.70000000000001,62,1,100,98,18,62,142174.3721663952
2733,-56.70000000000001,62,1,100,98,18,62,142226.44352936745
2734,-56.70000000000001,62,1,100,98,18,62,142278.112739563
2735,-56.70000000000001,62,1,100,98,18,62,142331.0588977337
2736,-56.70000000000001,62,1,100,98,18,62,142383.00906038284
2737,-56.70000000000001,62,1,100,98,18,62,142435.19534230232
2738,-56.70000000000001,62,1,100,98,18,62,142486.19367480278
2739,-56.70000000000001,62,1,100,98,18,62,142538.15112113953
2740,-56.70000000000001,62,1,100,98,18,62,142590.32407569885
2741,-56.70000000000001,62,1,100,98,18,62,142642.51513886452
2742,-56.70000000000001,62,1,100,98,18,62,142694.9927380085
2743,-56.70000000000001,62,1,100,98,18,62,142745.74254322052
2744,-56.70000000000001,62,1,100,98,18,62,142798.39355635643
2745,-56.70000000000001,62,1,100,98,18,62,142849.75949573517
2746,-56.70000000000001,62,1,100,98,18,62,142902.17782902718
2747,-56.70000000000001,62,1,100,98,18,62,142954.30315589905
2748,-56.70000000000001,62,1,100,98,18,62,143006.7283434868
2749,-56.70000000000001,62,1,100,98,18,62,143059.76687264442
2750,-56.70000000000001,62,1,100,98,18,62,143111.73406744003
2751,-56.70000000000001,62,1,100,98,18,62,143164.38985443115
2752,-56.70000000000001,62,1,100,98,18,62,143215.05269408226
2753,-56.70000000000001,62,1,100,98,18,62,143268.298889637
2754,-56.70000000000001,62,1,100,98,18,62,143319.28027510643
2755,-56.70000000000001,62,1,100,98,18,62,143371.15044879913
2756,-56.70000000000001,62,1,100,98,18,62,143423.00003957748
2757,-56.70000000000001,62,1,100,98,18,62,143475.14168977737
2758,-56.70000000000001,62,1,100,98,18,62,143527.93136548996
2759,-56.70000000000001,62,1,100,98,18,62,143578.7437567711
2760,-56.70000000000001,62,1,100,98,18,62,143630.91847848892
2761,-56.70000000000001,62,1,100,98,18,62,143682.805863142
2762,-56.70000000000001,62,1,100,98,18,62,143734.99835944176
2763,-56.70000000000001,62,1,100,98,18,62,143787.34355688095
2764,-56.70000000000001,62,1,100,98,18,62,143840.00150084496
2765,-56.70000000000001,62,1,100,98,18,62,143892.46022176743
2766,-56.70000000000001,62,1,100,98,18,62,143944.37711572647
2767,-56.70000000000001,62,1,100,98,18,62,143997.23299503326
2768,-56.70000000000001,62,1,100,98,18,62,144048.88543486595
2769,-56.70000000000001,62,1,100,98,18,62,144103.42967176437
2770,-56.70000000000001,62,1,100,98,18,62,144154.72823119164
2771,-56.70000000000001,62,1,100,98,18,62,144206.69006991386
2772,-56.70000000000001,62,1,100,98,18,62,144258.35792183876
2773,-56.70000000000001,62,1,100,98,18,62,144310.3804306984
2774,-56.70000000000001,62,1,100,98,18,62,144363.90952157974
2775,-56.70000000000001,62,1,100,98,18,62,144415.23024010658
2776,-56.70000000000001,62,1,100,98,18,62,144468.84221291542
2777,-56.70000000000001,62,1,100,98,18,62,144521.90913629532
2778,-56.70000000000001,62,1,100,98,18,62,144574.13361811638
2779,-56.70000000000001,62,1,100,98,18,62,144628.19517803192
2780,-56.70000000000001,62,1,100,98,18,62,144680.84550714493
2781,-56.70000000000001,62,1,100,98,18,62,144733.26648640633
2782,-56.70000000000001,62,1,100,98,18,62,144785.7085366249
2783,-56.70000000000001,62,1,100,98,18,62,144839.27344989777
2784,-56.70000000000001,62,1,100,98,18,62,144891.12662267685
2785,-56.70000000000001,62,1,100,98,18,62,144944.20702767372
2786,-56.70000000000001,62,1,100,98,18,62,144996.1654279232
2787,-56.70000000000001,62,1,100,98,18,62,145048.5985147953
2788,-56.70000000000001,62,1,100,98,18,62,145100.64909505844
2789,-56.70000000000001,62,1,100,98,18,62,145152.21113920212
2790,-56.70000000000001,62,1,100,98,18,62,145204.9586083889
2791,-56.70000000000001,62,1,100,98,18,62,145256.1077234745
2792,-56.70000000000001,62,1,100,98,18,62,145308.378262043
2793,-56.70000000000001,62,1,100,98,18,62,145360.4719004631
2794,-56.70000000000001,62,1,100,98,18,62,145412.60484457016
2795,-56.70000000000001,62,1,100,98,18,62,145465.36420965195
2796,-56.70000000000001,62,1,100,98,18,62,145517.80954766273
2797,-56.70000000000001,62,1,100,98,18,62,145570.0019454956
2798,-56.70000000000001,62,1,100,98,18,62,145622.71246647835
2799,-56.70000000000001,62,1,100,98,18,62,145675.61185216904
2800,-56.70000000000001,62,1,100,98,18,62,145728.01957702637
2801,-56.70000000000001,62,1,100,98,18,62,145781.05413103104
2802,-56.70000000000001,62,1,100,98,18,62,145832.32180595398
2803,-56.70000000000001,62,1,100,98,18,62,145884.94909477234
2804,-56.70000000000001,62,1,100,98,18,62,145938.32859420776
2805,-56.70000000000001,62,1,100,98,18,62,145991.04747653008
2806,-56.70000000000001,62,1,100,98,18,62,146043.99884819984
2807,-56.70000000000001,62,1,100,98,18,62,146095.19567608833
2808,-56.70000000000001,62,1,100,98,18,62,146147.95383286476
2809,-56.70000000000001,62,1,100,98,18,62,146200.6655201912
2810,-56.70000000000001,62,1,100,98,18,62,146252.78369402885
2811,-56.70000000000001,62,1,100,98,18,62,146305.06311011314
2812,-56.70000000000001,62,1,100,98,18,62,146357.16862392426
2813,-56.70000000000001,62,1,100,98,18,62,146410.7517027855
2814,-56.70000000000001,62,1,100,98,18,62,146462.9665594101
2815,-56.70000000000001,62,1,100,98,18,62,146514.98813009262
2816,-56.70000000000001,62,1,100,98,18,62,146566.18031787872
2817,-56.70000000000001,62,1,100,98,18,62,146619.22834920883
2818,-56.70000000000001,62,1,100,98,18,62,146671.86901402473
2819,-56.70000000000001,62,1,100,98,18,62,146724.15399479866
2820,-56.70000000000001,62,1,100,98,18,62,146776.15846180916
2821,-56.70000000000001,62,1,100,98,18,62,146827.73121404648
2822,-56.70000000000001,62,1,100,98,18,62,146880.16580319405
2823,-56.70000000000001,62,1,100,98,18,62,146932.08312654495
2824,-56.70000000000001,62,1,100,98,18,62,146983.80873155594
2825,-56.70000000000001,62,1,100,98,18,62,147035.24285006523
2826,-56.70000000000001,62,1,100,98,18,62,147086.57874131203
2827,-56.70000000000001,62,1,100,98,18,62,147139.16139507294
2828,-56.70000000000001,62,1,100,98,18,62,147191.70359539986
2829,-56.70000000000001,62,1,100,98,18,62,147243.06791687012
2830,-56.70000000000001,62,1,100,98,18,62,147293.02193570137
2831,-56.70000000000001,62,1,100,98,18,62,147345.55278253555
2832,-56.70000000000001,62,1,100,98,18,62,147397.86842894554
2833,-56.70000000000001,62,1,100,98,18,62,147450.53972005844
2834,-56.70000000000001,62,1,100,98,18,62,147503.46053528786
2835,-56.70000000000001,62,1,100,98,18,62,147556.4624786377
2836,-56.70000000000001,62,1,100,98,18,62,147609.97563433647
2837,-56.70000000000001,62,1,100,98,18,62,147661.85052990913
2838,-56.70000000000001,62,1,100,98,18,62,147714.61208605766
2839,-56.70000000000001,62,1,100,98,18,62,147766.09341430664
2840,-56.70000000000001,62,1,100,98,18,62,147819.12374854088
2841,-56.70000000000001,62,1,100,98,18,62,147871.28067445755
2842,-56.70000000000001,62,1,100,98,18,62,147922.9906423092
2843,-56.70000000000001,62,1,100,98,18,62,147975.83589076996
2844,-56.70000000000001,62,1,100,98,18,62,148026.72722554207
2845,-56.70000000000001,62,1,100,98,18,62,148078.7044761181
2846,-56.70000000000001,62,1,100,98,18,62,148130.28305506706
2847,-56.70000000000001,62,1,100,98,18,62,148182.43224596977
2848,-56.70000000000001,62,1,100,98,18,62,148235.97737574577
2849,-56.70000000000001,62,1,100,98,18,62,148289.0391216278
2850,-56.70000000000001,62,1,100,98,18,62,148341.0246770382
2851,-56.70000000000001,62,1,100,98,18,62,148391.82894206047
2852,-56.70000000000001,62,1,100,98,18,62,148444.0773139
2853,-56.70000000000001,62,1,100,98,18,62,148494.40143847466
2854,-56.70000000000001,62,1,100,98,18,62,148546.51500177383
2855,-56.70000000000001,62,1,100,98,18,62,148598.47869610786
2856,-56.70000000000001,62,1,100,98,18,62,148649.42849326134
2857,-56.70000000000001,62,1,100,98,18,62,148700.88941979408
2858,-56.70000000000001,62,1,100,98,18,62,148753.39596652985
2859,-56.70000000000001,62,1,100,98,18,62,148806.1562051773
2860,-56.70000000000001,62,1,100,98,18,62,148857.91882538795
2861,-56.70000000000001,62,1,100,98,18,62,148910.09134483337
2862,-56.70000000000001,62,1,100,98,18,62,148961.05440616608
2863,-56.70000000000001,62,1,100,98,18,62,149014.05294322968
2864,-56.70000000000001,62,1,100,98,18,62,149066.20924544334
2865,-56.70000000000001,62,1,100,98,18,62,149116.79356694221
2866,-56.70000000000001,62,1,100,98,18,62,149168.5809328556
2867,-56.70000000000001,62,1,100,98,18,62,149221.1086950302
2868,-56.70000000000001,62,1,100,98,18,62,149274.2857682705
2869,-56.70000000000001,62,1,100,98,18,62,149325.8747897148
2870,-56.70000000000001,62,1,100,98,18,62,149378.43167972565
2871,-56.70000000000001,62,1,100,98,18,62,149430.83214569092
2872,-56.70000000000001,62,1,100,98,18,62,149483.1236565113
2873,-56.70000000000001,62,1,100,98,18,62,149535.23623609543
2874,-56.70000000000001,62,1,100,98,18,62,149586.04823231697
2875,-56.70000000000001,62,1,100,98,18,62,149639.56811070442
2876,-56.70000000000001,62,1,100,98,18,62,149690.52119398117
2877,-56.70000000000001,62,1,100,98,18,62,149744.68830490112
2878,-56.70000000000001,62,1,100,98,18,62,149796.91801929474
2879,-56.70000000000001,62,1,100,98,18,62,149849.3914284706
2880,-56.70000000000001,62,1,100,98,18,62,149901.80775237083
2881,-56.70000000000001,62,1,100,98,18,62,149953.78024291992
2882,-56.70000000000001,62,1,100,98,18,62,150005.7291276455
2883,-56.70000000000001,62,1,100,98,18,62,150059.16021823883
2884,-56.70000000000001,62,1,100,98,18,62,150111.96211242676
2885,-56.70000000000001,62,1,100,98,18,62,150162.7608180046
2886,-56.70000000000001,62,1,100,98,18,62,150214.39912295341
2887,-56.70000000000001,62,1,100,98,18,62,150266.4922800064
2888,-56.70000000000001,62,1,100,98,18,62,150318.06859183311
2889,-56.70000000000001,62,1,100,98,18,62,150369.39418649673
2890,-56.70000000000001,62,1,100,98,18,62,150420.77130436897
2891,-56.70000000000001,62,1,100,98,18,62,150473.54261374474
2892,-56.70000000000001,62,1,100,98,18,62,150525.22433781624
2893,-56.70000000000001,62,1,100,98,18,62,150576.82882738113
2894,-56.70000000000001,62,1,100,98,18,62,150627.7761619091
2895,-56.70000000000001,62,1,100,98,18,62,150679.08470249176
2896,-56.70000000000001,62,1,100,98,18,62,150731.9843249321
2897,-56.70000000000001,62,1,100,98,18,62,150783.54083752632
2898,-56.70000000000001,62,1,100,98,18,62,150835.03432035446
2899,-56.70000000000001,62,1,100,98,18,62,150886.29603147507
2900,-56.70000000000001,62,1,100,98,18,62,150938.2943356037
2901,-56.70000000000001,62,1,100,98,18,62,150990.48700761795
2902,-56.70000000000001,62,1,100,98,18,62,151041.743683815
2903,-56.70000000000001,62,1,100,98,18,62,151093.76517391205
2904,-56.70000000000001,62,1,100,98,18,62,151144.8993587494
2905,-56.70000000000001,62,1,100,98,18,62,151197.26279377937
2906,-56.70000000000001,62,1,100,98,18,62,151248.45537304878
2907,-56.70000000000001,62,1,100,98,18,62,151302.49029159546
2908,-56.70000000000001,62,1,100,98,18,62,151354.71953487396
2909,-56.70000000000001,62,1,100,98,18,62,151406.3700978756
2910,-56.70000000000001,62,1,100,98,18,62,151458.42795705795
2911,-56.70000000000001,62,1,100,98,18,62,151509.72826051712
2912,-56.70000000000001,62,1,100,98,18,62,151562.72440481186
2913,-56.70000000000001,62,1,100,98,18,62,151614.83761143684
2914,-56.70000000000001,62,1,100,98,18,62,151667.35337781906
2915,-56.70000000000001,62,1,100,98,18,62,151718.42491984367
2916,-56.70000000000001,62,1,100,98,18,62,151770.9984652996
2917,-56.70000000000001,62,1,100,98,18,62,151823.87941765785
2918,-56.70000000000001,62,1,100,98,18,62,151875.66785430908
2919,-56.70000000000001,62,1,100,98,18,62,151929.4049258232
2920,-56.70000000000001,62,1,100,98,18,62,151981.12516140938
2921,-56.70000000000001,62,1,100,98,18,62,152033.23584198952
2922,-56.70000000000001,62,1,100,98,18,62,152084.345952034
2923,-56.70000000000001,62,1,100,98,18,62,152136.35076069832
2924,-56.70000000000001,62,1,100,98,18,62,152188.1208217144
2925,-56.70000000000001,62,1,100,98,18,62,152240.07482624054
2926,-56.70000000000001,62,1,100,98,18,62,152292.35281705856
2927,-56.70000000000001,62,1,100,98,18,62,152343.95231485367
2928,-56.70000000000001,62,1,100,98,18,62,152397.02047657967
2929,-56.70000000000001,62,1,100,98,18,62,152447.89917612076
2930,-56.70000000000001,62,1,100,98,18,62,152499.7505095005
2931,-56.70000000000001,62,1,100,98,18,62,152550.78581643105
2932,-56.70000000000001,62,1,100,98,18,62,152602.1636953354
2933,-56.70000000000001,62,1,100,98,18,62,152655.30733966827
2934,-56.70000000000001,62,1,100,98,18,62,152706.43245100975
2935,-56.70000000000001,62,1,100,98,18,62,152758.667137146
2936,-56.70000000000001,62,1,100,98,18,62,152809.51717185974
2937,-56.70000000000001,62,1,100,98,18,62,152862.65639734268
2938,-56.70000000000001,62,1,100,98,18,62,152914.98216986656
2939,-56.70000000000001,62,1,100,98,18,62,152966.17075037956
2940,-56.70000000000001,62,1,100,98,18,62,153018.6011917591
2941,-56.70000000000001,62,1,100,98,18,62,153069.34330368042
2942,-56.70000000000001,62,1,100,98,18,62,153121.5900595188
2943,-56.70000000000001,62,1,100,98,18,62,153172.33201122284
2944,-56.70000000000001,62,1,100,98,18,62,153224.06585383415
2945,-56.70000000000001,62,1,100,98,18,62,153275.6429286003
2946,-56.70000000000001,62,1,100,98,18,62,153328.26984381676
2947,-56.70000000000001,62,1,100,98,18,62,153380.82489085197
2948,-56.70000000000001,62,1,100,98,18,62,153432.6652188301
2949,-56.70000000000001,62,1,100,98,18,62,153485.12696504593
2950,-56.70000000000001,62,1,100,98,18,62,153536.94661450386
2951,-56.70000000000001,62,1,100,98,18,62,153589.83957839012
2952,-56.70000000000001,62,1,100,98,18,62,153641.5331516266
2953,-56.70000000000001,62,1,100,98,18,62,153693.13948225975
2954,-56.70000000000001,62,1,100,98,18,62,153744.1281671524
2955,-56.70000000000001,62,1,100,98,18,62,153795.39523506165
2956,-56.70000000000001,62,1,100,98,18,62,153847.71745681763
2957,-56.70000000000001,62,1,100,98,18,62,153899.11679172516
2958,-56.70000000000001,62,1,100,98,18,62,153950.99583530426
2959,-56.70000000000001,62,1,100,98,18,62,154002.54121541977
2960,-56.70000000000001,62,1,100,98,18,62,154053.57519626617
2961,-56.70000000000001,62,1,100,98,18,62,154105.00968670845
2962,-56.70000000000001,62,1,100,98,18,62,154156.96652293205
2963,-56.70000000000001,62,1,100,98,18,62,154208.43967795372
2964,-56.70000000000001,62,1,100,98,18,62,154259.82157349586
2965,-56.70000000000001,62,1,100,98,18,62,154312.66754174232
2966,-56.70000000000001,62,1,100,98,18,62,154364.47346448898
2967,-56.70000000000001,62,1,100,98,18,62,154416.23165345192
2968,-56.70000000000001,62,1,100,98,18,62,154468.46875047684
2969,-56.70000000000001,62,1,100,98,18,62,154520.30165696144
2970,-56.70000000000001,62,1,100,98,18,62,154572.58970284462
2971,-56.70000000000001,62,1,100,98,18,62,154624.15780305862
2972,-56.70000000000001,62,1,100,98,18,62,154676.32083058357
2973,-56.70000000000001,62,1,100,98,18,62,154726.4925453663
2974,-56.70000000000001,62,1,100,98,18,62,154778.54504966736
2975,-56.70000000000001,62,1,100,98,18,62,154829.3727824688
2976,-56.70000000000001,62,1,100,98,18,62,154880.4796359539
2977,-56.70000000000001,62,1,100,98,18,62,154931.96296334267
2978,-56.70000000000001,62,1,100,98,18,62,154983.5551686287
2979,-56.70000000000001,62,1,100,98,18,62,155035.38043928146
2980,-56.70000000000001,62,1,100,98,18,62,155085.51652431488
2981,-56.70000000000001,62,1,100,98,18,62,155137.76354002953
2982,-56.70000000000001,62,1,100,98,18,62,155190.02488136292
2983,-56.70000000000001,62,1,100,98,18,62,155240.70580625534
2984,-56.70000000000001,62,1,100,98,18,62,155292.74323797226
2985,-56.70000000000001,62,1,100,98,18,62,155343.76384210587
2986,-56.70000000000001,62,1,100,98,18,62,155395.91311883926
2987,-56.70000000000001,62,1,100,98,18,62,155449.46578407288
2988,-56.70000000000001,62,1,100,98,18,62,155502.10808372498
2989,-56.70000000000001,62,1,100,98,18,62,155554.0764014721
2990,-56.70000000000001,62,1,100,98,18,62,155605.4469602108
2991,-56.70000000000001,62,1,100,98,18,62,155658.54414081573
2992,-56.70000000000001,62,1,100,98,18,62,155710.02204060555
2993,-56.70000000000001,62,1,100,98,18,62,155762.49338769913
2994,-56.70000000000001,62,1,100,98,18,62,155813.8661520481
2995,-56.70000000000001,62,1,100,98,18,62,155864.5469534397
2996,-56.70000000000001,62,1,100,98,18,62,155915.7021563053
2997,-56.70000000000001,62,1,100,98,18,62,155969.04296422005
2998,-56.70000000000001,62,1,100,98,18,62,156021.4469575882
2999,-56.70000000000001,62,1,100,98,18,62,156073.266289711
3000,-56.70000000000001,62,1,100,98,18,62,156125.71598434448
3001,-56.70000000000001,62,1,100,98,18,62,156176.81843662262
3002,-56.70000000000001,62,1,100,98,18,62,156229.871871233
3003,-56.70000000000001,62,1,100,98,18,62,156281.49572825432
3004,-56.70000000000001,62,1,100,98,18,62,156333.08334469795
3005,-56.70000000000001,62,1,100,98,18,62,156384.7361483574
3006,-56.70000000000001,62,1,100,98,18,62,156435.6938276291
3007,-56.70000000000001,62,1,100,98,18,62,156487.12582612038
3008,-56.70000000000001,62,1,100,98,18,62,156538.80649495125
3009,-56.70000000000001,62,1,100,98,18,62,156591.71399068832
3010,-56.70000000000001,62,1,100,98,18,62,156643.43879199028
3011,-56.70000000000001,62,1,100,98,18,62,156696.26591944695
3012,-56.70000000000001,62,1,100,98,18,62,156747.0325703621
3013,-56.70000000000001,62,1,100,98,18,62,156797.71329045296
3014,-56.70000000000001,62,1,100,98,18,62,156849.22964167595
3015,-56.70000000000001,62,1,100,98,18,62,156901.71497440338
3016,-56.70000000000001,62,1,100,98,18,62,156953.93843579292
3017,-65.50000000000001,62,1,100,97,22,62,157006.88396024704
3018,-56.70000000000001,62,1,100,98,18,62,157058.36661100388
3019,-56.70000000000001,62,1,100,98,18,62,157111.16867923737
3020,-56.70000000000001,62,1,100,98,18,62,157162.68676900864
3021,-56.70000000000001,62,1,100,98,18,62,157214.61439800262
3022,-56.70000000000001,62,1,100,98,18,62,157265.83132576942
3023,-56.70000000000001,62,1,100,98,18,62,157317.55672955513
3024,-56.70000000000001,62,1,100,98,18,62,157368.84856677055
3025,-56.70000000000001,62,1,100,98,18,62,157419.80658841133
3026,-56.70000000000001,62,1,100,98,18,62,157470.46002531052
3027,-61.25000000000001,62,1,100,96,19,62,157520.5456187725
3028,-56.70000000000001,62,1,100,98,18,62,157572.62059044838
3029,-56.70000000000001,62,1,100,98,18,62,157623.92265820503
3030,-56.70000000000001,62,1,100,98,18,62,157676.18608999252
3031,-56.70000000000001,62,1,100,98,18,62,157726.18847203255
3032,-56.70000000000001,62,1,100,98,18,62,157777.82485342026
3033,-56.70000000000001,62,1,100,98,18,62,157830.0328464508
3034,-56.70000000000001,62,1,100,98,18,62,157881.34332060814
3035,-56.70000000000001,62,1,100,98,18,62,157932.81988096237
3036,-56.70000000000001,62,1,100,98,18,62,157983.2100095749
3037,-56.70000000000001,62,1,100,98,18,62,158034.93761754036
3038,-56.70000000000001,62,1,100,98,18,62,158086.12324881554
3039,-56.70000000000001,62,1,100,98,18,62,158138.14482283592
3040,-56.70000000000001,62,1,100,98,18,62,158190.3308122158
3041,-56.70000000000001,62,1,100,98,18,62,158242.0345635414
3042,-56.70000000000001,62,1,100,98,18,62,158293.64906597137
3043,-56.70000000000001,62,1,100,98,18,62,158345.21423888206
3044,-56.70000000000001,62,1,100,98,18,62,158396.68738102913
3045,-56.70000000000001,62,1,100,98,18,62,158448.23267626762
3046,-56.70000000000001,62,1,100,98,18,62,158500.41710877419
3047,-56.70000000000001,62,1,100,98,18,62,158552.8404300213
3048,-56.70000000000001,62,1,100,98,18,62,158604.3187663555
3049,-56.70000000000001,62,1,100,98,18,62,158656.50891923904
3050,-56.70000000000001,62,1,100,98,18,62,158707.3970630169
3051,-56.70000000000001,62,1,100,98,18,62,158758.53121232986
3052,-56.70000000000001,62,1,100,98,18,62,158810.248234272
3053,-56.70000000000001,62,1,100,98,18,62,158861.63433551788
3054,-56.70000000000001,62,1,100,98,18,62,158913.36763834953
3055,-56.70000000000001,62,1,100,98,18,62,158966.28434681892
3056,-56.70000000000001,62,1,100,98,18,62,159020.3096075058
3057,-56.70000000000001,62,1,100,98,18,62,159072.14588952065
3058,-56.70000000000001,62,1,100,98,18,62,159124.47479844093
3059,-56.70000000000001,62,1,100,98,18,62,159176.54303836823
3060,-56.70000000000001,62,1,100,98,18,62,159229.22857189178
3061,-56.70000000000001,62,1,100,98,18,62,159279.6348733902
3062,-56.70000000000001,62,1,100,98,18,62,159330.91847085953
3063,-56.70000000000001,62,1,100,98,18,62,159381.71556258202
3064,-57.150000000000006,62,1,100,100,21,62,159430.71148610115
3065,-56.70000000000001,62,1,100,98,18,62,159483.2866859436
3066,-56.70000000000001,62,1,100,98,18,62,159535.73886680603
3067,-85.05,62,1,100,95,23,62,159584.91506171227
3068,-56.70000000000001,62,1,100,98,18,62,159637.2679040432
3069,-56.70000000000001,62,1,100,98,18,62,159689.76015853882
3070,-69.3,62,1,100,100,22,62,159743.93025112152
3071,-56.70000000000001,62,1,100,98,18,62,159794.7670185566
3072,-56.70000000000001,62,1,100,98,18,62,159846.97428250313
3073,-56.70000000000001,62,1,100,98,18,62,159898.7101969719
3074,-56.70000000000001,62,1,100,98,18,62,159952.1426076889
3075,-56.70000000000001,62,1,100,98,18,62,160003.56075239182
3076,-58.70000000000001,62,1,100,100,18,62,160059.34669280052
3077,-56.70000000000001,62,1,100,98,18,62,160110.90174508095
3078,-56.70000000000001,62,1,100,98,18,62,160163.03618454933
3079,-56.70000000000001,62,1,100,98,18,62,160214.79641795158
3080,-56.70000000000001,62,1,100,98,18,62,160266.4658741951
3081,-56.70000000000001,62,1,100,98,18,62,160318.57421064377
3082,-56.70000000000001,62,1,100,98,18,62,160369.75762319565
3083,-56.70000000000001,62,1,100,98,18,62,160421.73156046867
3084,-56.70000000000001,62,1,100,98,18,62,160474.21905326843
3085,-56.70000000000001,62,1,100,98,18,62,160525.3168144226
3086,-56.70000000000001,62,1,100,98,18,62,160577.9325041771
3087,-56.70000000000001,62,1,100,98,18,62,160628.5943095684
3088,-56.70000000000001,62,1,100,98,18,62,160681.47379136086
3089,-56.70000000000001,62,1,100,98,18,62,160732.7356288433
3090,-56.70000000000001,62,1,100,98,18,62,160785.02397203445
3091,-56.70000000000001,62,1,100,98,18,62,160836.19918775558
3092,-56.70000000000001,62,1,100,98,18,62,160888.9577076435
3093,-56.70000000000001,62,1,100,98,18,62,160941.95089364052
3094,-56.70000000000001,62,1,100,98,18,62,160992.5890505314
3095,-56.70000000000001,62,1,100,98,18,62,161045.404545784
3096,-56.70000000000001,62,1,100,98,18,62,161097.18803954124
3097,-56.70000000000001,62,1,100,98,18,62,161149.24133992195
3098,-56.70000000000001,62,1,100,98,18,62,161201.13527584076
3099,-56.70000000000001,62,1,100,98,18,62,161253.1250731945
3100,-56.70000000000001,62,1,100,98,18,62,161303.99976921082
3101,-56.70000000000001,62,1,100,98,18,62,161355.6653637886
3102,-56.70000000000001,62,1,100,98,18,62,161410.58499979973
3103,-56.70000000000001,62,1,100,98,18,62,161461.95291161537
3104,-56.70000000000001,62,1,100,98,18,62,161514.4854888916
3105,-56.70000000000001,62,1,100,98,18,62,161566.8448753357
3106,-56.70000000000001,62,1,100,98,18,62,161619.8017604351
3107,-56.70000000000001,62,1,100,98,18,62,161673.6855404377
3108,-56.70000000000001,62,1,100,98,18,62,161725.5761809349
3109,-56.70000000000001,62,1,100,98,18,62,161777.756783247
3110,-56.70000000000001,62,1,100,98,18,62,161830.24405932426
3111,-56.70000000000001,62,1,100,98,18,62,161883.5346212387
3112,-56.70000000000001,62,1,100,98,18,62,161935.8135559559
3113,-56.70000000000001,62,1,100,98,18,62,161988.74250745773
3114,-56.70000000000001,62,1,100,98,18,62,162039.72529006004
3115,-56.70000000000001,62,1,100,98,18,62,162091.91928386688
3116,-56.70000000000001,62,1,100,98,18,62,162143.56062602997
3117,-56.70000000000001,62,1,100,98,18,62,162194.9710202217
3118,-58.65000000000001,62,1,100,100,19,62,162248.09838151932
3119,-56.70000000000001,62,1,100,98,18,62,162300.53407406807
3120,-56.70000000000001,62,1,100,98,18,62,162354.35343408585
3121,-56.70000000000001,62,1,100,98,18,62,162405.29360485077
3122,-56.70000000000001,62,1,100,98,18,62,162458.0764787197
3123,-56.70000000000001,62,1,100,98,18,62,162511.05166196823
3124,-56.70000000000001,62,1,100,98,18,62,162563.83880782127
3125,-56.70000000000001,62,1,100,98,18,62,162617.30893802643
3126,-56.70000000000001,62,1,100,98,18,62,162670.15896463394
3127,-56.70000000000001,62,1,100,98,18,62,162722.1996359825
3128,-56.70000000000001,62,1,100,98,18,62,162775.30562233925
3129,-56.70000000000001,62,1,100,98,18,62,162828.62088179588
3130,-56.70000000000001,62,1,100,98,18,62,162880.79553222656
3131,-56.70000000000001,62,1,100,98,18,62,162933.97565317154
3132,-56.70000000000001,62,1,100,98,18,62,162986.79675722122
3133,-56.70000000000001,62,1,100,98,18,62,163038.83808660507
3134,-56.70000000000001,62,1,100,98,18,62,163092.2691001892
3135,-56.70000000000001,62,1,100,98,18,62,163144.2089240551
3136,-56.70000000000001,62,1,100,98,18,62,163197.05927038193
3137,-56.70000000000001,62,1,100,98,18,62,163248.8896574974
3138,-56.70000000000001,62,1,100,98,18,62,163301.05318760872
3139,-56.70000000000001,62,1,100,98,18,62,163353.22463154793
3140,-56.70000000000001,62,1,100,98,18,62,163404.8912756443
3141,-56.70000000000001,62,1,100,98,18,62,163456.13379883766
3142,-56.70000000000001,62,1,100,98,18,62,163508.03656864166
3143,-56.70000000000001,62,1,100,98,18,62,163561.19429039955
3144,-56.70000000000001,62,1,100,98,18,62,163612.45727729797
3145,-56.70000000000001,62,1,100,98,18,62,163664.9619321823
3146,-56.70000000000001,62,1,100,98,18,62,163716.44945526123
3147,-56.70000000000001,62,1,100,98,18,62,163768.89473676682
3148,-56.70000000000001,62,1,100,98,18,62,163821.9100074768
3149,-56.70000000000001,62,1,100,98,18,62,163873.54764819145
3150,-56.70000000000001,62,1,100,98,18,62,163925.43043589592
3151,-56.70000000000001,62,1,100,98,18,62,163977.78835344315
3152,-56.70000000000001,62,1,100,98,18,62,164030.35650324821
3153,-56.70000000000001,62,1,100,98,18,62,164082.46562170982
3154,-56.70000000000001,62,1,100,98,18,62,164134.735101223
3155,-56.70000000000001,62,1,100,98,18,62,164186.0514535904
3156,-56.70000000000001,62,1,100,98,18,62,164238.1333515644
3157,-56.70000000000001,62,1,100,98,18,62,164290.96875548363
3158,-56.70000000000001,62,1,100,98,18,62,164342.8577401638
3159,-56.70000000000001,62,1,100,98,18,62,164394.7467570305
3160,-56.70000000000001,62,1,100,98,18,62,164446.51736950874
3161,-56.70000000000001,62,1,100,98,18,62,164498.16145944595
3162,-56.70000000000001,62,1,100,98,18,62,164550.8003025055
3163,-56.70000000000001,62,1,100,98,18,62,164601.80337786674
3164,-56.70000000000001,62,1,100,98,18,62,164655.30376672745
3165,-56.70000000000001,62,1,100,98,18,62,164706.72172737122
3166,-56.70000000000001,62,1,100,98,18,62,164759.0999352932
3167,-56.70000000000001,62,1,100,98,18,62,164811.1072833538
3168,-56.70000000000001,62,1,100,98,18,62,164865.10621356964
3169,-56.70000000000001,62,1,100,98,18,62,164917.36818099022
3170,-56.70000000000001,62,1,100,98,18,62,164969.60175132751
3171,-56.70000000000001,62,1,100,98,18,62,165023.242197752
3172,-56.70000000000001,62,1,100,98,18,62,165074.96204304695
3173,-56.70000000000001,62,1,100,98,18,62,165126.9185335636
3174,-56.70000000000001,62,1,100,98,18,62,165178.7508201599
3175,-56.70000000000001,62,1,100,98,18,62,165233.56965875626
3176,-56.70000000000001,62,1,100,98,18,62,165286.95890522003
3177,-56.70000000000001,62,1,100,98,18,62,165351.03741788864
3178,-56.70000000000001,62,1,100,98,18,62,165408.9592001438
3179,-56.70000000000001,62,1,100,98,18,62,165467.55958151817
3180,-56.70000000000001,62,1,100,98,18,62,165526.78238391876
3181,-56.70000000000001,62,1,100,98,18,62,165585.34678149223
3182,-56.70000000000001,62,1,100,98,18,62,165642.93114829063
3183,-56.70000000000001,62,1,100,98,18,62,165701.34376955032
3184,-56.70000000000001,62,1,100,98,18,62,165755.69871282578
3185,-56.70000000000001,62,1,100,98,18,62,165808.86228251457
3186,-56.70000000000001,62,1,100,98,18,62,165862.542689085
3187,-56.70000000000001,62,1,100,98,18,62,165916.01449155807
3188,-56.70000000000001,62,1,100,98,18,62,165969.61143398285
3189,-56.70000000000001,62,1,100,98,18,62,166022.2358238697
3190,-56.70000000000001,62,1,100,98,18,62,166075.99766612053
3191,-56.70000000000001,62,1,100,98,18,62,166129.43984365463
3192,-56.70000000000001,62,1,100,98,18,62,166186.99523544312
3193,-56.70000000000001,62,1,100,98,18,62,166244.40836167336
3194,-56.70000000000001,62,1,100,98,18,62,166297.60692834854
3195,-56.70000000000001,62,1,100,98,18,62,166351.8622841835
3196,-56.70000000000001,62,1,100,98,18,62,166405.35256767273
3197,-56.70000000000001,62,1,100,98,18,62,166460.4390180111
3198,-57.15000000000001,62,1,100,100,21,62,166514.80020785332
3199,-56.70000000000001,62,1,100,98,18,62,166568.92310023308
3200,-56.70000000000001,62,1,100,98,18,62,166620.76890730858
3201,-56.70000000000001,62,1,100,98,18,62,166675.2642018795
3202,-56.70000000000001,62,1,100,98,18,62,166728.54930973053
3203,-68.99999999999999,62,1,100,95,20,62,166780.9079041481
3204,-56.70000000000001,62,1,100,98,18,62,166835.36346149445
3205,-56.70000000000001,62,1,100,98,18,62,166889.8934044838
3206,-56.70000000000001,62,1,100,98,18,62,166944.7843132019
3207,-56.70000000000001,62,1,100,98,18,62,166999.3987543583
3208,-56.70000000000001,62,1,100,98,18,62,167054.31779313087
3209,-56.70000000000001,62,1,100,98,18,62,167108.8794350624
3210,-56.70000000000001,62,1,100,98,18,62,167166.6011238098
3211,-56.70000000000001,62,1,100,98,18,62,167223.15332603455
3212,-56.70000000000001,62,1,100,98,18,62,167277.5314347744
3213,-56.70000000000001,62,1,100,98,18,62,167330.6115591526
3214,-56.70000000000001,62,1,100,98,18,62,167383.5878660679
3215,-56.70000000000001,62,1,100,98,18,62,167436.71848344803
3216,-56.70000000000001,62,1,100,98,18,62,167490.16942310333
3217,-56.70000000000001,62,1,100,98,18,62,167544.2071185112
3218,-56.70000000000001,62,1,100,98,18,62,167598.77092909813
3219,-56.70000000000001,62,1,100,98,18,62,167653.29451608658
3220,-56.70000000000001,62,1,100,98,18,62,167707.052765131
3221,-56.70000000000001,62,1,100,98,18,62,167761.78839468956
3222,-56.70000000000001,62,1,100,98,18,62,167814.33477544785
3223,-56.70000000000001,62,1,100,98,18,62,167868.55007386208
3224,-56.70000000000001,62,1,100,98,18,62,167921.3138062954
3225,-56.70000000000001,62,1,100,98,18,62,167974.74023509026
3226,-56.70000000000001,62,1,100,98,18,62,168028.7336189747
3227,-56.70000000000001,62,1,100,98,18,62,168085.84363174438
3228,-56.70000000000001,62,1,100,98,18,62,168139.3349442482
3229,-56.70000000000001,62,1,100,98,18,62,168192.56440210342
3230,-56.70000000000001,62,1,100,98,18,62,168246.74900650978
3231,-56.70000000000001,62,1,100,98,18,62,168300.93505215645
3232,-56.70000000000001,62,1,100,98,18,62,168355.49323368073
3233,-56.70000000000001,62,1,100,98,18,62,168409.13453626633
3234,-56.70000000000001,62,1,100,98,18,62,168463.10863900185
3235,-56.70000000000001,62,1,100,98,18,62,168516.5031645298
3236,-56.70000000000001,62,1,100,98,18,62,168569.3400874138
3237,-56.70000000000001,62,1,100,98,18,62,168624.2906253338
3238,-56.70000000000001,62,1,100,98,18,62,168678.62576580048
3239,-56.70000000000001,62,1,100,98,18,62,168733.2695426941
3240,-56.70000000000001,62,1,100,98,18,62,168787.2120695114
3241,-56.70000000000001,62,1,100,98,18,62,168841.64884114265
3242,-56.70000000000001,62,1,100,98,18,62,168896.19134116173
3243,-56.70000000000001,62,1,100,98,18,62,168951.40109062195
3244,-56.70000000000001,62,1,100,98,18,62,169006.63681435585
3245,-56.70000000000001,62,1,100,98,18,62,169064.57809638977
3246,-56.70000000000001,62,1,100,98,18,62,169122.68211197853
3247,-56.70000000000001,62,1,100,98,18,62,169178.09746146202
3248,-56.70000000000001,62,1,100,98,18,62,169231.63578486443
3249,-56.70000000000001,62,1,100,98,18,62,169285.1506240368
3250,-56.70000000000001,62,1,100,98,18,62,169339.20446634293
3251,-56.70000000000001,62,1,100,98,18,62,169393.4343879223
3252,-56.70000000000001,62,1,100,98,18,62,169452.18104314804
3253,-56.70000000000001,62,1,100,98,18,62,169509.08758568764
3254,-56.70000000000001,62,1,100,98,18,62,169565.3138332367
3255,-56.70000000000001,62,1,100,98,18,62,169618.8649919033
3256,-56.70000000000001,62,1,100,98,18,62,169673.27017092705
3257,-56.70000000000001,62,1,100,98,18,62,169726.98861408234
3258,-56.70000000000001,62,1,100,98,18,62,169782.543320179
3259,-56.70000000000001,62,1,100,98,18,62,169837.3209414482
3260,-56.70000000000001,62,1,100,98,18,62,169894.48888897896
3261,-56.70000000000001,62,1,100,98,18,62,169949.02621340752
3262,-56.70000000000001,62,1,100,98,18,62,170002.9992828369
3263,-56.70000000000001,62,1,100,98,18,62,170060.75272488594
3264,-56.70000000000001,62,1,100,98,18,62,170116.0144290924
3265,-56.70000000000001,62,1,100,98,18,62,170170.72427678108
3266,-56.70000000000001,62,1,100,98,18,62,170224.04465723038
3267,-56.70000000000001,62,1,100,98,18,62,170278.14400839806
3268,-56.70000000000001,62,1,100,98,18,62,170330.9429485798
3269,-56.70000000000001,62,1,100,98,18,62,170384.3698887825
3270,-56.70000000000001,62,1,100,98,18,62,170436.9720582962
3271,-56.70000000000001,62,1,100,98,18,62,170492.42618751526
3272,-56.70000000000001,62,1,100,98,18,62,170546.87330412865
3273,-56.70000000000001,62,1,100,98,18,62,170599.92118787766
3274,-56.70000000000001,62,1,100,98,18,62,170653.48583078384
3275,-56.70000000000001,62,1,100,98,18,62,170707.72437882423
3276,-56.70000000000001,62,1,100,98,18,62,170761.8410604
3277,-56.70000000000001,62,1,100,98,18,62,170815.43170380592
3278,-56.70000000000001,62,1,100,98,18,62,170868.56445384026
3279,-56.70000000000001,62,1,100,98,18,62,170921.5569820404
3280,-56.70000000000001,62,1,100,98,18,62,170975.7872095108
3281,-56.70000000000001,62,1,100,98,18,62,171029.62712311745
3282,-56.70000000000001,62,1,100,98,18,62,171083.018283844
3283,-56.70000000000001,62,1,100,98,18,62,171136.70553803444
3284,-56.70000000000001,62,1,100,98,18,62,171190.52394604683
3285,-56.70000000000001,62,1,100,98,18,62,171244.53372073174
3286,-56.70000000000001,62,1,100,98,18,62,171297.23520183563
3287,-56.70000000000001,62,1,100,98,18,62,171351.68067979813
3288,-56.70000000000001,62,1,100,98,18,62,171404.92008948326
3289,-56.70000000000001,62,1,100,98,18,62,171459.0005581379
3290,-56.70000000000001,62,1,100,98,18,62,171512.06298947334
3291,-56.70000000000001,62,1,100,98,18,62,171565.37168502808
3292,-56.70000000000001,62,1,100,98,18,62,171619.04426908493
3293,-56.70000000000001,62,1,100,98,18,62,171673.24607038498
3294,-56.70000000000001,62,1,100,98,18,62,171727.18219566345
3295,-56.70000000000001,62,1,100,98,18,62,171780.83495903015
3296,-56.70000000000001,62,1,100,98,18,62,171834.9387960434
3297,-56.70000000000001,62,1,100,98,18,62,171888.1137046814
3298,-56.70000000000001,62,1,100,98,18,62,171942.5173022747
3299,-56.70000000000001,62,1,100,98,18,62,171996.440854311
3300,-56.70000000000001,62,1,100,98,18,62,172050.39257884026
3301,-56.70000000000001,62,1,100,98,18,62,172103.65641713142
3302,-56.70000000000001,62,1,100,98,18,62,172157.4841606617
3303,-56.70000000000001,62,1,100,98,18,62,172211.314340353
3304,-56.70000000000001,62,1,100,98,18,62,172264.42163562775
3305,-56.70000000000001,62,1,100,98,18,62,172318.6311159134
3306,-56.70000000000001,62,1,100,98,18,62,172371.43906736374
3307,-56.70000000000001,62,1,100,98,18,62,172425.76835298538
3308,-56.70000000000001,62,1,100,98,18,62,172480.259619236
3309,-56.70000000000001,62,1,100,98,18,62,172534.07808160782
3310,-56.70000000000001,62,1,100,98,18,62,172586.77236509323
3311,-56.70000000000001,62,1,100,98,18,62,172640.69773125648
3312,-56.70000000000001,62,1,100,98,18,62,172694.84157156944
3313,-56.70000000000001,62,1,100,98,18,62,172748.75661563873
3314,-56.70000000000001,62,1,100,98,18,62,172802.79080820084
3315,-56.70000000000001,62,1,100,98,18,62,172856.2669057846
3316,-56.70000000000001,62,1,100,98,18,62,172910.46019506454
3317,-56.70000000000001,62,1,100,98,18,62,172962.55824637413
3318,-56.70000000000001,62,1,100,98,18,62,173016.20892763138
3319,-56.70000000000001,62,1,100,98,18,62,173070.95836234093
3320,-56.70000000000001,62,1,100,98,18,62,173124.55378341675
3321,-56.70000000000001,62,1,100,98,18,62,173178.31086730957
3322,-56.70000000000001,62,1,100,98,18,62,173232.32146525383
3323,-56.70000000000001,62,1,100,98,18,62,173285.93093204498
3324,-56.70000000000001,62,1,100,98,18,62,173338.81053209305
3325,-56.70000000000001,62,1,100,98,18,62,173393.77596902847
3326,-56.70000000000001,62,1,100,98,18,62,173447.5005979538
3327,-56.70000000000001,62,1,100,98,18,62,173501.63673949242
3328,-56.70000000000001,62,1,100,98,18,62,173555.94873023033
3329,-56.70000000000001,62,1,100,98,18,62,173609.8603003025
3330,-56.70000000000001,62,1,100,98,18,62,173663.75870633125
3331,-56.70000000000001,62,1,100,98,18,62,173718.84138083458
3332,-56.70000000000001,62,1,100,98,18,62,173773.45535063744
3333,-56.70000000000001,62,1,100,98,18,62,173826.48655104637
3334,-56.70000000000001,62,1,100,98,18,62,173881.00272154808
3335,-56.70000000000001,62,1,100,98,18,62,173934.16413879395
3336,-56.70000000000001,62,1,100,98,18,62,173987.7207221985
3337,-56.70000000000001,62,1,100,98,18,62,174041.78388047218
3338,-56.70000000000001,62,1,100,98,18,62,174095.21064281464
3339,-56.70000000000001,62,1,100,98,18,62,174149.45150208473
3340,-56.70000000000001,62,1,100,98,18,62,174203.36885881424
3341,-56.70000000000001,62,1,100,98,18,62,174257.58757829666
3342,-56.70000000000001,62,1,100,98,18,62,174311.9265832901
3343,-56.70000000000001,62,1,100,98,18,62,174366.14850354195
3344,-56.70000000000001,62,1,100,98,18,62,174420.07249712944
3345,-56.70000000000001,62,1,100,98,18,62,174474.69813489914
3346,-56.70000000000001,62,1,100,98,18,62,174528.82123470306
3347,-56.70000000000001,62,1,100,98,18,62,174583.0250787735
3348,-56.70000000000001,62,1,100,98,18,62,174635.99141049385
3349,-56.70000000000001,62,1,100,98,18,62,174690.52390885353
3350,-56.70000000000001,62,1,100,98,18,62,174744.81268811226
3351,-56.70000000000001,62,1,100,98,18,62,174798.2648642063
3352,-56.70000000000001,62,1,100,98,18,62,174853.23981904984
3353,-56.70000000000001,62,1,100,98,18,62,174907.4081671238
3354,-56.70000000000001,62,1,100,98,18,62,174962.4012157917
3355,-56.70000000000001,62,1,100,98,18,62,175016.91738796234
3356,-56.70000000000001,62,1,100,98,18,62,175071.4198858738
3357,-56.70000000000001,62,1,100,98,18,62,175125.05702066422
3358,-56.70000000000001,62,1,100,98,18,62,175179.13385391235
3359,-56.70000000000001,62,1,100,98,18,62,175234.04955387115
3360,-56.70000000000001,62,1,100,98,18,62,175290.39802241325
3361,-56.70000000000001,62,1,100,98,18,62,175344.07474398613
3362,-56.70000000000001,62,1,100,98,18,62,175398.34908103943
3363,-56.70000000000001,62,1,100,98,18,62,175455.92317771912
3364,-56.70000000000001,62,1,100,98,18,62,175509.39672780037
3365,-56.70000000000001,62,1,100,98,18,62,175563.7940404415
3366,-56.70000000000001,62,1,100,98,18,62,175617.210136652
3367,-56.70000000000001,62,1,100,98,18,62,175671.78629636765
3368,-56.70000000000001,62,1,100,98,18,62,175728.51179623604
3369,-56.70000000000001,62,1,100,98,18,62,175788.69461345673
3370,-56.70000000000001,62,1,100,98,18,62,175844.93231868744
3371,-56.70000000000001,62,1,100,98,18,62,175900.4302546978
3372,-56.70000000000001,62,1,100,98,18,62,175956.58685708046
3373,-56.70000000000001,62,1,100,98,18,62,176011.43927001953
3374,-56.70000000000001,62,1,100,98,18,62,176066.0334801674
3375,-56.70000000000001,62,1,100,98,18,62,176120.76347446442
3376,-56.70000000000001,62,1,100,98,18,62,176174.64065122604
3377,-56.70000000000001,62,1,100,98,18,62,176231.0769519806
3378,-56.70000000000001,62,1,100,98,18,62,176286.88105750084
3379,-56.70000000000001,62,1,100,98,18,62,176340.41186189651
3380,-56.70000000000001,62,1,100,98,18,62,176402.01321673393
3381,-56.70000000000001,62,1,100,98,18,62,176462.55936431885
3382,-56.70000000000001,62,1,100,98,18,62,176520.43372917175
3383,-56.70000000000001,62,1,100,98,18,62,176576.75201797485
3384,-56.70000000000001,62,1,100,98,18,62,176633.11649513245
3385,-56.70000000000001,62,1,100,98,18,62,176690.33698701859
3386,-56.70000000000001,62,1,100,98,18,62,176749.05679559708
3387,-56.70000000000001,62,1,100,98,18,62,176810.97329425812
3388,-56.70000000000001,62,1,100,98,18,62,176869.83723425865
3389,-56.70000000000001,62,1,100,98,18,62,176925.77147126198
3390,-56.70000000000001,62,1,100,98,18,62,176983.42432022095
3391,-56.70000000000001,62,1,100,98,18,62,177044.36946988106
3392,-56.70000000000001,62,1,100,98,18,62,177102.51522684097
3393,-56.70000000000001,62,1,100,98,18,62,177161.19247961044
3394,-56.70000000000001,62,1,100,98,18,62,177219.96456718445
3395,-56.70000000000001,62,1,100,98,18,62,177277.26278352737
3396,-56.70000000000001,62,1,100,98,18,62,177335.21198892593
3397,-56.70000000000001,62,1,100,98,18,62,177392.6243376732
3398,-56.70000000000001,62,1,100,98,18,62,177448.9743666649
3399,-56.70000000000001,62,1,100,98,18,62,177506.4135813713
3400,-56.70000000000001,62,1,100,98,18,62,177563.6254081726
3401,-56.70000000000001,62,1,100,98,18,62,177624.1009414196
3402,-56.70000000000001,62,1,100,98,18,62,177681.5170533657
3403,-56.70000000000001,62,1,100,98,18,62,177737.83641386032
3404,-56.70000000000001,62,1,100,98,18,62,177792.55207800865
3405,-56.70000000000001,62,1,100,98,18,62,177847.04007697105
3406,-56.70000000000001,62,1,100,98,18,62,177903.43940210342
3407,-56.70000000000001,62,1,100,98,18,62,177959.97101664543
3408,-56.70000000000001,62,1,100,98,18,62,178014.3951678276
3409,-56.70000000000001,62,1,100,98,18,62,178069.79949235916
3410,-56.70000000000001,62,1,100,98,18,62,178123.95914888382
3411,-56.70000000000001,62,1,100,98,18,62,178179.53475785255
3412,-64.15,62,1,100,97,25,62,178231.60312628746
3413,-56.70000000000001,62,1,100,98,18,62,178286.89833641052
3414,-56.70000000000001,62,1,100,98,18,62,178342.6427872181
3415,-56.70000000000001,62,1,100,98,18,62,178398.02296471596
3416,-56.70000000000001,62,1,100,98,18,62,178454.14140224457
3417,-56.70000000000001,62,1,100,98,18,62,178508.28644633293
3418,-56.70000000000001,62,1,100,98,18,62,178564.01964712143
3419,-58.95000000000001,62,1,100,99,21,62,178607.92573809624
3420,-58.00000000000002,62,1,100,99,24,62,178662.64767718315
3421,-56.70000000000001,62,1,100,98,18,62,178717.95474004745
3422,-56.70000000000001,62,1,100,98,18,62,178772.98658895493
3423,-56.70000000000001,62,1,100,98,18,62,178828.55155730247
3424,-56.70000000000001,62,1,100,98,18,62,178886.5152156353
3425,-56.70000000000001,62,1,100,98,18,62,178942.72231650352
3426,-56.70000000000001,62,1,100,98,18,62,178997.40975952148
3427,-56.70000000000001,62,1,100,98,18,62,179053.17863368988
3428,-56.70000000000001,62,1,100,98,18,62,179109.4956457615
3429,-56.70000000000001,62,1,100,98,18,62,179165.40942573547
3430,-56.70000000000001,62,1,100,98,18,62,179222.11334109306
3431,-56.70000000000001,62,1,100,98,18,62,179277.87160897255
3432,-56.70000000000001,62,1,100,98,18,62,179333.87949037552
3433,-58.95000000000001,62,1,100,99,21,62,179379.49040293694
3434,-61.20000000000001,62,1,100,97,20,62,179436.26594781876
3435,-61.20000000000001,62,1,100,97,20,62,179493.06861925125
3436,-61.20000000000001,62,1,100,97,20,62,179550.51921343803
3437,-68.55,62,1,100,96,21,62,179608.0928156376
3438,-116.99999999999999,62,1,100,39,20,62,179656.85319757462
3439,-116.90000000000002,62,1,100,65,22,62,179708.8992781639
3440,-130.25000000000003,62,1,100,87,19,62,179771.5219259262
3441,-130.3,62,1,100,30,18,62,179823.73962974548
3442,-117.05,62,1,100,34,19,62,179871.99659323692
3443,-102.75,62,1,100,60,21,62,179924.55504131317
3444,-101.49999999999999,62,1,100,94,18,62,179973.9326941967
3445,-91.79999999999998,62,1,100,95,20,62,180028.6231095791
3446,-70.50000000000001,62,1,100,100,22,62,180085.40615081787
3447,-65.85000000000002,62,1,100,97,27,62,180139.95154190063
3448,-68.4,62,1,100,97,20,62,180196.11444568634
3449,-70.55000000000001,62,1,100,96,21,62,180253.1005833149
3450,-60.750000000000014,62,1,100,100,25,62,180307.14240837097
3451,-63.60000000000001,62,1,100,98,24,62,180362.0451631546
3452,-60.35000000000001,62,1,100,99,21,62,180416.3342001438
3453,-61.000000000000014,62,1,100,100,20,62,180472.80347013474
3454,-62.35000000000001,62,1,100,98,21,62,180524.9319984913
3455,-62.95000000000003,62,1,100,96,21,62,180580.21860027313
3456,-63.700000000000024,62,1,100,97,18,62,180634.76821827888
3457,-59.10000000000001,62,1,100,99,18,62,180696.18219733238
3458,-58.95000000000003,62,1,100,100,21,62,180758.25889754295
3459,-63.55000000000002,62,1,100,97,21,62,180809.8958940506
3460,-59.10000000000002,62,1,100,99,18,62,180866.31959557533
3461,-59.05000000000001,62,1,100,98,19,62,180917.93946290016
3462,-58.95000000000001,62,1,100,99,21,62,180974.13343000412
3463,-59.65000000000001,62,1,100,100,19,62,181022.98711299896
3464,-59.70000000000002,62,1,100,100,18,62,181071.37039780617
3465,-63.550000000000026,62,1,100,98,21,62,181122.3865659237
3466,-67.00000000000001,62,1,100,100,20,62,181176.5128171444
3467,-65.45,62,1,100,97,23,62,181226.22427129745
3468,-65.45,62,1,100,98,23,62,181280.99436044693
3469,-59.70000000000003,62,1,100,99,18,62,181327.99525737762
3470,-63.65000000000001,62,1,100,96,19,62,181378.3352649212
3471,-59.100000000000016,62,1,100,99,18,62,181426.18431019783
3472,-59.65000000000002,62,1,100,100,19,62,181476.1904592514
3473,-63.550000000000026,62,1,100,97,21,62,181529.1961224079
3474,-59.05000000000001,62,1,100,99,19,62,181587.05043196678
3475,-59.05000000000001,62,1,100,98,19,62,181641.37886595726
3476,-63.700000000000024,62,1,100,98,18,62,181698.10906529427
3477,-59.100000000000016,62,1,100,99,18,62,181753.77360486984
3478,-63.500000000000036,62,1,100,97,22,62,181807.05658769608
3479,-61.100000000000016,62,1,100,98,18,62,181857.81681132317
3480,-59.65000000000003,62,1,100,100,19,62,181907.73631238937
3481,-59.70000000000002,62,1,100,99,18,62,181954.18816399574
3482,-70.00000000000003,62,1,100,98,16,62,181998.67452406883
3483,-75.7,62,1,100,97,22,62,182045.61803293228
3484,-76.84999999999998,62,1,100,97,19,62,182092.29759716988
3485,-59.10000000000002,62,1,100,99,18,62,182147.95155763626
3486,-68.90000000000002,62,1,100,99,26,62,182195.14540624619
3487,-59.10000000000002,62,1,100,98,18,62,182249.18312358856
3488,-63.55000000000001,62,1,100,97,21,62,182297.80784797668
3489,-59.700000000000024,62,1,100,100,18,62,182347.1120584011
3490,-58.95000000000002,62,1,100,100,21,62,182403.0861799717
3491,-58.95000000000003,62,1,100,98,21,62,182453.88936519623
3492,-59.10000000000002,62,1,100,99,18,62,182509.4320049286
3493,-62.95000000000002,62,1,100,97,21,62,182564.281594038
3494,-59.10000000000002,62,1,100,99,18,62,182622.20705485344
3495,-65.75000000000001,62,1,100,100,21,62,182677.35026621819
3496,-68.35000000000001,62,1,100,97,21,62,182732.012260437
3497,-65.75,62,1,100,100,21,62,182786.32812929153
3498,-59.05000000000001,62,1,100,99,19,62,182842.1024632454
3499,-60.35000000000001,62,1,100,98,21,62,182897.7551996708
3500,-66.35000000000001,62,1,100,97,21,62,182953.67762589455
3501,-58.95000000000001,62,1,100,100,21,62,183009.87874150276
3502,-59.05000000000001,62,1,100,99,19,62,183062.2344455719
3503,-63.65000000000002,62,1,100,97,19,62,183119.41217184067
3504,-58.35000000000001,62,1,100,98,21,62,183175.776720047
3505,-58.95000000000001,62,1,100,100,21,62,183234.49200868607
3506,-62.95000000000002,62,1,100,97,21,62,183293.6707494259
3507,-59.05000000000001,62,1,100,99,19,62,183350.57582736015
3508,-66.05000000000003,62,1,100,97,19,62,183406.45628523827
3509,-59.100000000000016,62,1,100,98,18,62,183460.2137722969
3510,-59.05000000000001,62,1,100,99,19,62,183515.85824251175
3511,-59.05000000000001,62,1,100,99,19,62,183571.97086811066
3512,-59.100000000000016,62,1,100,99,18,62,183629.10566687584
3513,-59.05000000000001,62,1,100,99,19,62,183685.20879125595
3514,-59.60000000000002,62,1,100,100,20,62,183740.62283301353
3515,-59.70000000000003,62,1,100,100,18,62,183794.1472477913
3516,-63.55000000000002,62,1,100,97,21,62,183847.52279138565
3517,-59.65000000000003,62,1,100,100,19,62,183895.59720110893
3518,-63.70000000000002,62,1,100,97,18,62,183949.22173976898
3519,-63.65000000000002,62,1,100,96,19,62,183999.13910126686
3520,-63.70000000000002,62,1,100,97,18,62,184050.39517188072
3521,-63.550000000000026,62,1,100,97,21,62,184099.5657699108
3522,-63.70000000000002,62,1,100,96,18,62,184150.77364587784
3523,-63.700000000000024,62,1,100,96,18,62,184201.96135520935
3524,-59.700000000000024,62,1,100,100,18,62,184249.68030238152
3525,-59.70000000000002,62,1,100,100,18,62,184299.10901117325
3526,-63.65000000000003,62,1,100,96,19,62,184348.99140548706
3527,-63.65000000000002,62,1,100,97,19,62,184399.39458560944
3528,-58.95000000000003,62,1,100,100,21,62,184450.35095596313
3529,-59.05000000000001,62,1,100,98,19,62,184502.5303761959
3530,-59.10000000000002,62,1,100,99,18,62,184558.09150409698
3531,-59.10000000000002,62,1,100,99,18,62,184615.30315804482
3532,-59.10000000000002,62,1,100,99,18,62,184672.69363546371
3533,-59.10000000000002,62,1,100,99,18,62,184729.55258202553
3534,-59.10000000000002,62,1,100,99,18,62,184786.56073784828
3535,-59.10000000000002,62,1,100,99,18,62,184843.67967891693
3536,-59.10000000000002,62,1,100,99,18,62,184900.1226363182
3537,-59.10000000000002,62,1,100,98,18,62,184954.04653024673
3538,-60.95000000000002,62,1,100,100,21,62,185005.80572342873
3539,-63.550000000000026,62,1,100,97,21,62,185054.10574817657
3540,-63.700000000000024,62,1,100,97,18,62,185107.1946732998
3541,-66.80000000000001,62,1,100,97,24,62,185161.60713648796
3542,-61.150000000000006,62,1,100,100,17,62,185218.32054805756
3543,-59.10000000000002,62,1,100,100,18,62,185274.82152152061
3544,-59.10000000000002,62,1,100,99,18,62,185330.1102423668
3545,-59.10000000000002,62,1,100,99,18,62,185386.54289126396
3546,-58.35000000000001,62,1,100,98,21,62,185441.09980082512
3547,-62.95000000000003,62,1,100,96,21,62,185497.7299261093
3548,-57.750000000000014,62,1,100,98,21,62,185555.9409456253
3549,-62.35000000000001,62,1,100,97,21,62,185613.28434967995
3550,-61.75000000000001,62,1,100,97,21,62,185670.24373221397
3551,-56.90000000000001,62,1,100,99,14,62,185728.76826667786
3552,-57.20000000000001,62,1,100,100,20,62,185786.79155921936
3553,-61.20000000000001,62,1,100,97,20,62,185843.49484968185
3554,-61.20000000000001,62,1,100,97,20,62,185900.4896211624
3555,-61.20000000000001,62,1,100,97,20,62,185957.0206038952
3556,-56.70000000000001,62,1,100,98,18,62,186013.68685817719
3557,-57.15000000000001,62,1,100,98,21,62,186066.4275317192
3558,-57.15000000000001,62,1,100,99,21,62,186123.9322669506
3559,-57.20000000000001,62,1,100,100,20,62,186183.58408665657
3560,-56.70000000000001,62,1,100,98,18,62,186239.90145492554
3561,-56.70000000000001,62,1,100,98,18,62,186295.10976338387
3562,-56.70000000000001,62,1,100,98,18,62,186350.95195269585
3563,-56.70000000000001,62,1,100,98,18,62,186406.21649956703
3564,-56.70000000000001,62,1,100,98,18,62,186461.9277358055
3565,-56.70000000000001,62,1,100,98,18,62,186517.90918660164
3566,-56.70000000000001,62,1,100,98,18,62,186572.32814717293
3567,-56.70000000000001,62,1,100,98,18,62,186628.39299702644
3568,-56.70000000000001,62,1,100,98,18,62,186684.58786439896
3569,-56.70000000000001,62,1,100,98,18,62,186739.75084233284
3570,-61.0,62,1,100,95,24,62,186794.14366841316
3571,-73.45,62,1,100,96,15,62,186832.92263388634
3572,-68.25,62,1,100,90,11,62,186871.22079372406
3573,-58.85000000000001,62,1,100,100,11,62,186912.26690793037
3574,-58.300000000000026,62,1,100,100,22,62,186955.97874331474
3575,-61.20000000000001,62,1,100,97,20,62,187013.7555346489
3576,-56.70000000000001,62,1,100,98,18,62,187070.50773072243
3577,-57.150000000000006,62,1,100,100,21,62,187127.61438202858
3578,-56.70000000000001,62,1,100,98,18,62,187184.8995654583
3579,-56.70000000000001,62,1,100,98,18,62,187241.37704968452
3580,-56.70000000000001,62,1,100,98,18,62,187298.0357313156
3581,-56.70000000000001,62,1,100,98,18,62,187356.07719016075
3582,-56.70000000000001,62,1,100,98,18,62,187412.00381851196
3583,-56.70000000000001,62,1,100,98,18,62,187467.39032626152
3584,-56.70000000000001,62,1,100,98,18,62,187523.16399168968
3585,-116.6,62,1,100,32,20,62,187599.39308905602
3586,-56.70000000000001,62,1,100,98,18,62,187656.42124819756
3587,-56.70000000000001,62,1,100,98,18,62,187713.4361243248
3588,-56.70000000000001,62,1,100,98,18,62,187769.61381936073
3589,-56.70000000000001,62,1,100,98,18,62,187826.55927062035
3590,-56.70000000000001,62,1,100,98,18,62,187883.27959752083
3591,-61.150000000000006,62,1,100,95,21,62,187943.78372216225
3592,-64.50000000000001,62,1,100,96,22,62,188004.47096562386
3593,-63.00000000000003,62,1,100,97,24,62,188062.2445280552
3594,-56.70000000000001,62,1,100,98,18,62,188122.85741257668
3595,-56.70000000000001,62,1,100,98,18,62,188186.5380923748
3596,-56.70000000000001,62,1,100,98,18,62,188248.4610595703
3597,-61.150000000000006,62,1,100,95,21,62,188312.9736070633
3598,-56.70000000000001,62,1,100,98,18,62,188377.52310609818
3599,-56.70000000000001,62,1,100,98,18,62,188439.90960168839
3600,-61.0,62,1,100,95,24,62,188502.75471258163
3601,-67.30000000000001,62,1,100,98,22,62,188567.8568291664
3602,-78.1,62,1,100,98,22,62,188629.63287639618
3603,-79.04999999999998,62,1,100,98,23,62,188692.57526898384
3604,-80.5,62,1,100,92,26,62,188753.13702058792
3605,-77.4,62,1,100,100,28,62,188814.9807727337
3606,-67.30000000000001,62,1,100,98,22,62,188877.88343405724
3607,-63.0,62,1,100,95,24,62,188935.14033961296
3608,-63.900000000000006,62,1,100,100,22,62,188999.63000297546
3609,-63.050000000000004,62,1,100,97,23,62,189058.0290236473
3610,-56.70000000000001,62,1,100,98,18,62,189119.2673561573
3611,-56.70000000000001,62,1,100,98,18,62,189182.39984345436
3612,-56.70000000000001,62,1,100,98,18,62,189245.53287243843
3613,-56.70000000000001,62,1,100,98,18,62,189307.46932959557
3614,-56.70000000000001,62,1,100,98,18,62,189369.16624808311
3615,-56.70000000000001,62,1,100,98,18,62,189430.45889544487
3616,-56.70000000000001,62,1,100,98,18,62,189495.6577115059
3617,-56.70000000000001,62,1,100,98,18,62,189555.4863972664
3618,-56.70000000000001,62,1,100,98,18,62,189617.07538056374
3619,-56.70000000000001,62,1,100,98,18,62,189678.16785216331
3620,-56.70000000000001,62,1,100,98,18,62,189740.49173069
3621,-56.70000000000001,62,1,100,98,18,62,189802.4196472168
3622,-56.70000000000001,62,1,100,98,18,62,189863.639015913
3623,-56.70000000000001,62,1,100,98,18,62,189923.77664613724
3624,-56.70000000000001,62,1,100,98,18,62,189987.13043808937
3625,-56.70000000000001,62,1,100,98,18,62,190047.33268260956
3626,-56.70000000000001,62,1,100,98,18,62,190108.3674428463
3627,-56.70000000000001,62,1,100,98,18,62,190168.56299686432
3628,-56.70000000000001,62,1,100,98,18,62,190228.16028499603
3629,-56.70000000000001,62,1,100,98,18,62,190287.5683233738
3630,-56.70000000000001,62,1,100,98,18,62,190348.48412513733
3631,-56.70000000000001,62,1,100,98,18,62,190409.00702667236
3632,-56.70000000000001,62,1,100,98,18,62,190469.81839108467
3633,-61.20000000000001,62,1,100,97,20,62,190531.24333786964
3634,-56.70000000000001,62,1,100,98,18,62,190587.08450984955
3635,-56.70000000000001,62,1,100,98,18,62,190643.61575460434
3636,-56.70000000000001,62,1,100,98,18,62,190700.4217352867
3637,-73.60000000000001,62,1,100,96,12,62,190740.10380792618
3638,-59.95,62,1,100,98,17,62,190783.81998848915
3639,-59.80000000000001,62,1,100,98,20,62,190826.4605383873
3640,-74.94999999999997,62,1,100,99,21,62,190869.2941417694
3641,-61.20000000000001,62,1,100,97,20,62,190926.9241566658
3642,-76.55,62,1,100,97,21,62,190967.31277179718
3643,-57.65000000000003,62,1,100,99,23,62,191012.9618036747
3644,-64.5,62,1,100,96,22,62,191069.46156930923
3645,-57.65000000000003,62,1,100,99,23,62,191115.18477988243
3646,-70.64999999999999,62,1,100,99,19,62,191157.75647425652
3647,-61.0,62,1,100,95,24,62,191212.4885406494
3648,-56.99999999999999,62,1,100,99,24,62,191265.5513753891
3649,-56.70000000000001,62,1,100,98,18,62,191319.45971512794
3650,-61.600000000000016,62,1,100,97,24,62,191371.2111902237
3651,-61.20000000000001,62,1,100,97,20,62,191427.88712120056
3652,-57.20000000000001,62,1,100,100,20,62,191485.74923491478
3653,-56.70000000000001,62,1,100,98,18,62,191541.11311221123
3654,-56.70000000000001,62,1,100,98,18,62,191596.3509581089
3655,-56.70000000000001,62,1,100,98,18,62,191652.9448466301
3656,-56.70000000000001,62,1,100,98,18,62,191708.55651950836
3657,-56.70000000000001,62,1,100,98,18,62,191763.78416204453
3658,-56.70000000000001,62,1,100,98,18,62,191818.2144086361
3659,-56.70000000000001,62,1,100,98,18,62,191874.65938782692
3660,-56.70000000000001,62,1,100,98,18,62,191938.6590795517
3661,-56.70000000000001,62,1,100,98,18,62,191997.2176039219
3662,-56.70000000000001,62,1,100,98,18,62,192054.3183221817
3663,-56.70000000000001,62,1,100,98,18,62,192117.10123443604
3664,-56.70000000000001,62,1,100,98,18,62,192180.04631876945
3665,-56.70000000000001,62,1,100,98,18,62,192243.01835393906
3666,-56.70000000000001,62,1,100,98,18,62,192297.96128821373
3667,-56.70000000000001,62,1,100,98,18,62,192354.4540092945
3668,-56.70000000000001,62,1,100,98,18,62,192412.37423348427
3669,-56.70000000000001,62,1,100,98,18,62,192473.63569808006
3670,-56.70000000000001,62,1,100,98,18,62,192532.71351790428
3671,-56.70000000000001,62,1,100,98,18,62,192591.12026238441
3672,-56.70000000000001,62,1,100,98,18,62,192649.66287493706
3673,-56.70000000000001,62,1,100,98,18,62,192710.08481407166
3674,-56.70000000000001,62,1,100,98,18,62,192768.47693109512
3675,-56.70000000000001,62,1,100,98,18,62,192828.25071382523
3676,-56.70000000000001,62,1,100,98,18,62,192886.2048933506
3677,-56.70000000000001,62,1,100,98,18,62,192944.26349043846
3678,-56.70000000000001,62,1,100,98,18,62,193001.91046643257
3679,-56.70000000000001,62,1,100,98,18,62,193060.05502438545
3680,-56.70000000000001,62,1,100,98,18,62,193118.98154759407
3681,-56.70000000000001,62,1,100,98,18,62,193177.68711209297
3682,-56.70000000000001,62,1,100,98,18,62,193236.22814393044
3683,-56.70000000000001,62,1,100,98,18,62,193295.46762752533
3684,-61.15000000000001,62,1,100,96,21,62,193354.08131599426
3685,-61.15000000000001,62,1,100,96,21,62,193412.00638484955
3686,-61.150000000000006,62,1,100,95,21,62,193469.97582435608
3687,-64.50000000000001,62,1,100,96,22,62,193531.6674528122
3688,-56.70000000000001,62,1,100,98,18,62,193590.7979466915
3689,-56.70000000000001,62,1,100,98,18,62,193649.5907227993
3690,-56.70000000000001,62,1,100,98,18,62,193707.4274866581
3691,-56.70000000000001,62,1,100,98,18,62,193765.77286696434
3692,-56.70000000000001,62,1,100,98,18,62,193825.2928879261
3693,-56.70000000000001,62,1,100,98,18,62,193883.91799640656
3694,-56.70000000000001,62,1,100,98,18,62,193943.37428069115
3695,-56.70000000000001,62,1,100,98,18,62,194004.37086057663
3696,-56.70000000000001,62,1,100,98,18,62,194063.77726864815
3697,-56.70000000000001,62,1,100,98,18,62,194121.91515898705
3698,-56.70000000000001,62,1,100,98,18,62,194181.0959801674
3699,-56.70000000000001,62,1,100,98,18,62,194239.76671385765
3700,-56.70000000000001,62,1,100,98,18,62,194298.26538562775
3701,-56.70000000000001,62,1,100,98,18,62,194356.34663391113
3702,-56.70000000000001,62,1,100,98,18,62,194415.04408168793
3703,-56.70000000000001,62,1,100,98,18,62,194474.5724875927
3704,-56.70000000000001,62,1,100,98,18,62,194534.8193655014
3705,-56.70000000000001,62,1,100,98,18,62,194592.5192887783
3706,-56.70000000000001,62,1,100,98,18,62,194650.83117604256
3707,-56.70000000000001,62,1,100,98,18,62,194709.1699464321
3708,-56.70000000000001,62,1,100,98,18,62,194768.03839564323
3709,-56.70000000000001,62,1,100,98,18,62,194829.25985693932
3710,-56.70000000000001,62,1,100,98,18,62,194887.71983122826
3711,-56.70000000000001,62,1,100,98,18,62,194945.29979920387
3712,-56.70000000000001,62,1,100,98,18,62,195003.58315849304
3713,-56.70000000000001,62,1,100,98,18,62,195061.99999022484
3714,-56.70000000000001,62,1,100,98,18,62,195120.4653866291
3715,-56.70000000000001,62,1,100,98,18,62,195178.73912262917
3716,-56.70000000000001,62,1,100,98,18,62,195237.02038908005
3717,-56.70000000000001,62,1,100,98,18,62,195295.6881761551
3718,-56.70000000000001,62,1,100,98,18,62,195354.18783545494
3719,-56.70000000000001,62,1,100,98,18,62,195412.6568388939
3720,-56.70000000000001,62,1,100,98,18,62,195471.657558918
3721,-56.70000000000001,62,1,100,98,18,62,195531.06197714806
3722,-56.70000000000001,62,1,100,98,18,62,195590.81207036972
3723,-56.70000000000001,62,1,100,98,18,62,195649.8060719967
3724,-56.70000000000001,62,1,100,98,18,62,195708.62059521675
3725,-56.70000000000001,62,1,100,98,18,62,195766.70405054092
3726,-56.70000000000001,62,1,100,98,18,62,195824.7183058262
3727,-56.70000000000001,62,1,100,98,18,62,195882.57518982887
3728,-56.70000000000001,62,1,100,98,18,62,195940.58156967163
3729,-56.70000000000001,62,1,100,98,18,62,196003.29661011696
3730,-56.70000000000001,62,1,100,98,18,62,196058.61348342896
3731,-56.70000000000001,62,1,100,98,18,62,196114.84554719925
3732,-56.70000000000001,62,1,100,98,18,62,196169.4980084896
3733,-56.70000000000001,62,1,100,98,18,62,196225.1676287651
3734,-56.70000000000001,62,1,100,98,18,62,196282.26914930344
3735,-56.70000000000001,62,1,100,98,18,62,196336.18677806854
3736,-56.70000000000001,62,1,100,98,18,62,196390.3350174427
3737,-56.70000000000001,62,1,100,98,18,62,196444.82065939903
3738,-56.70000000000001,62,1,100,98,18,62,196497.78989624977
3739,-56.70000000000001,62,1,100,98,18,62,196552.05870056152
3740,-56.70000000000001,62,1,100,98,18,62,196606.12494707108
3741,-56.70000000000001,62,1,100,98,18,62,196660.13318228722
3742,-56.70000000000001,62,1,100,98,18,62,196713.8358616829
3743,-56.70000000000001,62,1,100,98,18,62,196768.5404689312
3744,-56.70000000000001,62,1,100,98,18,62,196822.90008473396
3745,-56.70000000000001,62,1,100,98,18,62,196877.00419545174
3746,-56.70000000000001,62,1,100,98,18,62,196931.7513642311
3747,-56.70000000000001,62,1,100,98,18,62,196985.26784706116
3748,-56.70000000000001,62,1,100,98,18,62,197040.18431591988
3749,-56.70000000000001,62,1,100,98,18,62,197094.77234482765
3750,-56.70000000000001,62,1,100,98,18,62,197149.1507320404
3751,-56.70000000000001,62,1,100,98,18,62,197203.2742266655
3752,-56.70000000000001,62,1,100,98,18,62,197257.76488733292
3753,-56.70000000000001,62,1,100,98,18,62,197312.4363849163
3754,-56.70000000000001,62,1,100,98,18,62,197365.73442029953
3755,-56.70000000000001,62,1,100,98,18,62,197419.74436450005
3756,-56.70000000000001,62,1,100,98,18,62,197473.5863854885
3757,-56.70000000000001,62,1,100,98,18,62,197528.54475784302
3758,-56.70000000000001,62,1,100,98,18,62,197581.56901597977
3759,-66.50000000000001,62,1,100,96,22,62,197635.5625822544
3760,-56.70000000000001,62,1,100,98,18,62,197689.42592716217
3761,-56.70000000000001,62,1,100,98,18,62,197744.4572339058
3762,-56.70000000000001,62,1,100,98,18,62,197798.6955499649
3763,-56.70000000000001,62,1,100,98,18,62,197853.35659480095
3764,-56.70000000000001,62,1,100,98,18,62,197908.26133346558
3765,-56.70000000000001,62,1,100,98,18,62,197963.70766925812
3766,-56.70000000000001,62,1,100,98,18,62,198018.72577285767
3767,-56.70000000000001,62,1,100,98,18,62,198072.53059387207
3768,-56.70000000000001,62,1,100,98,18,62,198127.498524189
3769,-56.70000000000001,62,1,100,98,18,62,198180.6650903225
3770,-56.70000000000001,62,1,100,98,18,62,198236.07557702065
3771,-56.70000000000001,62,1,100,98,18,62,198290.02119398117
3772,-56.70000000000001,62,1,100,98,18,62,198347.33326244354
3773,-56.70000000000001,62,1,100,98,18,62,198402.42567658424
3774,-56.70000000000001,62,1,100,98,18,62,198456.66951417923
3775,-61.0,62,1,100,95,24,62,198510.37771320343
3776,-56.70000000000001,62,1,100,98,18,62,198564.02769303322
3777,-56.70000000000001,62,1,100,98,18,62,198618.82334566116
3778,-56.70000000000001,62,1,100,98,18,62,198672.95886540413
3779,-56.70000000000001,62,1,100,98,18,62,198727.95382976532
3780,-56.70000000000001,62,1,100,98,18,62,198781.8843410015
3781,-56.70000000000001,62,1,100,98,18,62,198836.70021247864
3782,-56.70000000000001,62,1,100,98,18,62,198891.94903039932
3783,-56.70000000000001,62,1,100,98,18,62,198947.17095828056
3784,-56.70000000000001,62,1,100,98,18,62,199000.89719629288
3785,-56.70000000000001,62,1,100,98,18,62,199055.12333154678
3786,-56.70000000000001,62,1,100,98,18,62,199108.62374734879
3787,-56.70000000000001,62,1,100,98,18,62,199162.2014517784
3788,-56.70000000000001,62,1,100,98,18,62,199215.88555169106
3789,-57.15000000000001,62,1,100,100,21,62,199269.68764328957
3790,-56.70000000000001,62,1,100,98,18,62,199323.2718849182
3791,-56.70000000000001,62,1,100,98,18,62,199376.72844028473
3792,-56.70000000000001,62,1,100,98,18,62,199430.61544680595
3793,-56.70000000000001,62,1,100,98,18,62,199484.38509130478
3794,-56.70000000000001,62,1,100,98,18,62,199538.64874076843
3795,-56.70000000000001,62,1,100,98,18,62,199592.1229019165
3796,-56.70000000000001,62,1,100,98,18,62,199645.75821733475
3797,-56.70000000000001,62,1,100,98,18,62,199700.82050561905
3798,-56.70000000000001,62,1,100,98,18,62,199755.17124843597
3799,-56.70000000000001,62,1,100,98,18,62,199809.26970648766
3800,-56.70000000000001,62,1,100,98,18,62,199863.36286211014
3801,-56.70000000000001,62,1,100,98,18,62,199917.66782045364
3802,-56.70000000000001,62,1,100,98,18,62,199971.86488986015
3803,-56.70000000000001,62,1,100,98,18,62,200026.8259487152
3804,-56.70000000000001,62,1,100,98,18,62,200083.40977072716
3805,-56.70000000000001,62,1,100,98,18,62,200138.47153043747
3806,-56.70000000000001,62,1,100,98,18,62,200192.4387459755
3807,-56.70000000000001,62,1,100,98,18,62,200246.77649211884
3808,-56.70000000000001,62,1,100,98,18,62,200301.19566965103
3809,-56.70000000000001,62,1,100,98,18,62,200356.0166246891
3810,-56.70000000000001,62,1,100,98,18,62,200410.66484427452
3811,-56.70000000000001,62,1,100,98,18,62,200464.44988512993
3812,-56.70000000000001,62,1,100,98,18,62,200519.84822916985
3813,-56.70000000000001,62,1,100,98,18,62,200573.47487974167
3814,-56.70000000000001,62,1,100,98,18,62,200628.04364061356
3815,-56.70000000000001,62,1,100,98,18,62,200682.10991692543
3816,-56.70000000000001,62,1,100,98,18,62,200736.41676139832
3817,-56.70000000000001,62,1,100,98,18,62,200791.01308846474
3818,-56.70000000000001,62,1,100,98,18,62,200845.58478689194
3819,-56.70000000000001,62,1,100,98,18,62,200900.0117251873
3820,-56.70000000000001,62,1,100,98,18,62,200953.8149137497
3821,-56.70000000000001,62,1,100,98,18,62,201007.82250595093
3822,-56.70000000000001,62,1,100,98,18,62,201061.96932840347
3823,-56.70000000000001,62,1,100,98,18,62,201116.90593862534
3824,-56.70000000000001,62,1,100,98,18,62,201170.5951499939
3825,-56.70000000000001,62,1,100,98,18,62,201225.71131300926
3826,-56.70000000000001,62,1,100,98,18,62,201279.75989603996
3827,-56.70000000000001,62,1,100,98,18,62,201334.71856689453
3828,-56.70000000000001,62,1,100,98,18,62,201389.18308091164
3829,-56.70000000000001,62,1,100,98,18,62,201443.1093556881
3830,-56.70000000000001,62,1,100,98,18,62,201497.02776908875
3831,-56.70000000000001,62,1,100,98,18,62,201551.861307621
3832,-56.70000000000001,62,1,100,98,18,62,201606.0987894535
3833,-56.70000000000001,62,1,100,98,18,62,201660.13291621208
3834,-56.70000000000001,62,1,100,98,18,62,201714.93987822533
3835,-56.70000000000001,62,1,100,98,18,62,201768.8464641571
3836,-56.70000000000001,62,1,100,98,18,62,201823.80297899246
3837,-56.70000000000001,62,1,100,98,18,62,201879.8361468315
3838,-56.70000000000001,62,1,100,98,18,62,201936.5082027912
3839,-56.70000000000001,62,1,100,98,18,62,201993.54771447182
3840,-56.70000000000001,62,1,100,98,18,62,202049.57264351845
3841,-56.70000000000001,62,1,100,98,18,62,202104.59899640083
3842,-56.70000000000001,62,1,100,98,18,62,202158.55064630508
3843,-56.70000000000001,62,1,100,98,18,62,202213.53638124466
3844,-56.70000000000001,62,1,100,98,18,62,202268.47423696518
3845,-56.70000000000001,62,1,100,98,18,62,202323.01174497604
3846,-56.70000000000001,62,1,100,98,18,62,202376.31427788734
3847,-56.70000000000001,62,1,100,98,18,62,202432.12459230423
3848,-56.70000000000001,62,1,100,98,18,62,202486.06006288528
3849,-56.70000000000001,62,1,100,98,18,62,202540.34031772614
3850,-56.70000000000001,62,1,100,98,18,62,202594.27026033401
3851,-56.70000000000001,62,1,100,98,18,62,202648.44369411469
3852,-56.70000000000001,62,1,100,98,18,62,202702.51406097412
3853,-56.70000000000001,62,1,100,98,18,62,202756.18409132957
3854,-56.70000000000001,62,1,100,98,18,62,202811.55797100067
3855,-56.70000000000001,62,1,100,98,18,62,202865.6562306881
3856,-56.70000000000001,62,1,100,98,18,62,202920.72932958603
3857,-56.70000000000001,62,1,100,98,18,62,202974.50932097435
3858,-56.70000000000001,62,1,100,98,18,62,203029.62642359734
3859,-56.70000000000001,62,1,100,98,18,62,203082.99720025063
3860,-56.70000000000001,62,1,100,98,18,62,203137.7735733986
3861,-56.70000000000001,62,1,100,98,18,62,203192.4456524849
3862,-56.70000000000001,62,1,100,98,18,62,203246.66413998604
3863,-56.70000000000001,62,1,100,98,18,62,203300.35602092743
3864,-56.70000000000001,62,1,100,98,18,62,203355.20481848717
3865,-56.70000000000001,62,1,100,98,18,62,203409.79279327393
3866,-56.70000000000001,62,1,100,98,18,62,203464.1175942421
3867,-56.70000000000001,62,1,100,98,18,62,203518.75961756706
3868,-56.70000000000001,62,1,100,98,18,62,203574.3682758808
3869,-56.70000000000001,62,1,100,98,18,62,203629.39047336578
3870,-56.70000000000001,62,1,100,98,18,62,203682.93568611145
3871,-56.70000000000001,62,1,100,98,18,62,203737.74664330482
3872,-56.70000000000001,62,1,100,98,18,62,203790.8677418232
3873,-56.70000000000001,62,1,100,98,18,62,203845.6193318367
3874,-56.70000000000001,62,1,100,98,18,62,203900.87425541878
3875,-56.70000000000001,62,1,100,98,18,62,203955.48987436295
3876,-56.70000000000001,62,1,100,98,18,62,204010.3577208519
3877,-57.15000000000001,62,1,100,100,21,62,204064.28218364716
3878,-56.70000000000001,62,1,100,98,18,62,204119.3974289894
3879,-56.70000000000001,62,1,100,98,18,62,204173.38611125946
3880,-56.70000000000001,62,1,100,98,18,62,204227.42462706566
3881,-56.70000000000001,62,1,100,98,18,62,204282.09158706665
3882,-56.70000000000001,62,1,100,98,18,62,204336.75461888313
3883,-56.70000000000001,62,1,100,98,18,62,204390.66139507294
3884,-56.70000000000001,62,1,100,98,18,62,204444.59806919098
3885,-56.70000000000001,62,1,100,98,18,62,204499.7818183899
3886,-56.70000000000001,62,1,100,98,18,62,204554.44472050667
3887,-56.70000000000001,62,1,100,98,18,62,204609.255133152
3888,-56.70000000000001,62,1,100,98,18,62,204663.83679890633
3889,-56.70000000000001,62,1,100,98,18,62,204718.0532157421
3890,-56.70000000000001,62,1,100,98,18,62,204772.30140304565
3891,-56.70000000000001,62,1,100,98,18,62,204826.03232312202
3892,-56.70000000000001,62,1,100,98,18,62,204880.62172746658
3893,-56.70000000000001,62,1,100,98,18,62,204934.96610593796
3894,-56.70000000000001,62,1,100,98,18,62,204989.2922654152
3895,-56.70000000000001,62,1,100,98,18,62,205042.99796795845
3896,-56.70000000000001,62,1,100,98,18,62,205097.31790828705
3897,-56.70000000000001,62,1,100,98,18,62,205151.29063653946
3898,-56.70000000000001,62,1,100,98,18,62,205205.34408259392
3899,-56.70000000000001,62,1,100,98,18,62,205258.4706993103
3900,-56.70000000000001,62,1,100,98,18,62,205312.76581835747
3901,-56.70000000000001,62,1,100,98,18,62,205366.27788329124
3902,-56.70000000000001,62,1,100,98,18,62,205420.4020190239
3903,-56.70000000000001,62,1,100,98,18,62,205474.6576514244
3904,-56.70000000000001,62,1,100,98,18,62,205529.9102575779
3905,-56.70000000000001,62,1,100,98,18,62,205587.7228767872
3906,-56.70000000000001,62,1,100,98,18,62,205646.076472044
3907,-56.70000000000001,62,1,100,98,18,62,205700.83543014526
3908,-56.70000000000001,62,1,100,98,18,62,205753.65978431702
3909,-56.70000000000001,62,1,100,98,18,62,205807.5781698227
3910,-56.70000000000001,62,1,100,98,18,62,205863.15033102036
3911,-56.70000000000001,62,1,100,98,18,62,205918.84754657745
3912,-56.70000000000001,62,1,100,98,18,62,205971.09573841095
3913,-56.70000000000001,62,1,100,98,18,62,206024.78921556473
3914,-56.70000000000001,62,1,100,98,18,62,206077.41767287254
3915,-56.70000000000001,62,1,100,98,18,62,206132.5039346218
3916,-56.70000000000001,62,1,100,98,18,62,206186.41276359558
3917,-56.70000000000001,62,1,100,98,18,62,206240.01156115532
3918,-56.70000000000001,62,1,100,98,18,62,206294.53518629074
3919,-56.70000000000001,62,1,100,98,18,62,206348.8722190857
3920,-56.70000000000001,62,1,100,98,18,62,206402.69730257988
3921,-56.70000000000001,62,1,100,98,18,62,206456.15764307976
3922,-56.70000000000001,62,1,100,98,18,62,206509.23337841034
3923,-56.70000000000001,62,1,100,98,18,62,206561.38142752647
3924,-56.70000000000001,62,1,100,98,18,62,206614.8068163395
3925,-56.70000000000001,62,1,100,98,18,62,206668.15759539604
3926,-56.70000000000001,62,1,100,98,18,62,206721.86245322227
3927,-56.70000000000001,62,1,100,98,18,62,206775.91828250885
3928,-56.70000000000001,62,1,100,98,18,62,206829.31693720818
3929,-56.70000000000001,62,1,100,98,18,62,206882.75164580345
3930,-56.70000000000001,62,1,100,98,18,62,206935.23009061813
3931,-56.70000000000001,62,1,100,98,18,62,206990.79185795784
3932,-61.15,62,1,100,95,21,62,207045.01990532875
3933,-56.70000000000001,62,1,100,98,18,62,207098.90933299065
3934,-56.70000000000001,62,1,100,98,18,62,207152.2448298931
3935,-64.50000000000001,62,1,100,96,22,62,207205.6308760643
3936,-64.5,62,1,100,96,22,62,207260.38079452515
3937,-56.70000000000001,62,1,100,98,18,62,207313.8841996193
3938,-56.70000000000001,62,1,100,98,18,62,207367.24127554893
3939,-56.70000000000001,62,1,100,98,18,62,207420.91700148582
3940,-56.70000000000001,62,1,100,98,18,62,207474.87992715836
3941,-56.70000000000001,62,1,100,98,18,62,207526.42329978943
3942,-56.70000000000001,62,1,100,98,18,62,207579.39132237434
3943,-56.70000000000001,62,1,100,98,18,62,207633.5828411579
3944,-56.70000000000001,62,1,100,98,18,62,207686.36317563057
3945,-56.70000000000001,62,1,100,98,18,62,207738.87086820602
3946,-56.70000000000001,62,1,100,98,18,62,207790.37002038956
3947,-56.70000000000001,62,1,100,98,18,62,207844.22378516197
3948,-56.70000000000001,62,1,100,98,18,62,207897.1676220894
3949,-56.70000000000001,62,1,100,98,18,62,207951.9204645157
3950,-56.70000000000001,62,1,100,98,18,62,208003.71535086632
3951,-63.25000000000003,62,1,100,100,27,62,208055.35392475128
3952,-56.70000000000001,62,1,100,98,18,62,208108.3606722355
3953,-56.70000000000001,62,1,100,98,18,62,208162.44936156273
3954,-56.70000000000001,62,1,100,98,18,62,208216.70118761063
3955,-56.70000000000001,62,1,100,98,18,62,208270.4489686489
3956,-56.70000000000001,62,1,100,98,18,62,208324.94913077354
3957,-56.70000000000001,62,1,100,98,18,62,208378.2416319847
3958,-56.70000000000001,62,1,100,98,18,62,208433.14824557304
3959,-56.70000000000001,62,1,100,98,18,62,208486.6987297535
3960,-56.70000000000001,62,1,100,98,18,62,208540.8440656662
3961,-56.70000000000001,62,1,100,98,18,62,208594.65938735008
3962,-56.70000000000001,62,1,100,98,18,62,208648.47348237038
3963,-56.70000000000001,62,1,100,98,18,62,208702.1247742176
3964,-56.70000000000001,62,1,100,98,18,62,208755.77216172218
3965,-56.70000000000001,62,1,100,98,18,62,208809.84383940697
3966,-56.70000000000001,62,1,100,98,18,62,208862.92292785645
3967,-56.70000000000001,62,1,100,98,18,62,208917.58604621887
3968,-63.050000000000004,62,1,100,97,23,62,208966.91986393929
3969,-56.70000000000001,62,1,100,98,18,62,209021.09441685677
3970,-56.70000000000001,62,1,100,98,18,62,209076.00630426407
3971,-56.70000000000001,62,1,100,98,18,62,209130.6053094864
3972,-56.70000000000001,62,1,100,98,18,62,209185.11837029457
3973,-56.70000000000001,62,1,100,98,18,62,209238.04067754745
3974,-56.70000000000001,62,1,100,98,18,62,209291.67267394066
3975,-56.70000000000001,62,1,100,98,18,62,209344.35484051704
3976,-56.70000000000001,62,1,100,98,18,62,209398.6032013893
3977,-56.70000000000001,62,1,100,98,18,62,209450.9870183468
3978,-56.70000000000001,62,1,100,98,18,62,209503.76121139526
3979,-56.70000000000001,62,1,100,98,18,62,209557.15750169754
3980,-56.70000000000001,62,1,100,98,18,62,209610.46482658386
3981,-56.70000000000001,62,1,100,98,18,62,209664.85831594467
3982,-56.70000000000001,62,1,100,98,18,62,209718.00706148148
3983,-56.70000000000001,62,1,100,98,18,62,209771.79691505432
3984,-56.70000000000001,62,1,100,98,18,62,209824.21955800056
3985,-56.70000000000001,62,1,100,98,18,62,209878.13323950768
3986,-56.70000000000001,62,1,100,98,18,62,209931.21770858765
3987,-56.70000000000001,62,1,100,98,18,62,209984.61229395866
3988,-56.70000000000001,62,1,100,98,18,62,210037.14204239845
3989,-56.70000000000001,62,1,100,98,18,62,210090.27355980873
3990,-56.70000000000001,62,1,100,98,18,62,210143.85232543945
3991,-56.70000000000001,62,1,100,98,18,62,210196.94576478004
3992,-56.70000000000001,62,1,100,98,18,62,210250.79645824432
3993,-56.70000000000001,62,1,100,98,18,62,210304.3541958332
3994,-56.70000000000001,62,1,100,98,18,62,210358.45356750488
3995,-56.70000000000001,62,1,100,98,18,62,210411.86994957924
3996,-56.70000000000001,62,1,100,98,18,62,210464.88099884987
3997,-56.70000000000001,62,1,100,98,18,62,210518.42980480194
3998,-56.70000000000001,62,1,100,98,18,62,210571.86440849304
3999,-56.70000000000001,62,1,100,98,18,62,210625.0720462799
4000,-56.70000000000001,62,1,100,98,18,62,210677.75385904312
4001,-56.70000000000001,62,1,100,98,18,62,210730.24215340614
4002,-56.70000000000001,62,1,100,98,18,62,210781.36100530624
4003,-56.70000000000001,62,1,100,98,18,62,210833.84384179115
4004,-56.70000000000001,62,1,100,98,18,62,210885.73194026947
4005,-56.70000000000001,62,1,100,98,18,62,210937.3715865612
4006,-56.70000000000001,62,1,100,98,18,62,210989.6636991501
4007,-56.70000000000001,62,1,100,98,18,62,211041.51888656616
4008,-56.70000000000001,62,1,100,98,18,62,211094.43183112144
4009,-56.70000000000001,62,1,100,98,18,62,211146.3322710991
4010,-56.70000000000001,62,1,100,98,18,62,211198.54720044136
4011,-56.70000000000001,62,1,100,98,18,62,211250.473487854
4012,-56.70000000000001,62,1,100,98,18,62,211302.78908491135
4013,-61.250000000000014,62,1,100,97,19,62,211354.8635072708
4014,-56.70000000000001,62,1,100,98,18,62,211406.4828915596
4015,-57.25000000000001,62,1,100,98,19,62,211454.6051158905
4016,-56.70000000000001,62,1,100,98,18,62,211505.7137670517
4017,-56.70000000000001,62,1,100,98,18,62,211557.93670415878
4018,-56.70000000000001,62,1,100,98,18,62,211609.5824151039
4019,-57.15000000000001,62,1,100,100,21,62,211661.7384109497
4020,-56.70000000000001,62,1,100,98,18,62,211713.66149878502
4021,-56.70000000000001,62,1,100,98,18,62,211765.47125697136
4022,-56.70000000000001,62,1,100,98,18,62,211816.82442116737
4023,-56.70000000000001,62,1,100,98,18,62,211867.89324617386
4024,-56.70000000000001,62,1,100,98,18,62,211920.97710299492
4025,-56.70000000000001,62,1,100,98,18,62,211973.00128221512
4026,-56.70000000000001,62,1,100,98,18,62,212025.5936896801
4027,-56.70000000000001,62,1,100,98,18,62,212077.118819952
4028,-56.70000000000001,62,1,100,98,18,62,212127.84499001503
4029,-56.70000000000001,62,1,100,98,18,62,212179.5411720276
4030,-56.70000000000001,62,1,100,98,18,62,212232.06868958473
4031,-56.70000000000001,62,1,100,98,18,62,212285.27938318253
4032,-56.70000000000001,62,1,100,98,18,62,212336.78090119362
4033,-56.70000000000001,62,1,100,98,18,62,212389.06758975983
4034,-56.70000000000001,62,1,100,98,18,62,212440.65002322197
4035,-56.70000000000001,62,1,100,98,18,62,212493.5404150486
4036,-56.70000000000001,62,1,100,98,18,62,212545.05563879013
4037,-56.70000000000001,62,1,100,98,18,62,212596.8706331253
4038,-56.70000000000001,62,1,100,98,18,62,212648.78407478333
4039,-56.70000000000001,62,1,100,98,18,62,212700.3046514988
4040,-56.70000000000001,62,1,100,98,18,62,212755.4536857605
4041,-63.050000000000026,62,1,100,95,23,62,212804.0640089512
4042,-56.70000000000001,62,1,100,98,18,62,212855.5902311802
4043,-61.0,62,1,100,95,24,62,212907.39656472206
4044,-56.70000000000001,62,1,100,98,18,62,212959.3837749958
4045,-56.70000000000001,62,1,100,98,18,62,213011.26896357536
4046,-56.70000000000001,62,1,100,98,18,62,213062.9498026371
4047,-56.70000000000001,62,1,100,98,18,62,213115.52080368996
4048,-56.70000000000001,62,1,100,98,18,62,213166.20034575462
4049,-56.70000000000001,62,1,100,98,18,62,213217.3071744442
4050,-56.70000000000001,62,1,100,98,18,62,213268.53430342674
4051,-56.70000000000001,62,1,100,98,18,62,213319.31574892998
4052,-56.70000000000001,62,1,100,98,18,62,213372.08762145042
4053,-56.70000000000001,62,1,100,98,18,62,213424.0980141163
4054,-61.150000000000006,62,1,100,95,21,62,213477.7243025303
4055,-56.70000000000001,62,1,100,98,18,62,213528.6197464466
4056,-56.70000000000001,62,1,100,98,18,62,213580.28591942787
4057,-56.70000000000001,62,1,100,98,18,62,213631.9874200821
4058,-56.70000000000001,62,1,100,98,18,62,213683.8299884796
4059,-56.70000000000001,62,1,100,98,18,62,213736.02324199677
4060,-56.70000000000001,62,1,100,98,18,62,213786.64885258675
4061,-56.70000000000001,62,1,100,98,18,62,213838.5991244316
4062,-61.20000000000001,62,1,100,97,20,62,213890.8898077011
4063,-61.20000000000001,62,1,100,97,20,62,213944.31943416595
4064,-61.20000000000001,62,1,100,97,20,62,213996.63370466232
4065,-61.20000000000001,62,1,100,97,20,62,214049.92615699768
4066,-57.150000000000006,62,1,100,99,21,62,214103.77415943146
4067,-61.20000000000001,62,1,100,97,20,62,214156.91287708282
4068,-61.20000000000001,62,1,100,97,20,62,214209.13250279427
4069,-58.60000000000001,62,1,100,99,20,62,214260.88057351112
4070,-61.20000000000001,62,1,100,97,20,62,214314.516654253
4071,-57.15000000000001,62,1,100,99,21,62,214367.0818386078
4072,-56.70000000000001,62,1,100,98,18,62,214420.07774853706
4073,-56.70000000000001,62,1,100,98,18,62,214471.9342970848
4074,-56.70000000000001,62,1,100,98,18,62,214523.44428563118
4075,-56.70000000000001,62,1,100,98,18,62,214575.39650726318
4076,-58.70000000000001,62,1,100,100,18,62,214630.04853200912
4077,-56.70000000000001,62,1,100,98,18,62,214681.79618382454
4078,-56.70000000000001,62,1,100,98,18,62,214732.16284012794
4079,-56.70000000000001,62,1,100,98,18,62,214784.23833227158
4080,-56.70000000000001,62,1,100,98,18,62,214835.80780434608
4081,-56.70000000000001,62,1,100,98,18,62,214887.19530034065
4082,-56.70000000000001,62,1,100,98,18,62,214938.42654561996
4083,-56.70000000000001,62,1,100,98,18,62,214988.7869503498
4084,-56.70000000000001,62,1,100,98,18,62,215041.1624443531
4085,-56.70000000000001,62,1,100,98,18,62,215092.1208641529
4086,-56.70000000000001,62,1,100,98,18,62,215144.30712747574
4087,-56.70000000000001,62,1,100,98,18,62,215195.01820087433
4088,-56.70000000000001,62,1,100,98,18,62,215246.60200834274
4089,-56.70000000000001,62,1,100,98,18,62,215298.89826321602
4090,-56.70000000000001,62,1,100,98,18,62,215349.5957891941
4091,-56.70000000000001,62,1,100,98,18,62,215400.85642123222
4092,-56.70000000000001,62,1,100,98,18,62,215451.82827162743
4093,-56.70000000000001,62,1,100,98,18,62,215504.79950237274
4094,-56.70000000000001,62,1,100,98,18,62,215556.72665262222
4095,-56.70000000000001,62,1,100,98,18,62,215608.19547057152
4096,-56.70000000000001,62,1,100,98,18,62,215659.5238006115
4097,-56.70000000000001,62,1,100,98,18,62,215711.8170170784
4098,-56.70000000000001,62,1,100,98,18,62,215764.67513537407
4099,-56.70000000000001,62,1,100,98,18,62,215815.5199098587
4100,-56.70000000000001,62,1,100,98,18,62,215868.0261414051
4101,-56.70000000000001,62,1,100,98,18,62,215919.84614610672
4102,-56.70000000000001,62,1,100,98,18,62,215971.9964570999
4103,-56.70000000000001,62,1,100,98,18,62,216022.88895392418
4104,-56.70000000000001,62,1,100,98,18,62,216074.58900094032
4105,-56.70000000000001,62,1,100,98,18,62,216126.3191897869
4106,-56.70000000000001,62,1,100,98,18,62,216177.50792574883
4107,-56.70000000000001,62,1,100,98,18,62,216229.84389710426
4108,-56.70000000000001,62,1,100,98,18,62,216281.40883374214
4109,-56.70000000000001,62,1,100,98,18,62,216334.80932211876
4110,-56.70000000000001,62,1,100,98,18,62,216389.4829466343
4111,-56.70000000000001,62,1,100,98,18,62,216442.90310883522
4112,-57.15000000000001,62,1,100,100,21,62,216497.5976076126
4113,-56.70000000000001,62,1,100,98,18,62,216551.19142746925
4114,-56.70000000000001,62,1,100,98,18,62,216604.57417941093
4115,-56.70000000000001,62,1,100,98,18,62,216656.51542258263
4116,-56.70000000000001,62,1,100,98,18,62,216709.46087002754
4117,-56.70000000000001,62,1,100,98,18,62,216761.5127773285
4118,-61.60000000000001,62,1,100,96,24,62,216811.50741004944
4119,-56.70000000000001,62,1,100,98,18,62,216862.96251773834
4120,-56.70000000000001,62,1,100,98,18,62,216914.35598611832
4121,-56.70000000000001,62,1,100,98,18,62,216966.04180955887
4122,-56.70000000000001,62,1,100,98,18,62,217017.0988497734
4123,-56.70000000000001,62,1,100,98,18,62,217069.86337041855
4124,-56.70000000000001,62,1,100,98,18,62,217121.19923114777
4125,-56.70000000000001,62,1,100,98,18,62,217174.03331923485
4126,-56.70000000000001,62,1,100,98,18,62,217226.03221416473
4127,-56.70000000000001,62,1,100,98,18,62,217278.16917920113
4128,-56.70000000000001,62,1,100,98,18,62,217329.96932649612
4129,-56.70000000000001,62,1,100,98,18,62,217381.6593375206
4130,-56.70000000000001,62,1,100,98,18,62,217433.23972773552
4131,-56.70000000000001,62,1,100,98,18,62,217484.20900416374
4132,-56.70000000000001,62,1,100,98,18,62,217536.42057991028
4133,-56.70000000000001,62,1,100,98,18,62,217589.10166502
4134,-56.70000000000001,62,1,100,98,18,62,217641.3031682968
4135,-56.70000000000001,62,1,100,98,18,62,217693.05919003487
4136,-56.70000000000001,62,1,100,98,18,62,217744.40216946602
4137,-56.70000000000001,62,1,100,98,18,62,217796.8434791565
4138,-56.70000000000001,62,1,100,98,18,62,217849.2410030365
4139,-56.70000000000001,62,1,100,98,18,62,217901.62806105614
4140,-56.70000000000001,62,1,100,98,18,62,217953.69876742363
4141,-56.70000000000001,62,1,100,98,18,62,218005.62035655975
4142,-56.70000000000001,62,1,100,98,18,62,218057.90391421318
4143,-56.70000000000001,62,1,100,98,18,62,218109.53635454178
4144,-56.70000000000001,62,1,100,98,18,62,218162.3260822296
4145,-56.70000000000001,62,1,100,98,18,62,218214.95416092873
4146,-56.70000000000001,62,1,100,98,18,62,218267.37845659256
4147,-56.70000000000001,62,1,100,98,18,62,218318.86485481262
4148,-56.70000000000001,62,1,100,98,18,62,218371.26795053482
4149,-56.70000000000001,62,1,100,98,18,62,218422.91324949265
4150,-56.70000000000001,62,1,100,98,18,62,218475.3310086727
4151,-56.70000000000001,62,1,100,98,18,62,218528.49629712105
4152,-56.70000000000001,62,1,100,98,18,62,218579.61968827248
4153,-56.70000000000001,62,1,100,98,18,62,218632.76075029373
4154,-56.70000000000001,62,1,100,98,18,62,218686.21313381195
4155,-56.70000000000001,62,1,100,98,18,62,218738.8206744194
4156,-56.70000000000001,62,1,100,98,18,62,218791.02077054977
4157,-56.70000000000001,62,1,100,98,18,62,218841.91323924065
4158,-56.70000000000001,62,1,100,98,18,62,218894.11886811256
4159,-56.70000000000001,62,1,100,98,18,62,218945.60462379456
4160,-56.70000000000001,62,1,100,98,18,62,218998.20090842247
4161,-56.70000000000001,62,1,100,98,18,62,219050.7517735958
4162,-56.70000000000001,62,1,100,98,18,62,219104.40225553513
4163,-56.70000000000001,62,1,100,98,18,62,219156.6568186283
4164,-56.70000000000001,62,1,100,98,18,62,219208.34888100624
4165,-56.70000000000001,62,1,100,98,18,62,219260.41659975052
4166,-56.70000000000001,62,1,100,98,18,62,219313.1598212719
4167,-56.70000000000001,62,1,100,98,18,62,219366.00558900833
4168,-56.70000000000001,62,1,100,98,18,62,219417.0897653103
4169,-56.70000000000001,62,1,100,98,18,62,219469.83252120018
4170,-56.70000000000001,62,1,100,98,18,62,219521.3014705181
4171,-56.70000000000001,62,1,100,98,18,62,219573.03203129768
4172,-56.70000000000001,62,1,100,98,18,62,219625.6621043682
4173,-56.70000000000001,62,1,100,98,18,62,219676.54784750938
4174,-56.70000000000001,62,1,100,98,18,62,219728.1873099804
4175,-56.70000000000001,62,1,100,98,18,62,219779.5338163376
4176,-56.70000000000001,62,1,100,98,18,62,219831.89747476578
4177,-56.70000000000001,62,1,100,98,18,62,219883.3181564808
4178,-56.70000000000001,62,1,100,98,18,62,219936.7808549404
4179,-56.70000000000001,62,1,100,98,18,62,219990.62838244438
4180,-56.70000000000001,62,1,100,98,18,62,220041.7367901802
4181,-56.70000000000001,62,1,100,98,18,62,220094.12828493118
4182,-56.70000000000001,62,1,100,98,18,62,220145.415640831
4183,-56.70000000000001,62,1,100,98,18,62,220198.6243174076
4184,-56.70000000000001,62,1,100,98,18,62,220250.23488092422
4185,-56.70000000000001,62,1,100,98,18,62,220302.66764736176
4186,-56.70000000000001,62,1,100,98,18,62,220354.83231592178
4187,-61.0,62,1,100,95,24,62,220405.48575258255
4188,-56.70000000000001,62,1,100,98,18,62,220457.56847786903
4189,-56.70000000000001,62,1,100,98,18,62,220508.87347626686
4190,-56.70000000000001,62,1,100,98,18,62,220560.48117995262
4191,-56.70000000000001,62,1,100,98,18,62,220611.71950221062
4192,-56.70000000000001,62,1,100,98,18,62,220663.83692646027
4193,-56.70000000000001,62,1,100,98,18,62,220714.9574508667
4194,-56.70000000000001,62,1,100,98,18,62,220767.60600280762
4195,-56.70000000000001,62,1,100,98,18,62,220820.1723909378
4196,-56.70000000000001,62,1,100,98,18,62,220872.15899395943
4197,-56.70000000000001,62,1,100,98,18,62,220924.27690792084
4198,-56.70000000000001,62,1,100,98,18,62,220976.38145041466
4199,-56.70000000000001,62,1,100,98,18,62,221028.66577482224
4200,-56.70000000000001,62,1,100,98,18,62,221079.70512723923
4201,-56.70000000000001,62,1,100,98,18,62,221133.1576616764
4202,-56.70000000000001,62,1,100,98,18,62,221184.19769716263
4203,-56.70000000000001,62,1,100,98,18,62,221235.92036294937
4204,-56.70000000000001,62,1,100,98,18,62,221288.3647069931
4205,-56.70000000000001,62,1,100,98,18,62,221338.79592490196
4206,-56.70000000000001,62,1,100,98,18,62,221390.92784380913
4207,-56.70000000000001,62,1,100,98,18,62,221442.84810829163
4208,-56.70000000000001,62,1,100,98,18,62,221494.43569612503
4209,-56.70000000000001,62,1,100,98,18,62,221545.528881073
4210,-56.70000000000001,62,1,100,98,18,62,221596.56721115112
4211,-56.70000000000001,62,1,100,98,18,62,221648.49728298187
4212,-56.70000000000001,62,1,100,98,18,62,221699.8650252819
4213,-56.70000000000001,62,1,100,98,18,62,221752.59049367905
4214,-56.70000000000001,62,1,100,98,18,62,221803.46640706062
4215,-56.70000000000001,62,1,100,98,18,62,221854.8711104393
4216,-56.70000000000001,62,1,100,98,18,62,221906.52511429787
4217,-56.70000000000001,62,1,100,98,18,62,221957.0667102337
4218,-56.70000000000001,62,1,100,98,18,62,222009.08956980705
4219,-56.70000000000001,62,1,100,98,18,62,222059.69584727287
4220,-56.70000000000001,62,1,100,98,18,62,222111.36893200874
4221,-56.70000000000001,62,1,100,98,18,62,222162.75745916367
4222,-56.70000000000001,62,1,100,98,18,62,222214.41514968872
4223,-56.70000000000001,62,1,100,98,18,62,222265.67302012444
4224,-56.70000000000001,62,1,100,98,18,62,222316.63566350937
4225,-56.70000000000001,62,1,100,98,18,62,222369.0753569603
4226,-56.70000000000001,62,1,100,98,18,62,222419.78254914284
4227,-56.70000000000001,62,1,100,98,18,62,222471.89146780968
4228,-56.70000000000001,62,1,100,98,18,62,222523.00152492523
4229,-56.70000000000001,62,1,100,98,18,62,222574.09655952454
4230,-56.70000000000001,62,1,100,98,18,62,222624.9999666214
4231,-56.70000000000001,62,1,100,98,18,62,222676.92010354996
4232,-56.70000000000001,62,1,100,98,18,62,222728.4654929638
4233,-56.70000000000001,62,1,100,98,18,62,222781.1063029766
4234,-56.70000000000001,62,1,100,98,18,62,222832.51879119873
4235,-56.70000000000001,62,1,100,98,18,62,222884.72602963448
4236,-56.70000000000001,62,1,100,98,18,62,222935.9255464077
4237,-56.70000000000001,62,1,100,98,18,62,222987.9516711235
4238,-56.70000000000001,62,1,100,98,18,62,223040.39737653732
4239,-56.70000000000001,62,1,100,98,18,62,223092.6954624653
4240,-56.70000000000001,62,1,100,98,18,62,223143.83256316185
4241,-56.70000000000001,62,1,100,98,18,62,223197.18859028816
4242,-56.70000000000001,62,1,100,98,18,62,223248.6618118286
4243,-56.70000000000001,62,1,100,98,18,62,223299.6848602295
4244,-56.70000000000001,62,1,100,98,18,62,223351.82275819778
4245,-56.70000000000001,62,1,100,98,18,62,223403.63828659058
4246,-56.70000000000001,62,1,100,98,18,62,223455.9565155506
4247,-56.70000000000001,62,1,100,98,18,62,223507.3943116665
4248,-56.70000000000001,62,1,100,98,18,62,223562.3030421734
4249,-56.70000000000001,62,1,100,98,18,62,223613.9614596367
4250,-56.70000000000001,62,1,100,98,18,62,223666.34043383598
4251,-56.70000000000001,62,1,100,98,18,62,223719.37822031975
4252,-56.70000000000001,62,1,100,98,18,62,223771.269179821
4253,-56.70000000000001,62,1,100,98,18,62,223824.22193789482
4254,-56.70000000000001,62,1,100,98,18,62,223875.7065193653
4255,-56.70000000000001,62,1,100,98,18,62,223927.96810030937
4256,-56.70000000000001,62,1,100,98,18,62,223978.85606646538
4257,-56.70000000000001,62,1,100,98,18,62,224032.17690825462
4258,-56.70000000000001,62,1,100,98,18,62,224084.51636505127
4259,-56.70000000000001,62,1,100,98,18,62,224136.2617149353
4260,-56.70000000000001,62,1,100,98,18,62,224188.21594524384
4261,-56.70000000000001,62,1,100,98,18,62,224239.54336309433
4262,-56.70000000000001,62,1,100,98,18,62,224291.27032017708
4263,-56.70000000000001,62,1,100,98,18,62,224342.21400141716
4264,-56.70000000000001,62,1,100,98,18,62,224393.96074032784
4265,-56.70000000000001,62,1,100,98,18,62,224445.90470337868
4266,-56.70000000000001,62,1,100,98,18,62,224497.06842660904
4267,-56.70000000000001,62,1,100,98,18,62,224548.79040455818
4268,-56.70000000000001,62,1,100,98,18,62,224599.47378230095
4269,-56.70000000000001,62,1,100,98,18,62,224651.37028121948
4270,-56.70000000000001,62,1,100,98,18,62,224702.0439004898
4271,-56.70000000000001,62,1,100,98,18,62,224754.45734095573
4272,-56.70000000000001,62,1,100,98,18,62,224806.03507328033
4273,-56.70000000000001,62,1,100,98,18,62,224857.79099059105
4274,-56.70000000000001,62,1,100,98,18,62,224909.02771615982
4275,-56.70000000000001,62,1,100,98,18,62,224960.55386924744
4276,-56.70000000000001,62,1,100,98,18,62,225012.07059192657
4277,-56.70000000000001,62,1,100,98,18,62,225062.94654130936
4278,-56.70000000000001,62,1,100,98,18,62,225115.64105296135
4279,-56.70000000000001,62,1,100,98,18,62,225167.12760949135
4280,-56.70000000000001,62,1,100,98,18,62,225218.69417142868
4281,-56.70000000000001,62,1,100,98,18,62,225270.09309840202
4282,-56.70000000000001,62,1,100,98,18,62,225321.34490203857
4283,-56.70000000000001,62,1,100,98,18,62,225373.61495471
4284,-56.70000000000001,62,1,100,98,18,62,225424.78583812714
4285,-56.70000000000001,62,1,100,98,18,62,225476.476821661
4286,-56.70000000000001,62,1,100,98,18,62,225527.35768032074
4287,-56.70000000000001,62,1,100,98,18,62,225579.15421891212
4288,-56.70000000000001,62,1,100,98,18,62,225630.54392242432
4289,-56.70000000000001,62,1,100,98,18,62,225681.7713932991
4290,-56.70000000000001,62,1,100,98,18,62,225734.50802993774
4291,-56.70000000000001,62,1,100,98,18,62,225785.9273738861
4292,-56.70000000000001,62,1,100,98,18,62,225838.17472410202
4293,-56.70000000000001,62,1,100,98,18,62,225889.40904808044
4294,-56.70000000000001,62,1,100,98,18,62,225941.57763409615
4295,-56.70000000000001,62,1,100,98,18,62,225993.52052354813
4296,-56.70000000000001,62,1,100,98,18,62,226044.96051454544
4297,-56.70000000000001,62,1,100,98,18,62,226096.71883368492
4298,-56.70000000000001,62,1,100,98,18,62,226147.79253196716
4299,-56.70000000000001,62,1,100,98,18,62,226200.3902580738
4300,-56.70000000000001,62,1,100,98,18,62,226250.85355234146
4301,-56.70000000000001,62,1,100,98,18,62,226302.92957234383
4302,-56.70000000000001,62,1,100,98,18,62,226354.19343209267
4303,-56.70000000000001,62,1,100,98,18,62,226405.93794703484
4304,-56.70000000000001,62,1,100,98,18,62,226458.46322536469
4305,-56.70000000000001,62,1,100,98,18,62,226510.43817090988
4306,-56.70000000000001,62,1,100,98,18,62,226563.50818276405
4307,-56.70000000000001,62,1,100,98,18,62,226614.3223142624
4308,-56.70000000000001,62,1,100,98,18,62,226665.3516664505
4309,-56.70000000000001,62,1,100,98,18,62,226716.5789399147
4310,-56.70000000000001,62,1,100,98,18,62,226767.7894244194
4311,-56.70000000000001,62,1,100,98,18,62,226819.1658654213
4312,-61.15,62,1,100,95,21,62,226871.07144498825
4313,-56.70000000000001,62,1,100,98,18,62,226922.72306632996
4314,-57.150000000000006,62,1,100,99,21,62,226974.72060608864
4315,-56.70000000000001,62,1,100,98,18,62,227026.84621739388
4316,-63.15000000000001,62,1,100,97,21,62,227077.6687643528
4317,-57.150000000000006,62,1,100,100,21,62,227130.0161266327
4318,-56.70000000000001,62,1,100,98,18,62,227183.57971167564
4319,-56.70000000000001,62,1,100,98,18,62,227233.827221632
4320,-56.70000000000001,62,1,100,98,18,62,227285.70557785034
4321,-56.70000000000001,62,1,100,98,18,62,227336.36492156982
4322,-56.70000000000001,62,1,100,98,18,62,227388.18225336075
4323,-56.70000000000001,62,1,100,98,18,62,227439.3042602539
4324,-56.70000000000001,62,1,100,98,18,62,227491.15035009384
4325,-56.70000000000001,62,1,100,98,18,62,227542.4964621067
4326,-56.70000000000001,62,1,100,98,18,62,227593.9048421383
4327,-56.70000000000001,62,1,100,98,18,62,227645.7727906704
4328,-56.70000000000001,62,1,100,98,18,62,227696.6246430874
4329,-56.70000000000001,62,1,100,98,18,62,227748.3437614441
4330,-56.70000000000001,62,1,100,98,18,62,227799.2521083355
4331,-56.70000000000001,62,1,100,98,18,62,227850.38122081757
4332,-56.70000000000001,62,1,100,98,18,62,227902.4800040722
4333,-56.70000000000001,62,1,100,98,18,62,227953.82012367249
4334,-56.70000000000001,62,1,100,98,18,62,228005.0501320362
4335,-56.70000000000001,62,1,100,98,18,62,228056.5405626297
4336,-56.70000000000001,62,1,100,98,18,62,228108.77501893044
4337,-56.70000000000001,62,1,100,98,18,62,228160.20748472214
4338,-56.70000000000001,62,1,100,98,18,62,228212.21211457253
4339,-56.70000000000001,62,1,100,98,18,62,228263.7805724144
4340,-56.70000000000001,62,1,100,98,18,62,228315.177795887
4341,-56.70000000000001,62,1,100,98,18,62,228367.269343853
4342,-56.70000000000001,62,1,100,98,18,62,228417.87606477737
4343,-56.70000000000001,62,1,100,98,18,62,228469.91785860062
4344,-56.70000000000001,62,1,100,98,18,62,228521.62422680855
4345,-56.70000000000001,62,1,100,98,18,62,228573.4891591072
4346,-56.70000000000001,62,1,100,98,18,62,228624.53669381142
4347,-56.70000000000001,62,1,100,98,18,62,228675.74518966675
4348,-56.70000000000001,62,1,100,98,18,62,228728.40474438667
4349,-61.750000000000014,62,1,100,97,21,62,228779.4714384079
4350,-56.70000000000001,62,1,100,98,18,62,228831.31385850906
4351,-56.70000000000001,62,1,100,98,18,62,228883.72279119492
4352,-56.70000000000001,62,1,100,98,18,62,228935.60655498505
4353,-56.70000000000001,62,1,100,98,18,62,228987.3442454338
4354,-56.70000000000001,62,1,100,98,18,62,229038.60540175438
4355,-56.70000000000001,62,1,100,98,18,62,229090.65630435944
4356,-56.70000000000001,62,1,100,98,18,62,229142.4492931366
4357,-56.70000000000001,62,1,100,98,18,62,229195.23956418037
4358,-56.70000000000001,62,1,100,98,18,62,229245.85531306267
4359,-56.70000000000001,62,1,100,98,18,62,229297.57377243042
4360,-56.70000000000001,62,1,100,98,18,62,229348.703114748
4361,-56.70000000000001,62,1,100,98,18,62,229400.8803873062
4362,-56.70000000000001,62,1,100,98,18,62,229453.28551483154
4363,-56.70000000000001,62,1,100,98,18,62,229505.19491171837
4364,-56.70000000000001,62,1,100,98,18,62,229556.60549736023
4365,-56.70000000000001,62,1,100,98,18,62,229608.2817313671
4366,-56.70000000000001,62,1,100,98,18,62,229659.54929304123
4367,-56.70000000000001,62,1,100,98,18,62,229710.593416214
4368,-56.70000000000001,62,1,100,98,18,62,229762.3456029892
4369,-56.70000000000001,62,1,100,98,18,62,229814.50389575958
4370,-56.70000000000001,62,1,100,98,18,62,229865.69405531883
4371,-56.70000000000001,62,1,100,98,18,62,229917.81376600266
4372,-56.70000000000001,62,1,100,98,18,62,229969.08034682274
4373,-56.70000000000001,62,1,100,98,18,62,230021.23251485825
4374,-56.70000000000001,62,1,100,98,18,62,230075.2885143757
4375,-56.70000000000001,62,1,100,98,18,62,230127.827845335
4376,-56.70000000000001,62,1,100,98,18,62,230179.3230161667
4377,-56.70000000000001,62,1,100,98,18,62,230230.85043787956
4378,-56.70000000000001,62,1,100,98,18,62,230283.17961668968
4379,-56.70000000000001,62,1,100,98,18,62,230334.17824459076
4380,-56.70000000000001,62,1,100,98,18,62,230386.3952190876
4381,-56.70000000000001,62,1,100,98,18,62,230438.77698421478
4382,-56.70000000000001,62,1,100,98,18,62,230490.43778419495
4383,-56.70000000000001,62,1,100,98,18,62,230542.63901758194
4384,-56.70000000000001,62,1,100,98,18,62,230593.87739562988
4385,-56.70000000000001,62,1,100,98,18,62,230645.52454829216
4386,-56.70000000000001,62,1,100,98,18,62,230696.1898407936
4387,-56.70000000000001,62,1,100,98,18,62,230750.35362792015
4388,-56.70000000000001,62,1,100,98,18,62,230802.5165772438
4389,-56.70000000000001,62,1,100,98,18,62,230854.02534604073
4390,-56.70000000000001,62,1,100,98,18,62,230906.3195295334
4391,-56.70000000000001,62,1,100,98,18,62,230958.10781931877
4392,-56.70000000000001,62,1,100,98,18,62,231009.81726956367
4393,-56.70000000000001,62,1,100,98,18,62,231060.2652680874
4394,-56.70000000000001,62,1,100,98,18,62,231111.85056447983
4395,-56.70000000000001,62,1,100,98,18,62,231163.28912258148
4396,-56.70000000000001,62,1,100,98,18,62,231214.9487555027
4397,-56.70000000000001,62,1,100,98,18,62,231266.71116113663
4398,-56.70000000000001,62,1,100,98,18,62,231318.18900036812
4399,-56.70000000000001,62,1,100,98,18,62,231370.81186652184
4400,-56.70000000000001,62,1,100,98,18,62,231422.5673508644
4401,-56.70000000000001,62,1,100,98,18,62,231475.19551444054
4402,-56.70000000000001,62,1,100,98,18,62,231525.93002462387
4403,-56.70000000000001,62,1,100,98,18,62,231577.02236890793
4404,-56.70000000000001,62,1,100,98,18,62,231628.5643749237
4405,-56.70000000000001,62,1,100,98,18,62,231680.02239060402
4406,-56.70000000000001,62,1,100,98,18,62,231732.0000488758
4407,-56.70000000000001,62,1,100,98,18,62,231783.06488656998
4408,-56.70000000000001,62,1,100,98,18,62,231836.242054224
4409,-56.70000000000001,62,1,100,98,18,62,231889.79515838623
4410,-56.70000000000001,62,1,100,98,18,62,231941.70314574242
4411,-56.70000000000001,62,1,100,98,18,62,231992.8842561245
4412,-56.70000000000001,62,1,100,98,18,62,232045.0322585106
4413,-56.70000000000001,62,1,100,98,18,62,232096.6803674698
4414,-56.70000000000001,62,1,100,98,18,62,232147.21456885338
4415,-56.70000000000001,62,1,100,98,18,62,232198.83003139496
4416,-56.70000000000001,62,1,100,98,18,62,232250.5011947155
4417,-56.70000000000001,62,1,100,98,18,62,232302.1379287243
4418,-56.70000000000001,62,1,100,98,18,62,232354.00613188744
4419,-56.70000000000001,62,1,100,98,18,62,232405.31427407265
4420,-56.70000000000001,62,1,100,98,18,62,232456.68668699265
4421,-56.70000000000001,62,1,100,98,18,62,232507.53303956985
4422,-56.70000000000001,62,1,100,98,18,62,232559.3918583393
4423,-56.70000000000001,62,1,100,98,18,62,232610.9516069889
4424,-56.70000000000001,62,1,100,98,18,62,232662.69355344772
4425,-56.70000000000001,62,1,100,98,18,62,232713.71469044685
4426,-56.70000000000001,62,1,100,98,18,62,232766.96214652061
4427,-56.70000000000001,62,1,100,98,18,62,232819.02010536194
4428,-56.70000000000001,62,1,100,98,18,62,232869.64874100685
4429,-56.70000000000001,62,1,100,98,18,62,232921.3534245491
4430,-56.70000000000001,62,1,100,98,18,62,232972.08259510994
4431,-56.70000000000001,62,1,100,98,18,62,233024.04160141945
4432,-56.70000000000001,62,1,100,98,18,62,233076.5159931183
4433,-56.70000000000001,62,1,100,98,18,62,233128.05121731758
4434,-56.70000000000001,62,1,100,98,18,62,233179.7813076973
4435,-56.70000000000001,62,1,100,98,18,62,233231.61515927315
4436,-56.70000000000001,62,1,100,98,18,62,233283.6753602028
4437,-56.70000000000001,62,1,100,98,18,62,233335.03552532196
4438,-56.70000000000001,62,1,100,98,18,62,233387.15087866783
4439,-56.70000000000001,62,1,100,98,18,62,233437.96173000336
4440,-56.70000000000001,62,1,100,98,18,62,233489.77416872978
4441,-56.70000000000001,62,1,100,98,18,62,233541.95237064362
4442,-56.70000000000001,62,1,100,98,18,62,233592.74041867256
4443,-56.70000000000001,62,1,100,98,18,62,233645.34150481224
4444,-56.70000000000001,62,1,100,98,18,62,233697.73192954063
4445,-56.70000000000001,62,1,100,98,18,62,233749.2976500988
4446,-56.70000000000001,62,1,100,98,18,62,233800.95133042336
4447,-56.70000000000001,62,1,100,98,18,62,233852.49034047127
4448,-56.70000000000001,62,1,100,98,18,62,233903.5920021534
4449,-56.70000000000001,62,1,100,98,18,62,233954.26030516624
4450,-56.70000000000001,62,1,100,98,18,62,234005.93720316887
4451,-56.70000000000001,62,1,100,98,18,62,234056.28150105476
4452,-56.70000000000001,62,1,100,98,18,62,234107.84559106827
4453,-56.70000000000001,62,1,100,98,18,62,234157.76746845245
4454,-56.70000000000001,62,1,100,98,18,62,234208.84546780586
4455,-56.70000000000001,62,1,100,98,18,62,234260.36726737022
4456,-56.70000000000001,62,1,100,98,18,62,234311.46041059494
4457,-56.70000000000001,62,1,100,98,18,62,234365.79325795174
4458,-56.70000000000001,62,1,100,98,18,62,234417.18031430244
4459,-56.70000000000001,62,1,100,98,18,62,234469.96793103218
4460,-56.70000000000001,62,1,100,98,18,62,234520.81490778923
4461,-56.70000000000001,62,1,100,98,18,62,234571.58873963356
4462,-56.70000000000001,62,1,100,98,18,62,234621.76684856415
4463,-56.70000000000001,62,1,100,98,18,62,234672.25219917297
4464,-56.70000000000001,62,1,100,98,18,62,234724.58038663864
4465,-56.70000000000001,62,1,100,98,18,62,234776.31091046333
4466,-56.70000000000001,62,1,100,98,18,62,234827.55448627472
4467,-56.70000000000001,62,1,100,98,18,62,234877.9492714405
4468,-56.70000000000001,62,1,100,98,18,62,234929.54887199402
4469,-56.70000000000001,62,1,100,98,18,62,234980.9978864193
4470,-56.70000000000001,62,1,100,98,18,62,235032.62160515785
4471,-56.70000000000001,62,1,100,98,18,62,235083.45673131943
4472,-56.70000000000001,62,1,100,98,18,62,235134.25757575035
4473,-56.70000000000001,62,1,100,98,18,62,235185.84575533867
4474,-56.70000000000001,62,1,100,98,18,62,235237.5618801117
4475,-56.70000000000001,62,1,100,98,18,62,235289.1527209282
4476,-56.70000000000001,62,1,100,98,18,62,235341.63512563705
4477,-56.70000000000001,62,1,100,98,18,62,235393.0288760662
4478,-56.70000000000001,62,1,100,98,18,62,235447.2474269867
4479,-56.70000000000001,62,1,100,98,18,62,235498.2870759964
4480,-56.70000000000001,62,1,100,98,18,62,235550.0526254177
4481,-56.70000000000001,62,1,100,98,18,62,235601.4285390377
4482,-56.70000000000001,62,1,100,98,18,62,235652.67672085762
4483,-56.70000000000001,62,1,100,98,18,62,235704.45866775513
4484,-56.70000000000001,62,1,100,98,18,62,235755.90040564537
4485,-56.70000000000001,62,1,100,98,18,62,235813.94029664993
4486,-67.15,62,1,100,97,21,62,235864.72246599197
4487,-56.70000000000001,62,1,100,98,18,62,235916.9100818634
4488,-57.250000000000014,62,1,100,98,19,62,235964.09250831604
4489,-58.40000000000001,62,1,100,100,20,62,236009.93166327477
4490,-58.40000000000001,62,1,100,100,20,62,236055.79482603073
4491,-58.40000000000001,62,1,100,100,20,62,236101.81409549713
4492,-132.1,62,1,100,15,14,62,236175.5136039257
4493,-132.0,62,1,100,18,16,62,236246.8672759533
4494,-132.1,62,1,100,15,14,62,236318.40706157684
4495,-132.1,62,1,100,15,14,62,236391.823792696
4496,-58.40000000000001,62,1,100,100,20,62,236436.52665519714
4497,-132.1,62,1,100,15,14,62,236509.47969269753
4498,-132.1,62,1,100,15,14,62,236582.81731700897
4499,-132.1,62,1,100,15,14,62,236655.3688542843
4500,-58.40000000000001,62,1,100,100,20,62,236699.51282596588
4501,-58.40000000000001,62,1,100,100,20,62,236743.9550333023
4502,-58.40000000000001,62,1,100,100,20,62,236789.47923851013
4503,-58.40000000000001,62,1,100,100,20,62,236833.68685221672
4504,-58.40000000000001,62,1,100,100,20,62,236877.6396305561
4505,-59.250000000000014,62,1,100,100,23,62,236921.79267430305
4506,-58.40000000000001,62,1,100,100,20,62,236965.56635951996
4507,-58.40000000000001,62,1,100,100,20,62,237010.60972595215
4508,-58.40000000000001,62,1,100,100,20,62,237054.75078940392
4509,-58.40000000000001,62,1,100,100,20,62,237099.62296652794
4510,-58.40000000000001,62,1,100,100,20,62,237145.45522999763
4511,-58.40000000000001,62,1,100,100,20,62,237191.1466217041
4512,-58.40000000000001,62,1,100,100,20,62,237236.47558403015
4513,-58.40000000000001,62,1,100,100,20,62,237283.30174517632
4514,-58.40000000000001,62,1,100,100,20,62,237329.15865182877
4515,-58.40000000000001,62,1,100,100,20,62,237374.00697040558
4516,-58.40000000000001,62,1,100,100,20,62,237417.95236968994
4517,-58.40000000000001,62,1,100,100,20,62,237462.5031812191
4518,-58.40000000000001,62,1,100,100,20,62,237507.66676688194
4519,-132.1,62,1,100,15,14,62,237580.18029427528
4520,-58.40000000000001,62,1,100,100,20,62,237625.2180416584
4521,-58.40000000000001,62,1,100,100,20,62,237669.52309465408
4522,-58.40000000000001,62,1,100,100,20,62,237713.9992134571
4523,-58.40000000000001,62,1,100,100,20,62,237758.60545134544
4524,-58.40000000000001,62,1,100,100,20,62,237803.30176591873
4525,-58.40000000000001,62,1,100,100,20,62,237848.65297055244
4526,-58.40000000000001,62,1,100,100,20,62,237892.68013215065
4527,-58.40000000000001,62,1,100,100,20,62,237938.75934386253
4528,-58.40000000000001,62,1,100,100,20,62,237985.76165628433
4529,-58.40000000000001,62,1,100,100,20,62,238030.18077921867
4530,-58.40000000000001,62,1,100,100,20,62,238074.67847657204
4531,-58.40000000000001,62,1,100,100,20,62,238118.18231153488
4532,-61.70000000000002,62,1,100,99,22,62,238162.54784989357
4533,-58.40000000000001,62,1,100,100,20,62,238207.60824608803
4534,-58.40000000000001,62,1,100,100,20,62,238251.6451842785
4535,-58.40000000000001,62,1,100,100,20,62,238296.2739317417
4536,-58.40000000000001,62,1,100,100,20,62,238340.8786289692
4537,-58.40000000000001,62,1,100,100,20,62,238385.26620841026
4538,-58.40000000000001,62,1,100,100,20,62,238429.87897109985
4539,-58.40000000000001,62,1,100,100,20,62,238474.63329815865
4540,-141.2,62,1,100,5,8,62,238550.31915545464
4541,-79.74999999999999,62,1,100,100,21,62,238595.8184118271
4542,-72.7,62,1,100,100,26,62,238639.93179488182
4543,-79.74999999999999,62,1,100,100,21,62,238685.7931523323
4544,-79.74999999999999,62,1,100,100,21,62,238731.15472984314
4545,-79.74999999999999,62,1,100,100,21,62,238778.09002661705
4546,-75.94999999999999,62,1,100,93,21,62,238823.0100440979
4547,-71.1,62,1,100,97,22,62,238865.88813471794
4548,-58.40000000000001,62,1,100,100,20,62,238910.42631745338
4549,-58.40000000000001,62,1,100,100,20,62,238954.49866318703
4550,-58.40000000000001,62,1,100,100,20,62,238998.9280731678
4551,-58.40000000000001,62,1,100,100,20,62,239043.570663929
4552,-58.40000000000001,62,1,100,100,20,62,239088.6721754074
4553,-58.40000000000001,62,1,100,100,20,62,239133.34910559654
4554,-58.40000000000001,62,1,100,100,20,62,239177.31672215462
4555,-58.40000000000001,62,1,100,100,20,62,239221.08299684525
4556,-58.40000000000001,62,1,100,100,20,62,239266.46890306473
4557,-58.40000000000001,62,1,100,100,20,62,239310.73626089096
4558,-58.40000000000001,62,1,100,100,20,62,239354.50870370865
4559,-58.40000000000001,62,1,100,100,20,62,239399.8728208542
4560,-58.40000000000001,62,1,100,100,20,62,239443.59711432457
4561,-58.40000000000001,62,1,100,100,20,62,239488.21109747887
4562,-58.40000000000001,62,1,100,100,20,62,239532.76046681404
4563,-58.40000000000001,62,1,100,100,20,62,239576.3785059452
4564,-58.40000000000001,62,1,100,100,20,62,239621.9333076477
4565,-58.40000000000001,62,1,100,100,20,62,239666.06170797348
4566,-58.40000000000001,62,1,100,100,20,62,239709.28262472153
4567,-58.40000000000001,62,1,100,100,20,62,239754.2186677456
4568,-58.40000000000001,62,1,100,100,20,62,239798.76571846008
4569,-58.40000000000001,62,1,100,100,20,62,239843.83958745003
4570,-58.40000000000001,62,1,100,100,20,62,239888.1074860096
4571,-68.35,62,1,100,100,25,62,239931.9423699379
4572,-63.85000000000001,62,1,100,99,27,62,239973.90947318077
4573,-58.85000000000001,62,1,100,100,11,62,240013.28738689423
4574,-58.25000000000003,62,1,100,100,23,62,240054.51569771767
4575,-65.50000000000003,62,1,100,97,26,62,240097.71874284744
4576,-64.2,62,1,100,98,24,62,240143.57343530655
4577,-66.7,62,1,100,96,22,62,240187.03446006775
4578,-58.40000000000001,62,1,100,100,20,62,240232.43967032433
4579,-58.40000000000001,62,1,100,100,20,62,240276.3902041912
4580,-58.40000000000001,62,1,100,100,20,62,240320.81507015228
4581,-58.40000000000001,62,1,100,100,20,62,240365.44230747223
4582,-58.40000000000001,62,1,100,100,20,62,240409.87908053398
4583,-141.2,62,1,100,5,8,62,240488.15092682838
4584,-58.40000000000001,62,1,100,100,20,62,240532.1403415203
4585,-58.40000000000001,62,1,100,100,20,62,240576.45744395256
4586,-58.40000000000001,62,1,100,100,20,62,240621.37171149254
4587,-58.40000000000001,62,1,100,100,20,62,240666.05856275558
4588,-58.40000000000001,62,1,100,100,20,62,240711.03290057182
4589,-58.40000000000001,62,1,100,100,20,62,240755.67065238953
4590,-58.40000000000001,62,1,100,100,20,62,240798.84297704697
4591,-58.40000000000001,62,1,100,100,20,62,240844.48663187027
4592,-58.40000000000001,62,1,100,100,20,62,240888.48367643356
4593,-58.40000000000001,62,1,100,100,20,62,240932.66270565987
4594,-58.40000000000001,62,1,100,100,20,62,240976.3246281147
4595,-58.40000000000001,62,1,100,100,20,62,241019.71639800072
4596,-61.7,62,1,100,99,22,62,241063.1398911476
4597,-58.30000000000001,62,1,100,99,22,62,241107.58692741394
4598,-58.400000000000006,62,1,100,100,20,62,241152.66567206383
4599,-58.40000000000001,62,1,100,100,20,62,241198.63706183434
4600,-58.40000000000001,62,1,100,100,20,62,241243.05295300484
4601,-62.900000000000006,62,1,100,98,22,62,241288.9444937706
4602,-58.300000000000004,62,1,100,99,22,62,241337.8561551571
4603,-58.45000000000001,62,1,100,100,19,62,241385.84092354774
4604,-58.500000000000014,62,1,100,100,18,62,241438.15597438812
4605,-58.45000000000001,62,1,100,100,19,62,241487.24892926216
4606,-58.45000000000001,62,1,100,100,19,62,241538.00024318695
4607,-58.500000000000014,62,1,100,100,18,62,241590.08606624603
4608,-58.500000000000014,62,1,100,100,18,62,241640.91141581535
4609,-63.000000000000014,62,1,100,97,20,62,241694.3299422264
4610,-58.40000000000001,62,1,100,99,20,62,241745.2666285038
4611,-58.500000000000014,62,1,100,100,18,62,241797.0118083954
4612,-58.500000000000014,62,1,100,100,18,62,241846.91845083237
4613,-58.500000000000014,62,1,100,100,18,62,241898.0590543747
4614,-58.45000000000001,62,1,100,100,19,62,241947.08676052094
4615,-123.5,62,1,100,25,10,62,242016.00719976425
4616,-58.45000000000001,62,1,100,100,19,62,242064.86121368408
4617,-58.300000000000004,62,1,100,100,22,62,242112.76993608475
4618,-58.300000000000004,62,1,100,100,22,62,242158.91338324547
4619,-58.500000000000014,62,1,100,100,18,62,242209.72742414474
4620,-58.45000000000001,62,1,100,100,19,62,242259.1274037361
4621,-58.35000000000001,62,1,100,100,21,62,242308.71481776237
4622,-58.45000000000001,62,1,100,100,19,62,242354.3916437626
4623,-58.45000000000001,62,1,100,100,19,62,242405.4302625656
4624,-58.400000000000006,62,1,100,100,20,62,242450.68902373314
4625,-58.45000000000001,62,1,100,100,19,62,242499.84280133247
4626,-58.500000000000014,62,1,100,100,18,62,242550.20301747322
4627,-58.500000000000014,62,1,100,100,18,62,242600.4242298603
4628,-58.500000000000014,62,1,100,100,18,62,242652.27500534058
4629,-58.500000000000014,62,1,100,100,18,62,242703.4323477745
4630,-58.500000000000014,62,1,100,100,18,62,242754.98191547394
4631,-58.500000000000014,62,1,100,100,18,62,242806.21324181557
4632,-58.500000000000014,62,1,100,100,18,62,242857.01314926147
4633,-58.500000000000014,62,1,100,100,18,62,242907.69927811623
4634,-58.500000000000014,62,1,100,100,18,62,242957.75994873047
4635,-58.35000000000001,62,1,100,100,21,62,243007.61112833023
4636,-58.500000000000014,62,1,100,100,18,62,243058.41402459145
4637,-58.500000000000014,62,1,100,100,18,62,243109.69557785988
4638,-58.500000000000014,62,1,100,100,18,62,243159.34079265594
4639,-58.500000000000014,62,1,100,100,18,62,243209.56226348877
4640,-58.500000000000014,62,1,100,100,18,62,243261.24267816544
4641,-58.500000000000014,62,1,100,100,18,62,243312.0173213482
4642,-58.500000000000014,62,1,100,100,18,62,243362.47475671768
4643,-58.500000000000014,62,1,100,100,18,62,243412.8395652771
4644,-58.20000000000003,62,1,100,100,24,62,243454.78910160065
4645,-58.300000000000004,62,1,100,100,22,62,243503.39216184616
4646,-58.500000000000014,62,1,100,100,18,62,243554.86592245102
4647,-58.35000000000001,62,1,100,100,21,62,243603.77815508842
4648,-58.500000000000014,62,1,100,100,18,62,243654.59024047852
4649,-58.500000000000014,62,1,100,100,18,62,243706.40211749077
4650,-58.500000000000014,62,1,100,100,18,62,243757.53061056137
4651,-78.90000000000002,62,1,100,75,22,62,243812.56052684784
4652,-58.500000000000014,62,1,100,100,18,62,243863.61497092247
4653,-58.45000000000001,62,1,100,99,19,62,243912.64588189125
4654,-58.500000000000014,62,1,100,100,18,62,243964.32065963745
4655,-58.500000000000014,62,1,100,100,18,62,244016.07982444763
4656,-58.500000000000014,62,1,100,100,18,62,244068.47161912918
4657,-58.500000000000014,62,1,100,100,18,62,244119.44711351395
4658,-58.500000000000014,62,1,100,100,18,62,244169.6707522869
4659,-58.40000000000002,62,1,100,99,20,62,244220.65701031685
4660,-58.500000000000014,62,1,100,100,18,62,244271.17189240456
4661,-58.500000000000014,62,1,100,100,18,62,244322.85845136642
4662,-58.500000000000014,62,1,100,100,18,62,244373.5433139801
4663,-58.500000000000014,62,1,100,100,18,62,244424.34874677658
4664,-58.500000000000014,62,1,100,100,18,62,244475.5284922123
4665,-58.500000000000014,62,1,100,100,18,62,244527.06074142456
4666,-58.500000000000014,62,1,100,100,18,62,244578.3715903759
4667,-58.500000000000014,62,1,100,100,18,62,244629.91821575165
4668,-58.500000000000014,62,1,100,100,18,62,244681.18791246414
4669,-58.500000000000014,62,1,100,100,18,62,244732.11577868462
4670,-58.500000000000014,62,1,100,100,18,62,244783.6031446457
4671,-58.40000000000002,62,1,100,99,20,62,244834.69447231293
4672,-58.500000000000014,62,1,100,100,18,62,244885.40322899818
4673,-58.45000000000001,62,1,100,100,19,62,244940.71624207497
4674,-58.45000000000001,62,1,100,100,19,62,244993.05487442017
4675,-58.500000000000014,62,1,100,100,18,62,245045.30502057076
4676,-58.500000000000014,62,1,100,100,18,62,245095.35738515854
4677,-58.45000000000001,62,1,100,100,19,62,245149.73501062393
4678,-58.500000000000014,62,1,100,100,18,62,245200.0993323326
4679,-58.45000000000001,62,1,100,100,19,62,245252.60820436478
4680,-58.45000000000001,62,1,100,100,19,62,245305.37722039223
4681,-58.500000000000014,62,1,100,100,18,62,245355.70594382286
4682,-58.500000000000014,62,1,100,100,18,62,245406.93216729164
4683,-58.500000000000014,62,1,100,100,18,62,245458.18589949608
4684,-58.500000000000014,62,1,100,100,18,62,245509.85785484314
4685,-58.500000000000014,62,1,100,100,18,62,245561.12577533722
4686,-58.45000000000001,62,1,100,100,19,62,245611.8638806343
4687,-58.400000000000006,62,1,100,100,20,62,245658.0126516819
4688,-58.40000000000001,62,1,100,100,20,62,245701.42483258247
4689,-58.40000000000001,62,1,100,100,20,62,245745.61523914337
4690,-58.45000000000001,62,1,100,100,19,62,245792.56533241272
4691,-58.40000000000001,62,1,100,100,20,62,245835.56645441055
4692,-58.40000000000001,62,1,100,100,20,62,245879.03755664825
4693,-58.40000000000001,62,1,100,100,20,62,245922.58065462112
4694,-58.25,62,1,100,100,23,62,245964.782630682
4695,-58.40000000000001,62,1,100,100,20,62,246008.2569861412
4696,-58.40000000000001,62,1,100,100,20,62,246051.77692174911
4697,-58.40000000000001,62,1,100,100,20,62,246095.46960783005
4698,-58.40000000000001,62,1,100,100,20,62,246140.0239531994
4699,-58.40000000000001,62,1,100,100,20,62,246183.43723893166
4700,-58.40000000000001,62,1,100,99,20,62,246225.51954078674
4701,-58.40000000000001,62,1,100,100,20,62,246270.5219731331
4702,-58.40000000000001,62,1,100,100,20,62,246313.39224743843
4703,-58.400000000000006,62,1,100,100,20,62,246362.37083649635
4704,-58.400000000000006,62,1,100,100,20,62,246405.91283464432
4705,-58.400000000000006,62,1,100,100,20,62,246452.43598031998
4706,-58.45000000000001,62,1,100,100,19,62,246499.6910276413
4707,-58.400000000000006,62,1,100,100,20,62,246545.22419142723
4708,-58.45000000000001,62,1,100,100,19,62,246592.79941010475
4709,-58.400000000000006,62,1,100,100,20,62,246637.3258934021
4710,-58.45000000000001,62,1,100,100,19,62,246686.38999772072
4711,-58.500000000000014,62,1,100,100,18,62,246738.8406267166
4712,-58.500000000000014,62,1,100,100,18,62,246789.3073925972
4713,-58.45000000000001,62,1,100,100,19,62,246836.95150208473
4714,-58.500000000000014,62,1,100,100,18,62,246887.80532598495
4715,-58.500000000000014,62,1,100,100,18,62,246938.7567307949
4716,-58.500000000000014,62,1,100,100,18,62,246990.87479019165
4717,-58.500000000000014,62,1,100,100,18,62,247041.0021493435
4718,-58.500000000000014,62,1,100,100,18,62,247091.91329169273
4719,-58.500000000000014,62,1,100,100,18,62,247143.14405345917
4720,-58.500000000000014,62,1,100,100,18,62,247194.29887485504
4721,-58.500000000000014,62,1,100,100,18,62,247244.54476714134
4722,-58.500000000000014,62,1,100,100,18,62,247295.60109686852
4723,-58.500000000000014,62,1,100,100,18,62,247348.49614977837
4724,-58.500000000000014,62,1,100,100,18,62,247400.31129050255
4725,-58.500000000000014,62,1,100,100,18,62,247451.3995308876
4726,-58.500000000000014,62,1,100,100,18,62,247503.2208685875
4727,-58.500000000000014,62,1,100,100,18,62,247555.02689528465
4728,-58.500000000000014,62,1,100,100,18,62,247606.63054537773
4729,-58.500000000000014,62,1,100,100,18,62,247658.19234132767
4730,-58.500000000000014,62,1,100,100,18,62,247709.81104660034
4731,-58.500000000000014,62,1,100,100,18,62,247761.86778187752
4732,-58.500000000000014,62,1,100,100,18,62,247813.17167544365
4733,-58.500000000000014,62,1,100,100,18,62,247865.04690122604
4734,-58.500000000000014,62,1,100,100,18,62,247916.82736992836
4735,-58.45000000000001,62,1,100,100,19,62,247965.90316987038
4736,-58.500000000000014,62,1,100,100,18,62,248015.99042630196
4737,-58.45000000000001,62,1,100,100,19,62,248065.4564898014
4738,-58.500000000000014,62,1,100,100,18,62,248116.2694747448
4739,-58.500000000000014,62,1,100,100,18,62,248167.77059817314
4740,-58.500000000000014,62,1,100,100,18,62,248218.5131201744
4741,-58.40000000000002,62,1,100,99,20,62,248269.34162020683
4742,-58.500000000000014,62,1,100,100,18,62,248321.898280859
4743,-58.500000000000014,62,1,100,100,18,62,248374.41799163818
4744,-58.500000000000014,62,1,100,100,18,62,248426.7647678852
4745,-58.500000000000014,62,1,100,100,18,62,248477.58349752426
4746,-58.500000000000014,62,1,100,100,18,62,248528.49819517136
4747,-58.45000000000001,62,1,100,100,19,62,248578.94156432152
4748,-58.500000000000014,62,1,100,100,18,62,248630.65423750877
4749,-58.500000000000014,62,1,100,100,18,62,248680.83486008644
4750,-58.500000000000014,62,1,100,100,18,62,248733.50329184532
4751,-58.500000000000014,62,1,100,100,18,62,248787.66621375084
4752,-58.45000000000001,62,1,100,100,19,62,248836.24085903168
4753,-58.45000000000001,62,1,100,100,19,62,248886.58996009827
4754,-58.45000000000001,62,1,100,100,19,62,248937.40957283974
4755,-58.500000000000014,62,1,100,100,18,62,248988.61917877197
4756,-58.500000000000014,62,1,100,100,18,62,249040.4703285694
4757,-58.45000000000001,62,1,100,100,19,62,249090.83768081665
4758,-58.40000000000001,62,1,100,99,20,62,249142.89091420174
4759,-58.45000000000001,62,1,100,100,19,62,249193.23137521744
4760,-58.40000000000001,62,1,100,100,20,62,249239.67140984535
4761,-58.40000000000001,62,1,100,100,20,62,249283.8968193531
4762,-58.40000000000001,62,1,100,100,20,62,249328.21581673622
4763,-58.40000000000001,62,1,100,100,20,62,249375.3391931057
4764,-58.40000000000001,62,1,100,100,20,62,249419.55034160614
4765,-58.25000000000001,62,1,100,100,23,62,249463.0448141098
4766,-58.40000000000001,62,1,100,100,20,62,249507.6188929081
4767,-58.40000000000001,62,1,100,100,20,62,249552.89648413658
4768,-58.40000000000001,62,1,100,100,20,62,249599.11322331429
4769,-58.40000000000001,62,1,100,100,20,62,249643.27069306374
4770,-58.40000000000001,62,1,100,100,20,62,249687.48476362228
4771,-58.40000000000001,62,1,100,100,20,62,249731.71542406082
4772,-58.40000000000001,62,1,100,100,20,62,249777.20475578308
4773,-58.25000000000001,62,1,100,100,23,62,249821.19392609596
4774,-58.40000000000001,62,1,100,100,20,62,249867.24488520622
4775,-59.25000000000001,62,1,100,100,23,62,249910.96877741814
4776,-58.40000000000001,62,1,100,100,20,62,249954.75550675392
4777,-58.40000000000001,62,1,100,100,20,62,249997.55876660347
4778,-58.40000000000001,62,1,100,100,20,62,250040.95744466782
4779,-58.25,62,1,100,100,23,62,250083.86513710022
4780,-58.40000000000001,62,1,100,100,20,62,250127.35373330116
4781,-58.40000000000001,62,1,100,100,20,62,250174.69203042984
4782,-58.45000000000002,62,1,100,100,19,62,250214.57414841652
4783,-58.25000000000001,62,1,100,100,23,62,250258.1314818859
4784,-58.40000000000001,62,1,100,100,20,62,250302.79170060158
4785,-58.400000000000006,62,1,100,100,20,62,250348.52503108978
4786,-58.40000000000001,62,1,100,100,20,62,250393.9198758602
4787,-58.40000000000001,62,1,100,100,20,62,250437.44376778603
4788,-58.25000000000001,62,1,100,100,23,62,250479.2561197281
4789,-58.35000000000001,62,1,100,100,21,62,250522.52280974388
4790,-58.25,62,1,100,100,23,62,250566.93325686455
4791,-58.40000000000001,62,1,100,100,20,62,250609.05131316185
4792,-58.500000000000014,62,1,100,100,18,62,250650.61531972885
4793,-64.35000000000002,62,1,100,97,21,62,250693.91822719574
4794,-58.70000000000002,62,1,100,100,14,62,250734.1023426056
4795,-58.600000000000016,62,1,100,100,16,62,250775.076867342
4796,-68.6,62,1,100,98,20,62,250814.86501026154
4797,-68.85,62,1,100,98,15,62,250853.76539993286
4798,-73.55000000000001,62,1,100,93,21,62,250893.28790068626
4799,-83.5,62,1,100,96,18,62,250934.1182129383
4800,-70.34999999999998,62,1,100,99,25,62,250976.14693784714
4801,-69.30000000000001,62,1,100,99,26,62,251019.0549864769
4802,-74.49999999999999,62,1,100,96,22,62,251059.8483839035
4803,-58.250000000000036,62,1,100,100,23,62,251100.31325888634
4804,-58.500000000000014,62,1,100,100,18,62,251142.92851495743
4805,-58.35,62,1,100,100,21,62,251186.98071479797
4806,-58.55000000000002,62,1,100,100,17,62,251226.32362222672
4807,-58.40000000000001,62,1,100,100,20,62,251270.2437634468
4808,-58.40000000000001,62,1,100,100,20,62,251312.90120959282
4809,-58.40000000000001,62,1,100,100,20,62,251354.8837814331
4810,-58.40000000000001,62,1,100,100,20,62,251400.55306839943
4811,-58.40000000000001,62,1,100,100,20,62,251445.7184524536
4812,-58.40000000000001,62,1,100,100,20,62,251490.62735271454
4813,-58.40000000000001,62,1,100,100,20,62,251536.02407717705
4814,-58.500000000000014,62,1,100,100,18,62,251576.86867046356
4815,-58.500000000000014,62,1,100,100,18,62,251618.75352478027
4816,-58.40000000000001,62,1,100,100,20,62,251664.80903434753
4817,-58.35000000000001,62,1,100,99,21,62,251706.98800683022
4818,-63.30000000000001,62,1,100,96,22,62,251752.87146997452
4819,-62.20000000000002,62,1,100,96,24,62,251798.3751358986
4820,-83.2,62,1,100,96,24,62,251838.32342624664
4821,-82.35000000000001,62,1,100,83,21,62,251879.93026447296
4822,-73.29999999999998,62,1,100,96,18,62,251917.4632472992
4823,-77.89999999999999,62,1,100,88,22,62,251958.46548843384
4824,-58.40000000000001,62,1,100,100,20,62,252005.85332083702
4825,-58.350000000000016,62,1,100,100,21,62,252052.12555766106
4826,-62.40000000000001,62,1,100,95,20,62,252108.18046665192
4827,-95.55,62,1,100,96,21,62,252158.34815835953
4828,-83.44999999999999,62,1,100,96,19,62,252198.73949027061
4829,-58.45,62,1,100,100,19,62,252241.52703118324
4830,-61.750000000000014,62,1,100,96,21,62,252292.7790696621
4831,-61.75,62,1,100,96,21,62,252346.98666000366
4832,-61.750000000000014,62,1,100,97,21,62,252397.59545254707
4833,-61.75000000000001,62,1,100,97,21,62,252450.1722445488
4834,-56.70000000000001,62,1,100,98,18,62,252505.30889582634
4835,-57.150000000000006,62,1,100,99,21,62,252559.9771513939
4836,-56.70000000000001,62,1,100,98,18,62,252614.2784702778
4837,-63.15000000000001,62,1,100,97,21,62,252668.37704968452
4838,-62.35000000000001,62,1,100,96,21,62,252726.83887696266
4839,-61.15000000000001,62,1,100,95,21,62,252780.82040572166
4840,-69.35000000000001,62,1,100,100,21,62,252837.22709822655
4841,-56.70000000000001,62,1,100,98,18,62,252891.5768623352
4842,-56.70000000000001,62,1,100,98,18,62,252945.43017935753
4843,-56.70000000000001,62,1,100,98,18,62,253000.08651137352
4844,-56.70000000000001,62,1,100,98,18,62,253055.87979531288
4845,-56.70000000000001,62,1,100,98,18,62,253110.85228776932
4846,-56.70000000000001,62,1,100,98,18,62,253166.97653317451
4847,-61.250000000000014,62,1,100,96,19,62,253222.25166773796
4848,-56.70000000000001,62,1,100,98,18,62,253281.79722929
4849,-61.850000000000016,62,1,100,97,19,62,253333.19190979004
4850,-61.750000000000014,62,1,100,95,21,62,253385.11562299728
4851,-56.70000000000001,62,1,100,98,18,62,253441.40792179108
4852,-57.6,62,1,100,98,24,62,253489.04454183578
4853,-62.35000000000001,62,1,100,97,21,62,253536.56035256386
4854,-61.750000000000014,62,1,100,95,21,62,253588.27611923218
4855,-61.250000000000014,62,1,100,97,19,62,253641.05001544952
4856,-56.70000000000001,62,1,100,98,18,62,253696.5377457142
4857,-56.70000000000001,62,1,100,98,18,62,253751.54358577728
4858,-56.70000000000001,62,1,100,98,18,62,253805.02559685707
4859,-56.70000000000001,62,1,100,98,18,62,253859.84365439415
4860,-56.70000000000001,62,1,100,98,18,62,253914.43987298012
4861,-61.15000000000001,62,1,100,95,21,62,253969.5755109787
4862,-56.70000000000001,62,1,100,98,18,62,254024.78579115868
4863,-56.70000000000001,62,1,100,98,18,62,254082.3930928707
4864,-56.70000000000001,62,1,100,98,18,62,254137.26023936272
4865,-61.0,62,1,100,95,24,62,254193.85424399376
4866,-61.250000000000014,62,1,100,97,19,62,254248.2567501068
4867,-63.30000000000001,62,1,100,95,18,62,254303.78879594803
4868,-61.20000000000001,62,1,100,96,20,62,254356.70210576057
4869,-56.70000000000001,62,1,100,98,18,62,254412.74905586243
4870,-56.70000000000001,62,1,100,98,18,62,254467.96931242943
4871,-61.60000000000002,62,1,100,97,24,62,254519.00481510162
4872,-56.70000000000001,62,1,100,98,18,62,254572.2811214924
4873,-56.70000000000001,62,1,100,98,18,62,254627.4304637909
4874,-56.70000000000001,62,1,100,98,18,62,254680.95717406273
4875,-56.70000000000001,62,1,100,98,18,62,254735.55112838745
4876,-56.70000000000001,62,1,100,98,18,62,254788.76539301872
4877,-56.70000000000001,62,1,100,98,18,62,254841.5172533989
4878,-56.70000000000001,62,1,100,98,18,62,254896.00325775146
4879,-56.70000000000001,62,1,100,98,18,62,254949.46742510796
4880,-61.15000000000001,62,1,100,97,21,62,255003.7350614071
4881,-61.0,62,1,100,95,24,62,255055.26614141464
4882,-56.70000000000001,62,1,100,98,18,62,255108.94568777084
4883,-56.70000000000001,62,1,100,98,18,62,255162.05206751823
4884,-56.70000000000001,62,1,100,98,18,62,255215.52952170372
4885,-56.70000000000001,62,1,100,98,18,62,255269.0672864914
4886,-56.70000000000001,62,1,100,98,18,62,255323.07309770584
4887,-56.70000000000001,62,1,100,98,18,62,255375.57711839676
4888,-61.6,62,1,100,97,24,62,255431.51633429527
4889,-56.70000000000001,62,1,100,98,18,62,255494.19815444946
4890,-56.70000000000001,62,1,100,98,18,62,255555.49184274673
4891,-56.70000000000001,62,1,100,98,18,62,255616.56006002426
4892,-56.70000000000001,62,1,100,98,18,62,255677.41127109528
4893,-56.70000000000001,62,1,100,98,18,62,255737.25357580185
4894,-56.70000000000001,62,1,100,98,18,62,255797.3270151615
4895,-56.70000000000001,62,1,100,98,18,62,255861.11347532272
4896,-56.70000000000001,62,1,100,98,18,62,255924.23006010056
4897,-61.15000000000001,62,1,100,97,21,62,255990.01658988
4898,-56.70000000000001,62,1,100,98,18,62,256050.45115828514
4899,-56.70000000000001,62,1,100,98,18,62,256110.9444580078
4900,-57.750000000000014,62,1,100,99,21,62,256174.3443570137
4901,-56.70000000000001,62,1,100,98,18,62,256239.4187939167
4902,-62.300000000000026,62,1,100,95,22,62,256293.69744706154
4903,-57.15000000000001,62,1,100,99,21,62,256356.88007497787
4904,-61.0,62,1,100,95,24,62,256418.0874569416
4905,-56.70000000000001,62,1,100,98,18,62,256478.8083498478
4906,-56.70000000000001,62,1,100,98,18,62,256541.03609395027
4907,-56.70000000000001,62,1,100,98,18,62,256604.749686718
4908,-56.70000000000001,62,1,100,98,18,62,256670.84768295288
4909,-56.70000000000001,62,1,100,98,18,62,256732.01825141907
4910,-56.70000000000001,62,1,100,98,18,62,256791.2392396927
4911,-56.70000000000001,62,1,100,98,18,62,256852.23298048973
4912,-56.70000000000001,62,1,100,98,18,62,256912.40556406975
4913,-56.70000000000001,62,1,100,98,18,62,256972.4190955162
4914,-61.15000000000001,62,1,100,97,21,62,257035.71149206161
4915,-56.70000000000001,62,1,100,98,18,62,257093.00759029388
4916,-56.70000000000001,62,1,100,98,18,62,257150.48119854927
4917,-56.70000000000001,62,1,100,98,18,62,257211.8124217987
4918,-56.70000000000001,62,1,100,98,18,62,257269.29822444916
4919,-61.15000000000001,62,1,100,97,21,62,257329.43313384056
4920,-56.70000000000001,62,1,100,98,18,62,257389.90397834778
4921,-56.70000000000001,62,1,100,98,18,62,257451.07373809814
4922,-61.0,62,1,100,95,24,62,257512.11043834686
4923,-56.70000000000001,62,1,100,98,18,62,257569.59155893326
4924,-56.70000000000001,62,1,100,98,18,62,257631.63050174713
4925,-56.70000000000001,62,1,100,98,18,62,257689.71544384956
4926,-56.70000000000001,62,1,100,98,18,62,257746.96503424644
4927,-56.70000000000001,62,1,100,98,18,62,257804.00875997543
4928,-56.70000000000001,62,1,100,98,18,62,257864.66682052612
4929,-56.70000000000001,62,1,100,98,18,62,257922.78533267975
4930,-56.70000000000001,62,1,100,98,18,62,257983.88589429855
4931,-61.15000000000001,62,1,100,95,21,62,258049.38689661026
4932,-61.250000000000014,62,1,100,96,19,62,258106.61969971657
4933,-56.70000000000001,62,1,100,98,18,62,258163.7490592003
4934,-56.70000000000001,62,1,100,98,18,62,258227.29743814468
4935,-56.70000000000001,62,1,100,98,18,62,258291.42559027672
4936,-56.70000000000001,62,1,100,98,18,62,258351.2921218872
4937,-56.70000000000001,62,1,100,98,18,62,258409.09781646729
4938,-56.70000000000001,62,1,100,98,18,62,258470.62475013733
4939,-61.600000000000016,62,1,100,95,24,62,258537.97450709343
4940,-57.150000000000006,62,1,100,98,21,62,258606.62871718407
4941,-56.70000000000001,62,1,100,98,18,62,258690.70780014992
4942,-56.70000000000001,62,1,100,98,18,62,258765.02803993225
4943,-63.050000000000026,62,1,100,95,23,62,258854.58296895027
4944,-56.70000000000001,62,1,100,98,18,62,258936.96234083176
4945,-56.70000000000001,62,1,100,98,18,62,259014.01039791107
4946,-56.70000000000001,62,1,100,98,18,62,259090.71464681625
4947,-56.70000000000001,62,1,100,98,18,62,259163.19856119156
4948,-56.70000000000001,62,1,100,98,18,62,259240.79250454903
4949,-56.70000000000001,62,1,100,98,18,62,259323.33879184723
4950,-56.70000000000001,62,1,100,98,18,62,259398.39694571495
4951,-56.70000000000001,62,1,100,98,18,62,259474.99116063118
4952,-56.70000000000001,62,1,100,98,18,62,259553.60626626015
4953,-56.70000000000001,62,1,100,98,18,62,259632.73249816895
4954,-56.70000000000001,62,1,100,98,18,62,259707.02625632286
4955,-56.70000000000001,62,1,100,98,18,62,259780.36135435104
4956,-56.70000000000001,62,1,100,98,18,62,259853.89581918716
4957,-56.70000000000001,62,1,100,98,18,62,259928.33394527435
4958,-56.70000000000001,62,1,100,98,18,62,260013.06413698196
4959,-56.70000000000001,62,1,100,98,18,62,260090.2404112816
4960,-56.70000000000001,62,1,100,98,18,62,260164.00598049164
4961,-56.70000000000001,62,1,100,98,18,62,260237.88898015022
4962,-56.70000000000001,62,1,100,98,18,62,260329.93480348587
4963,-56.70000000000001,62,1,100,98,18,62,260405.14166927338
4964,-56.70000000000001,62,1,100,98,18,62,260485.245210886
4965,-56.70000000000001,62,1,100,98,18,62,260570.124876976
4966,-79.80000000000001,62,1,100,73,20,62,260654.3390803337
4967,-56.70000000000001,62,1,100,98,18,62,260729.95599508286
4968,-61.20000000000001,62,1,100,96,20,62,260803.87687397003
4969,-56.70000000000001,62,1,100,98,18,62,260897.92512011528
4970,-56.70000000000001,62,1,100,98,18,62,260971.1514146328
4971,-56.70000000000001,62,1,100,98,18,62,261068.79342746735
4972,-56.70000000000001,62,1,100,98,18,62,261165.79141521454
4973,-56.70000000000001,62,1,100,98,18,62,261247.46716833115
4974,-56.70000000000001,62,1,100,98,18,62,261316.8907403946
4975,-56.70000000000001,62,1,100,98,18,62,261396.12042856216
4976,-56.70000000000001,62,1,100,98,18,62,261474.9562807083
4977,-56.70000000000001,62,1,100,98,18,62,261550.37255954742
4978,-56.70000000000001,62,1,100,98,18,62,261624.38055443764
4979,-56.70000000000001,62,1,100,98,18,62,261705.63702249527
4980,-56.70000000000001,62,1,100,98,18,62,261779.3385155201
4981,-56.70000000000001,62,1,100,98,18,62,261871.58536839485
4982,-56.70000000000001,62,1,100,98,18,62,261945.6370921135
4983,-56.70000000000001,62,1,100,98,18,62,262019.04137945175
4984,-56.70000000000001,62,1,100,98,18,62,262094.1795706749
4985,-56.70000000000001,62,1,100,98,18,62,262169.054448843
4986,-56.70000000000001,62,1,100,98,18,62,262253.1992819309
4987,-56.70000000000001,62,1,100,98,18,62,262327.0616719723
4988,-56.70000000000001,62,1,100,98,18,62,262404.8251502514
4989,-56.70000000000001,62,1,100,98,18,62,262481.2335526943
4990,-56.70000000000001,62,1,100,98,18,62,262564.52151584625
4991,-56.70000000000001,62,1,100,98,18,62,262639.95125865936
4992,-56.70000000000001,62,1,100,98,18,62,262703.9244220257
4993,-56.70000000000001,62,1,100,98,18,62,262772.55707120895
4994,-56.70000000000001,62,1,100,98,18,62,262841.49721622467
4995,-56.70000000000001,62,1,100,98,18,62,262930.864192009
4996,-56.70000000000001,62,1,100,98,18,62,263002.60863137245
4997,-56.70000000000001,62,1,100,98,18,62,263074.79285621643
4998,-56.70000000000001,62,1,100,98,18,62,263147.7899990082
4999,-56.70000000000001,62,1,100,98,18,62,263220.89836239815
5000,-56.70000000000001,62,1,100,98,18,62,263299.2634305954
5001,-56.70000000000001,62,1,100,98,18,62,263380.8469347954
5002,-56.70000000000001,62,1,100,98,18,62,263455.24556970596
5003,-56.70000000000001,62,1,100,98,18,62,263550.4657096863
5004,-56.70000000000001,62,1,100,98,18,62,263631.6469595432
5005,-56.70000000000001,62,1,100,98,18,62,263731.6231791973
5006,-56.70000000000001,62,1,100,98,18,62,263808.9992544651
5007,-56.70000000000001,62,1,100,98,18,62,263888.6021475792
5008,-61.15000000000001,62,1,100,95,21,62,263969.79740953445
5009,-56.70000000000001,62,1,100,98,18,62,264047.787709713
5010,-56.70000000000001,62,1,100,98,18,62,264140.68798327446
5011,-56.70000000000001,62,1,100,98,18,62,264221.0705077648
5012,-56.70000000000001,62,1,100,98,18,62,264307.1457827091
5013,-62.850000000000016,62,1,100,95,15,62,264413.64067840576
5014,-56.70000000000001,62,1,100,98,18,62,264492.2126817703
5015,-56.70000000000001,62,1,100,98,18,62,264570.4126820564
5016,-56.70000000000001,62,1,100,98,18,62,264647.18915843964
5017,-56.70000000000001,62,1,100,98,18,62,264726.6672651768
5018,-56.70000000000001,62,1,100,98,18,62,264816.1981189251
5019,-56.70000000000001,62,1,100,98,18,62,264889.8880853653
5020,-62.95000000000001,62,1,100,95,25,62,264961.33832383156
5021,-56.70000000000001,62,1,100,98,18,62,265053.6090695858
5022,-56.70000000000001,62,1,100,98,18,62,265143.6110842228
5023,-56.70000000000001,62,1,100,98,18,62,265236.4684255123
5024,-56.70000000000001,62,1,100,98,18,62,265320.20121598244
5025,-56.70000000000001,62,1,100,98,18,62,265400.4050118923
5026,-56.70000000000001,62,1,100,98,18,62,265483.77426338196
5027,-56.70000000000001,62,1,100,98,18,62,265562.40209198
5028,-56.70000000000001,62,1,100,98,18,62,265653.1859076023
5029,-56.70000000000001,62,1,100,98,18,62,265736.6118795872
5030,-56.70000000000001,62,1,100,98,18,62,265822.9635167122
5031,-56.70000000000001,62,1,100,98,18,62,265906.55955553055
5032,-56.70000000000001,62,1,100,98,18,62,266004.6700799465
5033,-56.70000000000001,62,1,100,98,18,62,266108.3501188755
5034,-56.70000000000001,62,1,100,98,18,62,266198.85859799385
5035,-56.70000000000001,62,1,100,98,18,62,266283.98494672775
5036,-56.70000000000001,62,1,100,98,18,62,266359.2558631897
5037,-56.70000000000001,62,1,100,98,18,62,266444.9438416958
5038,-56.70000000000001,62,1,100,98,18,62,266522.53645420074
5039,-56.70000000000001,62,1,100,98,18,62,266607.8352944851
5040,-56.70000000000001,62,1,100,98,18,62,266696.4499704838
5041,-56.70000000000001,62,1,100,98,18,62,266783.86140847206
5042,-56.70000000000001,62,1,100,98,18,62,266886.66926145554
5043,-56.70000000000001,62,1,100,98,18,62,266967.9873456955
5044,-56.70000000000001,62,1,100,98,18,62,267059.99117946625
5045,-56.70000000000001,62,1,100,98,18,62,267164.03621554375
5046,-56.70000000000001,62,1,100,98,18,62,267264.06217575073
5047,-56.70000000000001,62,1,100,98,18,62,267356.7759542465
5048,-56.70000000000001,62,1,100,98,18,62,267461.2234210968
5049,-56.70000000000001,62,1,100,98,18,62,267551.74502301216
5050,-60.45000000000002,62,1,100,100,23,62,267642.7512280941
5051,-56.70000000000001,62,1,100,98,18,62,267734.16028642654
5052,-56.70000000000001,62,1,100,98,18,62,267812.2008023262
5053,-56.70000000000001,62,1,100,98,18,62,267891.44339990616
5054,-56.70000000000001,62,1,100,98,18,62,267980.3392813206
5055,-56.70000000000001,62,1,100,98,18,62,268079.11594605446
5056,-56.70000000000001,62,1,100,98,18,62,268157.72377324104
5057,-56.70000000000001,62,1,100,98,18,62,268251.0425333977
5058,-56.70000000000001,62,1,100,98,18,62,268331.81759262085
5059,-56.70000000000001,62,1,100,98,18,62,268417.60390019417
5060,-56.70000000000001,62,1,100,98,18,62,268504.58899760246
5061,-56.70000000000001,62,1,100,98,18,62,268586.2473318577
5062,-56.70000000000001,62,1,100,98,18,62,268682.9471333027
5063,-56.70000000000001,62,1,100,98,18,62,268766.02823114395
5064,-56.70000000000001,62,1,100,98,18,62,268844.78207683563
5065,-56.70000000000001,62,1,100,98,18,62,268928.3596897125
5066,-56.70000000000001,62,1,100,98,18,62,269000.35174775124
5067,-56.70000000000001,62,1,100,98,18,62,269077.10664486885
5068,-56.70000000000001,62,1,100,98,18,62,269151.06745648384
5069,-56.70000000000001,62,1,100,98,18,62,269222.86602139473
5070,-56.70000000000001,62,1,100,98,18,62,269293.08193325996
5071,-56.70000000000001,62,1,100,98,18,62,269365.83428120613
5072,-56.70000000000001,62,1,100,98,18,62,269438.70008111
5073,-56.70000000000001,62,1,100,98,18,62,269516.8083703518
5074,-56.70000000000001,62,1,100,98,18,62,269599.1795129776
5075,-56.70000000000001,62,1,100,98,18,62,269677.20276260376
5076,-56.70000000000001,62,1,100,98,18,62,269750.0232088566
5077,-56.70000000000001,62,1,100,98,18,62,269825.50539803505
5078,-56.70000000000001,62,1,100,98,18,62,269903.2852039337
5079,-56.70000000000001,62,1,100,98,18,62,269973.235142231
5080,-56.70000000000001,62,1,100,98,18,62,270047.7029490471
5081,-56.70000000000001,62,1,100,98,18,62,270121.7520685196
5082,-63.05000000000002,62,1,100,95,23,62,270201.73137688637
5083,-56.70000000000001,62,1,100,98,18,62,270290.5947599411
5084,-56.70000000000001,62,1,100,98,18,62,270360.5785791874
5085,-56.70000000000001,62,1,100,98,18,62,270435.87804079056
5086,-56.70000000000001,62,1,100,98,18,62,270508.718436718
5087,-63.00000000000003,62,1,100,97,24,62,270584.3162820339
5088,-56.70000000000001,62,1,100,98,18,62,270654.75492978096
5089,-56.70000000000001,62,1,100,98,18,62,270729.02450323105
5090,-56.70000000000001,62,1,100,98,18,62,270808.7621514797
5091,-56.70000000000001,62,1,100,98,18,62,270884.48010468483
5092,-56.70000000000001,62,1,100,98,18,62,270963.426384449
5093,-56.70000000000001,62,1,100,98,18,62,271033.12020254135
5094,-56.70000000000001,62,1,100,98,18,62,271117.1477959156
5095,-56.70000000000001,62,1,100,98,18,62,271190.842215538
5096,-56.70000000000001,62,1,100,98,18,62,271261.60176849365
5097,-56.70000000000001,62,1,100,98,18,62,271347.2046658993
5098,-56.70000000000001,62,1,100,98,18,62,271416.299489975
5099,-56.70000000000001,62,1,100,98,18,62,271496.0618429184
5100,-56.70000000000001,62,1,100,98,18,62,271570.79633808136
5101,-56.70000000000001,62,1,100,98,18,62,271649.78437542915
5102,-56.70000000000001,62,1,100,98,18,62,271723.9890437126
5103,-56.70000000000001,62,1,100,98,18,62,271799.6006526947
5104,-56.70000000000001,62,1,100,98,18,62,271872.3047938347
5105,-56.70000000000001,62,1,100,98,18,62,271950.1179842949
5106,-56.70000000000001,62,1,100,98,18,62,272023.71403741837
5107,-56.70000000000001,62,1,100,98,18,62,272095.04288601875
5108,-56.70000000000001,62,1,100,98,18,62,272170.5879280567
5109,-56.70000000000001,62,1,100,98,18,62,272246.59869265556
5110,-56.70000000000001,62,1,100,98,18,62,272319.321280241
5111,-56.70000000000001,62,1,100,98,18,62,272398.9121313095
5112,-56.70000000000001,62,1,100,98,18,62,272476.745000124
5113,-56.70000000000001,62,1,100,98,18,62,272553.265399456
5114,-61.60000000000002,62,1,100,97,24,62,272629.30966353416
5115,-56.70000000000001,62,1,100,98,18,62,272712.6006886959
5116,-56.70000000000001,62,1,100,98,18,62,272783.8371796608
5117,-56.70000000000001,62,1,100,98,18,62,272857.1601676941
5118,-56.70000000000001,62,1,100,98,18,62,272946.50893855095
5119,-56.70000000000001,62,1,100,98,18,62,273024.96191859245
5120,-56.70000000000001,62,1,100,98,18,62,273096.412112236
5121,-106.75,62,1,100,43,21,62,273190.03676629066
5122,-56.70000000000001,62,1,100,98,18,62,273262.58950161934
5123,-56.70000000000001,62,1,100,98,18,62,273333.8909571171
5124,-56.70000000000001,62,1,100,98,18,62,273422.2726852894
5125,-56.70000000000001,62,1,100,98,18,62,273492.87363767624
5126,-56.70000000000001,62,1,100,98,18,62,273566.8281130791
5127,-56.70000000000001,62,1,100,98,18,62,273642.75956225395
5128,-56.70000000000001,62,1,100,98,18,62,273715.2733800411
5129,-56.70000000000001,62,1,100,98,18,62,273792.57869410515
5130,-56.70000000000001,62,1,100,98,18,62,273863.4437637329
5131,-56.70000000000001,62,1,100,98,18,62,273934.4448542595
5132,-56.70000000000001,62,1,100,98,18,62,274012.7204232216
5133,-56.70000000000001,62,1,100,98,18,62,274099.05715727806
5134,-58.45000000000002,62,1,100,98,23,62,274172.19163894653
5135,-56.70000000000001,62,1,100,98,18,62,274255.82114577293
5136,-56.70000000000001,62,1,100,98,18,62,274328.27113986015
5137,-56.70000000000001,62,1,100,98,18,62,274405.57439017296
5138,-56.70000000000001,62,1,100,98,18,62,274483.7437710762
5139,-56.70000000000001,62,1,100,98,18,62,274554.46234440804
5140,-56.70000000000001,62,1,100,98,18,62,274626.7540163994
5141,-61.150000000000006,62,1,100,95,21,62,274703.13782453537
5142,-56.70000000000001,62,1,100,98,18,62,274773.79996466637
5143,-63.0,62,1,100,95,24,62,274839.40160131454
5144,-56.70000000000001,62,1,100,98,18,62,274922.49452281
5145,-56.70000000000001,62,1,100,98,18,62,274993.9564611912
5146,-56.70000000000001,62,1,100,98,18,62,275069.9367029667
5147,-56.70000000000001,62,1,100,98,18,62,275151.288741827
5148,-56.70000000000001,62,1,100,98,18,62,275223.3931531906
5149,-56.70000000000001,62,1,100,98,18,62,275303.46975541115
5150,-56.70000000000001,62,1,100,98,18,62,275377.5074672699
5151,-56.70000000000001,62,1,100,98,18,62,275450.3944475651
5152,-56.70000000000001,62,1,100,98,18,62,275523.7792367935
5153,-56.70000000000001,62,1,100,98,18,62,275605.23632884026
5154,-56.70000000000001,62,1,100,98,18,62,275680.5881412029
5155,-56.70000000000001,62,1,100,98,18,62,275757.3568267822
5156,-132.1,62,1,100,15,14,62,275860.7426342964
5157,-56.70000000000001,62,1,100,98,18,62,275931.3664586544
5158,-56.70000000000001,62,1,100,98,18,62,276016.98068737984
5159,-56.70000000000001,62,1,100,98,18,62,276087.0712957382
5160,-56.70000000000001,62,1,100,98,18,62,276177.97367978096
5161,-56.70000000000001,62,1,100,98,18,62,276252.11155438423
5162,-56.70000000000001,62,1,100,98,18,62,276331.70378017426
5163,-56.70000000000001,62,1,100,98,18,62,276407.8456504345
5164,-56.70000000000001,62,1,100,98,18,62,276480.9583876133
5165,-56.70000000000001,62,1,100,98,18,62,276561.1756410599
5166,-56.70000000000001,62,1,100,98,18,62,276630.600564003
5167,-56.70000000000001,62,1,100,98,18,62,276705.37472081184
5168,-56.70000000000001,62,1,100,98,18,62,276776.80434942245
5169,-56.70000000000001,62,1,100,98,18,62,276850.4346694946
5170,-56.70000000000001,62,1,100,98,18,62,276924.0914285183
5171,-56.70000000000001,62,1,100,98,18,62,276994.0937113762
5172,-56.70000000000001,62,1,100,98,18,62,277068.8036978245
5173,-56.70000000000001,62,1,100,98,18,62,277143.75059604645
5174,-56.70000000000001,62,1,100,98,18,62,277234.9632079601
5175,-56.70000000000001,62,1,100,98,18,62,277304.3835873604
5176,-56.70000000000001,62,1,100,98,18,62,277378.1125035286
5177,-56.70000000000001,62,1,100,98,18,62,277460.3093326092
5178,-56.70000000000001,62,1,100,98,18,62,277540.5229899883
5179,-56.70000000000001,62,1,100,98,18,62,277610.9525680542
5180,-56.70000000000001,62,1,100,98,18,62,277682.86987924576
5181,-56.70000000000001,62,1,100,98,18,62,277758.5719008446
5182,-56.70000000000001,62,1,100,98,18,62,277830.7939066887
5183,-56.70000000000001,62,1,100,98,18,62,277904.8879146576
5184,-56.70000000000001,62,1,100,98,18,62,277975.898062706
5185,-56.70000000000001,62,1,100,98,18,62,278049.5622987747
5186,-56.70000000000001,62,1,100,98,18,62,278127.7372729778
5187,-56.70000000000001,62,1,100,98,18,62,278201.7977461815
5188,-132.15,62,1,100,15,13,62,278314.98163819313
5189,-58.80000000000002,62,1,100,98,16,62,278386.12014579773
5190,-132.15,62,1,100,15,13,62,278497.815110445
5191,-132.15,62,1,100,15,13,62,278614.0089044571
5192,-132.15,62,1,100,15,13,62,278715.6828148365
5193,-122.0,62,1,100,26,20,62,278814.9370524883
5194,-69.5,62,1,100,85,22,62,278889.6687192917
5195,-132.15,62,1,100,15,13,62,278994.39556884766
5196,-132.15,62,1,100,15,13,62,279103.25832390785
5197,-132.15,62,1,100,15,13,62,279210.6248936653
5198,-63.05000000000001,62,1,100,97,23,62,279278.29833722115
5199,-132.15,62,1,100,15,13,62,279380.33662223816
5200,-57.65000000000001,62,1,100,100,19,62,279452.37200403214
5201,-132.15,62,1,100,15,13,62,279570.4710958004
5202,-132.1,62,1,100,15,14,62,279671.2138018608
5203,-60.40000000000002,62,1,100,99,24,62,279737.9958922863
5204,-109.94999999999999,62,1,100,44,25,62,279842.5308511257
5205,-56.70000000000001,62,1,100,98,18,62,279922.5307059288
5206,-56.70000000000001,62,1,100,98,18,62,279996.8366279602
5207,-57.65000000000001,62,1,100,100,19,62,280068.1429102421
5208,-60.45000000000003,62,1,100,98,23,62,280133.46720695496
5209,-56.70000000000001,62,1,100,98,18,62,280210.83166742325
5210,-56.70000000000001,62,1,100,98,18,62,280302.486600399
5211,-56.70000000000001,62,1,100,98,18,62,280387.22692108154
5212,-56.70000000000001,62,1,100,98,18,62,280461.72911143303
5213,-56.70000000000001,62,1,100,98,18,62,280538.989836216
5214,-63.65000000000001,62,1,100,96,19,62,280624.99528956413
5215,-56.70000000000001,62,1,100,98,18,62,280702.8033246994
5216,-57.65000000000001,62,1,100,100,19,62,280775.9149634838
5217,-56.70000000000001,62,1,100,98,18,62,280851.90532779694
5218,-56.70000000000001,62,1,100,98,18,62,280931.17535686493
5219,-56.70000000000001,62,1,100,98,18,62,281005.8851904869
5220,-56.70000000000001,62,1,100,98,18,62,281084.89212465286
5221,-56.70000000000001,62,1,100,98,18,62,281157.9868376255
5222,-56.70000000000001,62,1,100,98,18,62,281239.87732958794
5223,-56.70000000000001,62,1,100,98,18,62,281312.1040287018
5224,-56.70000000000001,62,1,100,98,18,62,281385.13168883324
5225,-56.70000000000001,62,1,100,98,18,62,281458.62968468666
5226,-56.70000000000001,62,1,100,98,18,62,281532.02125024796
5227,-56.70000000000001,62,1,100,98,18,62,281610.94286847115
5228,-56.70000000000001,62,1,100,98,18,62,281706.3184735775
5229,-56.70000000000001,62,1,100,98,18,62,281795.32003974915
5230,-56.70000000000001,62,1,100,98,18,62,281873.25270581245
5231,-56.70000000000001,62,1,100,98,18,62,281951.3982527256
5232,-56.70000000000001,62,1,100,98,18,62,282037.4443464279
5233,-123.05,62,1,100,25,19,62,282152.74607634544
5234,-56.70000000000001,62,1,100,98,18,62,282239.4983725548
5235,-56.70000000000001,62,1,100,98,18,62,282311.73808932304
5236,-56.70000000000001,62,1,100,98,18,62,282382.98626065254
5237,-56.70000000000001,62,1,100,98,18,62,282458.52043533325
5238,-122.0,62,1,100,26,20,62,282563.5630233288
5239,-56.70000000000001,62,1,100,98,18,62,282635.8356912136
5240,-56.70000000000001,62,1,100,98,18,62,282712.32292699814
5241,-56.70000000000001,62,1,100,98,18,62,282800.90554237366
5242,-56.70000000000001,62,1,100,98,18,62,282875.5438013077
5243,-56.70000000000001,62,1,100,98,18,62,282971.6626460552
5244,-56.70000000000001,62,1,100,98,18,62,283048.02767157555
5245,-56.70000000000001,62,1,100,98,18,62,283134.6113090515
5246,-56.70000000000001,62,1,100,98,18,62,283219.70695495605
5247,-68.00000000000001,62,1,100,86,20,62,283304.16742253304
5248,-127.55,62,1,100,20,17,62,283412.3744134903
5249,-116.6,62,1,100,32,20,62,283514.94172024727
5250,-122.0,62,1,100,26,20,62,283626.69425034523
5251,-122.0,62,1,100,26,20,62,283730.2034726143
5252,-127.55,62,1,100,20,17,62,283841.0204758644
5253,-127.55,62,1,100,20,17,62,283953.98458719254
5254,-127.55,62,1,100,20,17,62,284067.7389216423
5255,-132.15,62,1,100,15,13,62,284182.33482170105
5256,-72.7,62,1,100,83,26,62,284255.62973856926
5257,-122.0,62,1,100,26,20,62,284362.05286693573
5258,-111.19999999999999,62,1,100,38,20,62,284457.03724980354
5259,-116.6,62,1,100,32,20,62,284560.9661357403
5260,-63.00000000000002,62,1,100,94,24,62,284633.74102020264
5261,-56.70000000000001,62,1,100,98,18,62,284723.9182417393
5262,-67.30000000000001,62,1,100,89,26,62,284795.880633831
5263,-56.70000000000001,62,1,100,98,18,62,284876.1861009598
5264,-56.70000000000001,62,1,100,98,18,62,284947.5745534897
5265,-56.70000000000001,62,1,100,98,18,62,285029.0876877308
5266,-56.70000000000001,62,1,100,98,18,62,285108.1184191704
5267,-116.6,62,1,100,32,20,62,285202.9933960438
5268,-56.70000000000001,62,1,100,98,18,62,285276.7648835182
5269,-56.70000000000001,62,1,100,98,18,62,285355.8273386955
5270,-56.70000000000001,62,1,100,98,18,62,285453.6296329498
5271,-56.70000000000001,62,1,100,98,18,62,285525.3728456497
5272,-56.70000000000001,62,1,100,98,18,62,285629.11643099785
5273,-56.70000000000001,62,1,100,98,18,62,285713.935161829
5274,-56.70000000000001,62,1,100,98,18,62,285787.6007595062
5275,-56.70000000000001,62,1,100,98,18,62,285863.03151345253
5276,-56.70000000000001,62,1,100,98,18,62,285941.51387929916
5277,-56.70000000000001,62,1,100,98,18,62,286014.13148355484
5278,-56.70000000000001,62,1,100,98,18,62,286102.23766207695
5279,-56.70000000000001,62,1,100,98,18,62,286187.144762516
5280,-56.70000000000001,62,1,100,98,18,62,286260.0269088745
5281,-56.70000000000001,62,1,100,98,18,62,286341.8306288719
5282,-61.250000000000014,62,1,100,96,19,62,286416.8231523037
5283,-111.19999999999999,62,1,100,38,20,62,286539.9860932827
5284,-106.8,62,1,100,43,20,62,286637.48174381256
5285,-56.70000000000001,62,1,100,98,18,62,286723.0800552368
5286,-56.70000000000001,62,1,100,98,18,62,286820.40888524055
5287,-56.70000000000001,62,1,100,98,18,62,286904.5318906307
5288,-56.70000000000001,62,1,100,98,18,62,286987.92293715477
5289,-56.70000000000001,62,1,100,98,18,62,287080.7428712845
5290,-56.70000000000001,62,1,100,98,18,62,287159.351726532
5291,-56.70000000000001,62,1,100,98,18,62,287254.1753051281
5292,-56.70000000000001,62,1,100,98,18,62,287350.3705048561
5293,-56.70000000000001,62,1,100,98,18,62,287427.55365109444
5294,-56.70000000000001,62,1,100,98,18,62,287499.850230217
5295,-56.70000000000001,62,1,100,98,18,62,287592.9027376175
5296,-56.70000000000001,62,1,100,98,18,62,287668.40219163895
5297,-56.70000000000001,62,1,100,98,18,62,287745.1555457115
5298,-63.600000000000016,62,1,100,91,20,62,287837.2409026623
5299,-56.70000000000001,62,1,100,98,18,62,287919.47084236145
5300,-56.70000000000001,62,1,100,98,18,62,288003.1016218662
5301,-56.70000000000001,62,1,100,98,18,62,288076.2484202385
5302,-56.70000000000001,62,1,100,98,18,62,288152.70247387886
5303,-56.70000000000001,62,1,100,98,18,62,288230.07033991814
5304,-84.20000000000002,62,1,100,68,20,62,288320.31442976
5305,-56.70000000000001,62,1,100,98,18,62,288396.14514017105
5306,-56.70000000000001,62,1,100,98,18,62,288475.0413246155
5307,-56.70000000000001,62,1,100,98,18,62,288547.72262239456
5308,-57.75000000000003,62,1,100,99,21,62,288615.5271048546
5309,-83.49999999999999,62,1,100,96,18,62,288673.83962750435
5310,-93.85,62,1,100,94,15,62,288734.76566267014
5311,-78.25,62,1,100,88,15,62,288792.5956339836
5312,-123.14999999999999,62,1,100,25,17,62,288893.755859375
5313,-68.60000000000001,62,1,100,98,20,62,288953.00721669197
5314,-61.1,62,1,100,95,22,62,289025.91948103905
5315,-58.85000000000001,62,1,100,100,11,62,289082.611543417
5316,-68.8,62,1,100,98,16,62,289140.6168022156
5317,-68.94999999999999,62,1,100,98,13,62,289193.42325019836
5318,-73.30000000000001,62,1,100,97,18,62,289255.5412569046
5319,-58.85000000000001,62,1,100,100,11,62,289317.9822282791
5320,-58.85000000000001,62,1,100,100,11,62,289378.8323266506
5321,-83.55000000000001,62,1,100,96,17,62,289433.3458518982
5322,-58.85000000000001,62,1,100,100,11,62,289488.8001816273
5323,-58.85000000000001,62,1,100,100,11,62,289543.7848460674
5324,-58.85000000000001,62,1,100,100,11,62,289605.6042239666
5325,-58.85000000000001,62,1,100,100,11,62,289661.246907711
5326,-58.85000000000001,62,1,100,100,11,62,289716.85202407837
5327,-58.85000000000001,62,1,100,100,11,62,289774.2935400009
5328,-58.85000000000001,62,1,100,100,11,62,289834.2930033207
5329,-58.85000000000001,62,1,100,100,11,62,289894.56388807297
5330,-58.85000000000001,62,1,100,100,11,62,289957.0781285763
5331,-58.85000000000001,62,1,100,100,11,62,290010.83547616005
5332,-58.85000000000001,62,1,100,100,11,62,290073.11046910286
5333,-58.85000000000001,62,1,100,100,11,62,290128.13116812706
5334,-63.55000000000001,62,1,100,95,17,62,290184.35381150246
5335,-62.10000000000001,62,1,100,98,14,62,290244.94130277634
5336,-58.85000000000001,62,1,100,100,11,62,290308.49832963943
5337,-58.850000000000016,62,1,100,100,11,62,290384.26637649536
5338,-58.70000000000001,62,1,100,100,14,62,290438.27088856697
5339,-58.85000000000001,62,1,100,100,11,62,290494.2126278877
5340,-61.600000000000016,62,1,100,97,24,62,290562.6548128128
5341,-61.0,62,1,100,95,24,62,290644.7546672821
5342,-72.35000000000001,62,1,100,96,25,62,290707.38020420074
5343,-56.70000000000001,62,1,100,98,18,62,290790.8488509655
5344,-61.0,62,1,100,95,24,62,290867.81619024277
5345,-56.70000000000001,62,1,100,98,18,62,290944.066450119
5346,-56.70000000000001,62,1,100,98,18,62,291042.3560845852
5347,-56.70000000000001,62,1,100,98,18,62,291116.7109501362
5348,-56.70000000000001,62,1,100,98,18,62,291208.509036541
5349,-56.70000000000001,62,1,100,98,18,62,291280.0907957554
5350,-61.150000000000006,62,1,100,95,21,62,291375.31792998314
5351,-56.70000000000001,62,1,100,98,18,62,291450.0056653023
5352,-56.70000000000001,62,1,100,98,18,62,291524.55903863907
5353,-61.60000000000002,62,1,100,95,24,62,291588.68733119965
5354,-56.70000000000001,62,1,100,98,18,62,291666.2226471901
5355,-73.19999999999997,62,1,100,99,24,62,291733.2065963745
5356,-56.70000000000001,62,1,100,98,18,62,291809.61244273186
5357,-56.70000000000001,62,1,100,98,18,62,291879.3496041298
5358,-56.70000000000001,62,1,100,98,18,62,291949.4985537529
5359,-56.70000000000001,62,1,100,98,18,62,292027.3772547245
5360,-56.70000000000001,62,1,100,98,18,62,292097.7490479946
5361,-56.70000000000001,62,1,100,98,18,62,292179.5675897598
5362,-56.70000000000001,62,1,100,98,18,62,292270.5289595127
5363,-56.70000000000001,62,1,100,98,18,62,292343.6827135086
5364,-56.70000000000001,62,1,100,98,18,62,292417.3217406273
5365,-56.70000000000001,62,1,100,98,18,62,292490.5875711441
5366,-56.70000000000001,62,1,100,98,18,62,292562.8569097519
5367,-56.70000000000001,62,1,100,98,18,62,292633.3519394398
5368,-56.70000000000001,62,1,100,98,18,62,292735.84152555466
5369,-56.70000000000001,62,1,100,98,18,62,292807.6172902584
5370,-56.70000000000001,62,1,100,98,18,62,292882.98503637314
5371,-56.70000000000001,62,1,100,98,18,62,292969.45340776443
5372,-56.70000000000001,62,1,100,98,18,62,293043.8636612892
5373,-56.70000000000001,62,1,100,98,18,62,293121.41483831406
5374,-56.70000000000001,62,1,100,98,18,62,293196.85935902596
5375,-56.70000000000001,62,1,100,98,18,62,293273.0357055664
5376,-56.70000000000001,62,1,100,98,18,62,293344.9887712002
5377,-56.70000000000001,62,1,100,98,18,62,293432.2897338867
5378,-56.70000000000001,62,1,100,98,18,62,293507.5596051216
5379,-56.70000000000001,62,1,100,98,18,62,293590.52220368385
5380,-56.70000000000001,62,1,100,98,18,62,293668.1336569786
5381,-61.0,62,1,100,95,24,62,293739.6498131752
5382,-61.0,62,1,100,95,24,62,293818.49741482735
5383,-56.99999999999999,62,1,100,99,24,62,293895.4345986843
5384,-56.70000000000001,62,1,100,98,18,62,293967.5858101845
5385,-56.70000000000001,62,1,100,98,18,62,294036.75772571564
5386,-56.70000000000001,62,1,100,98,18,62,294117.9215042591
5387,-56.70000000000001,62,1,100,98,18,62,294196.6159169674
5388,-56.70000000000001,62,1,100,98,18,62,294279.06616163254
5389,-56.70000000000001,62,1,100,98,18,62,294368.84082627296
5390,-56.70000000000001,62,1,100,98,18,62,294439.59427165985
5391,-56.70000000000001,62,1,100,98,18,62,294525.44089818
5392,-56.70000000000001,62,1,100,98,18,62,294608.7366604805
5393,-56.70000000000001,62,1,100,98,18,62,294681.33447265625
5394,-56.70000000000001,62,1,100,98,18,62,294769.87570619583
5395,-56.70000000000001,62,1,100,98,18,62,294843.42814326286
5396,-64.7,62,1,100,96,18,62,294918.59601044655
5397,-79.8,62,1,100,97,24,62,294989.8732907772
5398,-68.44999999999999,62,1,100,98,23,62,295070.3077685833
5399,-62.35000000000001,62,1,100,98,21,62,295145.1817662716
5400,-65.05,62,1,100,97,23,62,295234.26222777367
5401,-56.70000000000001,62,1,100,98,18,62,295305.65934515
5402,-61.25000000000001,62,1,100,96,19,62,295379.97885227203
5403,-61.20000000000001,62,1,100,96,20,62,295458.2237153053
5404,-61.25000000000001,62,1,100,96,19,62,295532.95528531075
5405,-56.70000000000001,62,1,100,98,18,62,295620.1996090412
5406,-56.70000000000001,62,1,100,98,18,62,295703.72848153114
5407,-56.70000000000001,62,1,100,98,18,62,295779.4193763733
5408,-57.250000000000014,62,1,100,100,19,62,295852.15727877617
5409,-56.70000000000001,62,1,100,98,18,62,295936.8955476284
5410,-56.70000000000001,62,1,100,98,18,62,296015.46987605095
5411,-61.250000000000014,62,1,100,96,19,62,296085.745698452
5412,-59.00000000000001,62,1,100,99,24,62,296154.68117284775
5413,-56.70000000000001,62,1,100,98,18,62,296225.61770272255
5414,-58.25000000000001,62,1,100,100,23,62,296301.40257048607
5415,-57.750000000000014,62,1,100,99,21,62,296369.38282465935
5416,-61.250000000000014,62,1,100,97,19,62,296441.7243220806
5417,-56.70000000000001,62,1,100,98,18,62,296517.46860933304
5418,-56.70000000000001,62,1,100,98,18,62,296593.4784412384
5419,-56.70000000000001,62,1,100,98,18,62,296674.5035729408
5420,-56.70000000000001,62,1,100,98,18,62,296748.32577466965
5421,-56.70000000000001,62,1,100,98,18,62,296824.69180870056
5422,-56.70000000000001,62,1,100,98,18,62,296905.4712178707
5423,-56.70000000000001,62,1,100,98,18,62,296977.4949297905
5424,-56.70000000000001,62,1,100,98,18,62,297050.8208708763
5425,-56.70000000000001,62,1,100,98,18,62,297122.8034851551
5426,-56.70000000000001,62,1,100,98,18,62,297193.187864542
5427,-56.70000000000001,62,1,100,98,18,62,297267.39644384384
5428,-56.70000000000001,62,1,100,98,18,62,297356.97195768356
5429,-61.60000000000001,62,1,100,97,24,62,297443.61795544624
5430,-56.70000000000001,62,1,100,98,18,62,297516.21910595894
5431,-56.70000000000001,62,1,100,98,18,62,297586.79561161995
5432,-56.70000000000001,62,1,100,98,18,62,297657.26269221306
5433,-56.70000000000001,62,1,100,98,18,62,297735.7992129326
5434,-56.70000000000001,62,1,100,98,18,62,297807.34401345253
5435,-56.70000000000001,62,1,100,98,18,62,297878.95408654213
5436,-56.70000000000001,62,1,100,98,18,62,297949.1498847008
5437,-56.70000000000001,62,1,100,98,18,62,298021.02593302727
5438,-56.70000000000001,62,1,100,98,18,62,298091.1228251457
5439,-56.70000000000001,62,1,100,98,18,62,298164.35757803917
5440,-56.70000000000001,62,1,100,98,18,62,298236.20364689827
5441,-56.70000000000001,62,1,100,98,18,62,298318.5237340927
5442,-57.250000000000014,62,1,100,100,19,62,298392.81243276596
5443,-56.70000000000001,62,1,100,98,18,62,298466.4922261238
5444,-61.250000000000014,62,1,100,96,19,62,298552.65157580376
5445,-61.25000000000001,62,1,100,96,19,62,298624.5388841629
5446,-56.70000000000001,62,1,100,98,18,62,298695.292276144
5447,-56.70000000000001,62,1,100,98,18,62,298782.4639289379
5448,-56.70000000000001,62,1,100,98,18,62,298854.5654320717
5449,-56.70000000000001,62,1,100,98,18,62,298929.0024802685
5450,-56.70000000000001,62,1,100,98,18,62,298998.84442806244
5451,-56.70000000000001,62,1,100,98,18,62,299071.66495633125
5452,-68.8,62,1,100,98,16,62,299128.4327120781
5453,-64.65,62,1,100,96,19,62,299203.3672263622
5454,-61.6,62,1,100,97,24,62,299274.47991895676
5455,-56.70000000000001,62,1,100,98,18,62,299348.03984975815
5456,-61.70000000000001,62,1,100,96,22,62,299417.3971300125
5457,-57.1,62,1,100,99,22,62,299485.9178054333
5458,-61.600000000000016,62,1,100,97,24,62,299553.8995027542
5459,-61.250000000000014,62,1,100,97,19,62,299625.55910897255
5460,-56.99999999999999,62,1,100,99,24,62,299697.36047530174
5461,-56.70000000000001,62,1,100,98,18,62,299776.36814951897
5462,-56.70000000000001,62,1,100,98,18,62,299866.5512151718
5463,-56.70000000000001,62,1,100,98,18,62,299937.6291348934
5464,-56.70000000000001,62,1,100,98,18,62,300013.29168462753
5465,-56.70000000000001,62,1,100,98,18,62,300086.19306254387
5466,-61.150000000000006,62,1,100,95,21,62,300158.3916709423
5467,-61.250000000000014,62,1,100,96,19,62,300232.0070736408
5468,-57.750000000000014,62,1,100,99,21,62,300293.5758342743
5469,-59.20000000000001,62,1,100,99,24,62,300368.9198231697
5470,-62.20000000000002,62,1,100,96,24,62,300436.49839901924
5471,-62.90000000000001,62,1,100,97,22,62,300494.69159698486
5472,-62.850000000000016,62,1,100,97,23,62,300565.53879618645
5473,-58.15000000000002,62,1,100,100,25,62,300632.0562672615
5474,-62.95000000000002,62,1,100,97,21,62,300694.898704052
5475,-62.95000000000001,62,1,100,98,21,62,300760.69351267815
5476,-58.25000000000001,62,1,100,99,23,62,300819.70570778847
5477,-60.15000000000001,62,1,100,99,25,62,300879.5542497635
5478,-59.20000000000001,62,1,100,99,24,62,300939.47614884377
5479,-62.95000000000001,62,1,100,97,21,62,301002.024143219
5480,-61.400000000000006,62,1,100,98,28,62,301068.71760487556
5481,-63.70000000000002,62,1,100,97,22,62,301154.41204690933
5482,-58.20000000000002,62,1,100,100,24,62,301216.1235411167
5483,-58.20000000000002,62,1,100,100,24,62,301290.5939280987
5484,-57.150000000000006,62,1,100,99,21,62,301372.739559412
5485,-61.250000000000014,62,1,100,96,19,62,301447.6815299988
5486,-61.75000000000001,62,1,100,96,21,62,301514.30511665344
5487,-56.70000000000001,62,1,100,98,18,62,301587.04418349266
5488,-56.70000000000001,62,1,100,98,18,62,301665.96600294113
5489,-56.70000000000001,62,1,100,98,18,62,301736.98068904877
5490,-56.70000000000001,62,1,100,98,18,62,301832.22536563873
5491,-56.70000000000001,62,1,100,98,18,62,301902.3191962242
5492,-56.70000000000001,62,1,100,98,18,62,301978.959253788
5493,-61.25000000000001,62,1,100,96,19,62,302057.84137153625
5494,-56.70000000000001,62,1,100,98,18,62,302149.39589858055
5495,-56.70000000000001,62,1,100,98,18,62,302221.3586819172
5496,-61.250000000000014,62,1,100,96,19,62,302294.66712641716
5497,-56.70000000000001,62,1,100,98,18,62,302368.13026857376
5498,-56.70000000000001,62,1,100,98,18,62,302440.98617100716
5499,-61.250000000000014,62,1,100,96,19,62,302510.8471066952
5500,-56.70000000000001,62,1,100,98,18,62,302581.8112812042
5501,-59.85000000000003,62,1,100,99,27,62,302652.67515420914
5502,-56.70000000000001,62,1,100,98,18,62,302726.72483348846
5503,-56.70000000000001,62,1,100,98,18,62,302802.8864636421
5504,-56.70000000000001,62,1,100,98,18,62,302873.9908080101
5505,-56.70000000000001,62,1,100,98,18,62,302945.4141871929
5506,-61.250000000000014,62,1,100,96,19,62,303046.0793316364
5507,-56.70000000000001,62,1,100,98,18,62,303120.6889154911
5508,-61.250000000000014,62,1,100,96,19,62,303191.61419034004
5509,-56.70000000000001,62,1,100,98,18,62,303265.4906320572
5510,-56.70000000000001,62,1,100,98,18,62,303346.06343722343
5511,-56.70000000000001,62,1,100,98,18,62,303427.0278131962
5512,-56.70000000000001,62,1,100,98,18,62,303503.8975434303
5513,-56.70000000000001,62,1,100,98,18,62,303579.2055823803
5514,-56.70000000000001,62,1,100,98,18,62,303654.4286034107
5515,-56.70000000000001,62,1,100,98,18,62,303727.9674708843
5516,-56.70000000000001,62,1,100,98,18,62,303800.0379104614
5517,-56.70000000000001,62,1,100,98,18,62,303889.0026819706
5518,-56.70000000000001,62,1,100,98,18,62,303960.4689772129
5519,-56.70000000000001,62,1,100,98,18,62,304040.1896891594
5520,-56.70000000000001,62,1,100,98,18,62,304120.2349374294
5521,-56.70000000000001,62,1,100,98,18,62,304206.79034638405
5522,-56.70000000000001,62,1,100,98,18,62,304299.15680480003
5523,-56.70000000000001,62,1,100,98,18,62,304369.8942425251
5524,-56.70000000000001,62,1,100,98,18,62,304445.16829919815
5525,-56.70000000000001,62,1,100,98,18,62,304514.5428595543
5526,-56.70000000000001,62,1,100,98,18,62,304585.1027889252
5527,-56.70000000000001,62,1,100,98,18,62,304656.6897740364
5528,-61.25000000000001,62,1,100,96,19,62,304737.6195034981
5529,-56.70000000000001,62,1,100,98,18,62,304819.6341474056
5530,-56.70000000000001,62,1,100,98,18,62,304891.2333006859
5531,-56.70000000000001,62,1,100,98,18,62,304971.37036824226
5532,-56.70000000000001,62,1,100,98,18,62,305044.7753818035
5533,-56.70000000000001,62,1,100,98,18,62,305121.76365709305
5534,-56.70000000000001,62,1,100,98,18,62,305197.36965322495
5535,-56.70000000000001,62,1,100,98,18,62,305269.3619685173
5536,-56.70000000000001,62,1,100,98,18,62,305341.2028591633
5537,-56.70000000000001,62,1,100,98,18,62,305417.4990673065
5538,-56.70000000000001,62,1,100,98,18,62,305488.33300471306
5539,-56.70000000000001,62,1,100,98,18,62,305562.024184227
5540,-56.70000000000001,62,1,100,98,18,62,305642.9132671356
5541,-56.70000000000001,62,1,100,98,18,62,305714.1095600128
5542,-56.70000000000001,62,1,100,98,18,62,305787.3594210148
5543,-56.70000000000001,62,1,100,98,18,62,305864.5036883354
5544,-56.70000000000001,62,1,100,98,18,62,305966.8340277672
5545,-56.70000000000001,62,1,100,98,18,62,306041.2238018513
5546,-56.70000000000001,62,1,100,98,18,62,306115.27399230003
5547,-61.250000000000014,62,1,100,96,19,62,306188.72316241264
5548,-61.150000000000006,62,1,100,95,21,62,306266.71818327904
5549,-58.70000000000001,62,1,100,100,18,62,306339.9208586216
5550,-56.70000000000001,62,1,100,98,18,62,306409.7537691593
5551,-56.70000000000001,62,1,100,98,18,62,306489.49062514305
5552,-56.70000000000001,62,1,100,98,18,62,306564.31641054153
5553,-56.70000000000001,62,1,100,98,18,62,306637.7504594326
5554,-56.70000000000001,62,1,100,98,18,62,306714.01261401176
5555,-56.70000000000001,62,1,100,98,18,62,306785.8927247524
5556,-57.95000000000001,62,1,100,100,25,62,306863.20588064194
5557,-56.70000000000001,62,1,100,98,18,62,306943.7593398094
5558,-56.70000000000001,62,1,100,98,18,62,307019.5097165108
5559,-57.60000000000001,62,1,100,99,20,62,307095.5619571209
5560,-58.15000000000001,62,1,100,99,21,62,307163.4668908119
5561,-56.70000000000001,62,1,100,98,18,62,307243.7295665741
5562,-73.99999999999999,62,1,100,97,20,62,307318.9234700203
5563,-63.350000000000016,62,1,100,97,17,62,307394.6575510502
5564,-63.550000000000004,62,1,100,95,25,62,307467.78674173355
5565,-56.70000000000001,62,1,100,98,18,62,307545.3396463394
5566,-56.70000000000001,62,1,100,98,18,62,307617.69154572487
5567,-56.70000000000001,62,1,100,98,18,62,307695.61333298683
5568,-56.70000000000001,62,1,100,98,18,62,307766.57161545753
5569,-56.70000000000001,62,1,100,98,18,62,307840.9566605091
5570,-56.70000000000001,62,1,100,98,18,62,307913.93560409546
5571,-56.70000000000001,62,1,100,98,18,62,307993.0649433136
5572,-56.70000000000001,62,1,100,98,18,62,308067.0926749706
5573,-56.70000000000001,62,1,100,98,18,62,308141.198925972
5574,-56.70000000000001,62,1,100,98,18,62,308213.6035909653
5575,-56.70000000000001,62,1,100,98,18,62,308293.63109612465
5576,-56.70000000000001,62,1,100,98,18,62,308375.8226797581
5577,-56.70000000000001,62,1,100,98,18,62,308453.4121289253
5578,-56.70000000000001,62,1,100,98,18,62,308524.75124526024
5579,-56.70000000000001,62,1,100,98,18,62,308598.0084860325
5580,-59.500000000000014,62,1,100,100,26,62,308667.0848412514
5581,-58.250000000000014,62,1,100,98,23,62,308747.14196276665
5582,-62.90000000000001,62,1,100,97,22,62,308805.78486704826
5583,-58.250000000000014,62,1,100,98,23,62,308870.17792487144
5584,-58.20000000000001,62,1,100,99,24,62,308929.78268265724
5585,-62.900000000000006,62,1,100,98,22,62,308989.6526527405
5586,-58.2,62,1,100,98,24,62,309053.2502026558
5587,-62.90000000000001,62,1,100,97,22,62,309114.23751711845
5588,-62.850000000000016,62,1,100,97,23,62,309177.25139689445
5589,-62.200000000000024,62,1,100,95,24,62,309251.66317486763
5590,-57.75000000000001,62,1,100,98,21,62,309318.93930721283
5591,-62.900000000000006,62,1,100,98,22,62,309376.9227807522
5592,-57.750000000000014,62,1,100,99,21,62,309442.8221757412
5593,-57.75000000000001,62,1,100,100,21,62,309512.31177806854
5594,-56.70000000000001,62,1,100,98,18,62,309584.67530822754
5595,-56.70000000000001,62,1,100,98,18,62,309669.0174212456
5596,-56.70000000000001,62,1,100,98,18,62,309740.5724453926
5597,-56.70000000000001,62,1,100,98,18,62,309821.5480582714
5598,-56.70000000000001,62,1,100,98,18,62,309893.51764059067
5599,-56.70000000000001,62,1,100,98,18,62,309979.3958761692
5600,-56.70000000000001,62,1,100,98,18,62,310050.19450068474
5601,-56.70000000000001,62,1,100,98,18,62,310123.7599554062
5602,-56.70000000000001,62,1,100,98,18,62,310195.26874899864
5603,-56.70000000000001,62,1,100,98,18,62,310265.7993607521
5604,-56.70000000000001,62,1,100,98,18,62,310339.39694833755
5605,-56.70000000000001,62,1,100,98,18,62,310410.8659553528
5606,-56.70000000000001,62,1,100,98,18,62,310484.4515693188
5607,-56.70000000000001,62,1,100,98,18,62,310561.03628873825
5608,-56.70000000000001,62,1,100,98,18,62,310654.0602324009
5609,-56.70000000000001,62,1,100,98,18,62,310724.45576524734
5610,-61.250000000000014,62,1,100,96,19,62,310795.88284158707
5611,-56.70000000000001,62,1,100,98,18,62,310872.12141919136
5612,-56.70000000000001,62,1,100,98,18,62,310945.76848721504
5613,-56.70000000000001,62,1,100,98,18,62,311036.0048315525
5614,-56.70000000000001,62,1,100,98,18,62,311106.7892706394
5615,-56.70000000000001,62,1,100,98,18,62,311181.59407019615
5616,-56.70000000000001,62,1,100,98,18,62,311258.45913910866
5617,-56.70000000000001,62,1,100,98,18,62,311331.72056245804
5618,-63.350000000000016,62,1,100,97,17,62,311405.13319063187
5619,-56.70000000000001,62,1,100,98,18,62,311475.71411442757
5620,-56.70000000000001,62,1,100,98,18,62,311557.79939699173
5621,-56.70000000000001,62,1,100,98,18,62,311633.48259902
5622,-56.70000000000001,62,1,100,98,18,62,311705.73912477493
5623,-56.70000000000001,62,1,100,98,18,62,311787.0517435074
5624,-56.70000000000001,62,1,100,98,18,62,311861.91270804405
5625,-56.70000000000001,62,1,100,98,18,62,311933.87600278854
5626,-56.70000000000001,62,1,100,98,18,62,312010.6517467499
5627,-56.70000000000001,62,1,100,98,18,62,312083.73916101456
5628,-61.250000000000014,62,1,100,96,19,62,312154.8863403797
5629,-56.70000000000001,62,1,100,98,18,62,312226.86739706993
5630,-56.70000000000001,62,1,100,98,18,62,312307.3820438385
5631,-61.150000000000006,62,1,100,95,21,62,312379.4130856991
5632,-56.70000000000001,62,1,100,98,18,62,312452.14295339584
5633,-56.70000000000001,62,1,100,98,18,62,312524.7320804596
5634,-56.70000000000001,62,1,100,98,18,62,312618.0812602043
5635,-56.70000000000001,62,1,100,98,18,62,312691.7951860428
5636,-56.70000000000001,62,1,100,98,18,62,312769.26729750633
5637,-56.70000000000001,62,1,100,98,18,62,312848.03853201866
5638,-56.70000000000001,62,1,100,98,18,62,312918.8527355194
5639,-56.70000000000001,62,1,100,98,18,62,313003.11246848106
5640,-56.70000000000001,62,1,100,98,18,62,313075.2147731781
5641,-56.70000000000001,62,1,100,98,18,62,313154.2123146057
5642,-56.70000000000001,62,1,100,98,18,62,313224.85305309296
5643,-56.70000000000001,62,1,100,98,18,62,313301.33768463135
5644,-56.70000000000001,62,1,100,98,18,62,313371.9417414665
5645,-56.70000000000001,62,1,100,98,18,62,313449.6879711151
5646,-56.70000000000001,62,1,100,98,18,62,313523.0897541046
5647,-56.70000000000001,62,1,100,98,18,62,313596.4557464123
5648,-56.70000000000001,62,1,100,98,18,62,313672.0002055168
5649,-56.70000000000001,62,1,100,98,18,62,313746.41328549385
5650,-56.70000000000001,62,1,100,98,18,62,313820.3847825527
5651,-64.05000000000001,62,1,100,97,23,62,313887.63036203384
5652,-56.70000000000001,62,1,100,98,18,62,313970.7591459751
5653,-61.25000000000001,62,1,100,96,19,62,314042.2894356251
5654,-56.70000000000001,62,1,100,98,18,62,314118.3923957348
5655,-56.70000000000001,62,1,100,98,18,62,314190.17509937286
5656,-56.70000000000001,62,1,100,98,18,62,314269.2335958481
5657,-56.70000000000001,62,1,100,98,18,62,314340.41249156
5658,-56.70000000000001,62,1,100,98,18,62,314440.2752048969
5659,-56.70000000000001,62,1,100,98,18,62,314513.2169277668
5660,-56.70000000000001,62,1,100,98,18,62,314587.76080322266
5661,-56.70000000000001,62,1,100,98,18,62,314661.35121774673
5662,-56.70000000000001,62,1,100,98,18,62,314734.5892663002
5663,-56.70000000000001,62,1,100,98,18,62,314804.9832186699
5664,-56.70000000000001,62,1,100,98,18,62,314876.9759647846
5665,-56.70000000000001,62,1,100,98,18,62,314953.23949575424
5666,-56.70000000000001,62,1,100,98,18,62,315027.6306426525
5667,-56.70000000000001,62,1,100,98,18,62,315106.1960976124
5668,-56.70000000000001,62,1,100,98,18,62,315183.65222120285
5669,-56.70000000000001,62,1,100,98,18,62,315254.19749617577
5670,-56.70000000000001,62,1,100,98,18,62,315330.82375335693
5671,-56.70000000000001,62,1,100,98,18,62,315402.7869756222
5672,-61.60000000000001,62,1,100,97,24,62,315476.25073742867
5673,-56.70000000000001,62,1,100,98,18,62,315548.3708050251
5674,-56.70000000000001,62,1,100,98,18,62,315619.3444492817
5675,-56.70000000000001,62,1,100,98,18,62,315692.59746718407
5676,-56.70000000000001,62,1,100,98,18,62,315773.21104073524
5677,-56.70000000000001,62,1,100,98,18,62,315845.0663175583
5678,-56.70000000000001,62,1,100,98,18,62,315921.01875948906
5679,-56.70000000000001,62,1,100,98,18,62,315995.45736169815
5680,-56.70000000000001,62,1,100,98,18,62,316071.52917313576
5681,-56.70000000000001,62,1,100,98,18,62,316140.846701622
5682,-56.70000000000001,62,1,100,98,18,62,316216.15595173836
5683,-56.70000000000001,62,1,100,98,18,62,316287.3627240658
5684,-61.150000000000006,62,1,100,95,21,62,316367.6518852711
5685,-56.70000000000001,62,1,100,98,18,62,316440.2313840389
5686,-56.70000000000001,62,1,100,98,18,62,316518.37435007095
5687,-56.70000000000001,62,1,100,98,18,62,316589.81043982506
5688,-56.70000000000001,62,1,100,98,18,62,316679.7115371227
5689,-56.70000000000001,62,1,100,98,18,62,316754.4493570328
5690,-61.250000000000014,62,1,100,96,19,62,316823.84843182564
5691,-61.75000000000001,62,1,100,95,21,62,316890.69890499115
5692,-56.70000000000001,62,1,100,98,18,62,316961.2375013828
5693,-56.70000000000001,62,1,100,98,18,62,317057.87422943115
5694,-56.70000000000001,62,1,100,98,18,62,317127.4256389141
5695,-56.70000000000001,62,1,100,98,18,62,317210.9125132561
5696,-56.70000000000001,62,1,100,98,18,62,317281.709028244
5697,-56.70000000000001,62,1,100,98,18,62,317356.2965693474
5698,-56.70000000000001,62,1,100,98,18,62,317434.3964214325
5699,-56.70000000000001,62,1,100,98,18,62,317506.26374197006
5700,-56.70000000000001,62,1,100,98,18,62,317577.06160473824
5701,-56.70000000000001,62,1,100,98,18,62,317649.15241861343
5702,-56.70000000000001,62,1,100,98,18,62,317722.3160972595
5703,-56.70000000000001,62,1,100,98,18,62,317793.933270216
5704,-56.70000000000001,62,1,100,98,18,62,317866.10293507576
5705,-56.70000000000001,62,1,100,98,18,62,317944.56193614006
5706,-56.70000000000001,62,1,100,98,18,62,318015.1045572758
5707,-61.250000000000014,62,1,100,96,19,62,318087.76858592033
5708,-57.60000000000001,62,1,100,99,24,62,318173.8536758423
5709,-56.70000000000001,62,1,100,98,18,62,318249.3903632164
5710,-56.70000000000001,62,1,100,98,18,62,318322.6378376484
5711,-56.70000000000001,62,1,100,98,18,62,318403.0754356384
5712,-61.25000000000001,62,1,100,96,19,62,318479.3339114189
5713,-56.70000000000001,62,1,100,98,18,62,318553.72964549065
5714,-56.70000000000001,62,1,100,98,18,62,318630.3433048725
5715,-56.70000000000001,62,1,100,98,18,62,318703.17350649834
5716,-56.70000000000001,62,1,100,98,18,62,318780.58466506004
5717,-56.70000000000001,62,1,100,98,18,62,318854.9292795658
5718,-56.70000000000001,62,1,100,98,18,62,318927.3699095249
5719,-56.70000000000001,62,1,100,98,18,62,319000.3736131191
5720,-56.70000000000001,62,1,100,98,18,62,319086.9549765587
5721,-56.70000000000001,62,1,100,98,18,62,319185.2512614727
5722,-56.70000000000001,62,1,100,98,18,62,319259.97897815704
5723,-56.70000000000001,62,1,100,98,18,62,319331.0968635082
5724,-56.70000000000001,62,1,100,98,18,62,319402.69581484795
5725,-56.70000000000001,62,1,100,98,18,62,319479.20846533775
5726,-56.70000000000001,62,1,100,98,18,62,319552.10090208054
5727,-56.70000000000001,62,1,100,98,18,62,319624.32413339615
5728,-56.70000000000001,62,1,100,98,18,62,319695.2155432701
5729,-56.70000000000001,62,1,100,98,18,62,319766.399007082
5730,-56.70000000000001,62,1,100,98,18,62,319837.369243145
5731,-56.70000000000001,62,1,100,98,18,62,319937.0626666546
5732,-56.70000000000001,62,1,100,98,18,62,320013.6148042679
5733,-61.150000000000006,62,1,100,95,21,62,320083.5359778404
5734,-61.150000000000006,62,1,100,95,21,62,320156.5651757717
5735,-61.150000000000006,62,1,100,95,21,62,320227.90473484993
5736,-61.150000000000006,62,1,100,95,21,62,320299.14649009705
5737,-61.15000000000001,62,1,100,97,21,62,320376.4628674984
5738,-63.05000000000002,62,1,100,96,19,62,320436.5895535946
5739,-64.40000000000002,62,1,100,96,28,62,320505.70586657524
5740,-62.95000000000001,62,1,100,97,21,62,320565.77063798904
5741,-60.35000000000001,62,1,100,99,21,62,320624.2248008251
5742,-62.95000000000002,62,1,100,97,21,62,320684.97779250145
5743,-61.15000000000001,62,1,100,97,21,62,320759.56000852585
5744,-61.600000000000016,62,1,100,97,24,62,320835.4483921528
5745,-61.150000000000006,62,1,100,95,21,62,320927.83675551414
5746,-56.70000000000001,62,1,100,98,18,62,321003.8569262028
5747,-56.70000000000001,62,1,100,98,18,62,321077.8175518513
5748,-56.70000000000001,62,1,100,98,18,62,321156.749876976
5749,-56.70000000000001,62,1,100,98,18,62,321246.5745561123
5750,-56.70000000000001,62,1,100,98,18,62,321318.1726207733
5751,-56.70000000000001,62,1,100,98,18,62,321401.28401875496
5752,-56.70000000000001,62,1,100,98,18,62,321475.00596165657
5753,-56.70000000000001,62,1,100,98,18,62,321546.8858265877
5754,-56.70000000000001,62,1,100,98,18,62,321631.632144928
5755,-61.150000000000006,62,1,100,95,21,62,321704.9806058407
5756,-57.0,62,1,100,99,24,62,321773.6298723221
5757,-56.70000000000001,62,1,100,98,18,62,321847.4491624832
5758,-56.70000000000001,62,1,100,98,18,62,321928.8056821823
5759,-56.70000000000001,62,1,100,98,18,62,322015.9259068966
5760,-56.70000000000001,62,1,100,98,18,62,322097.2277777195
5761,-56.70000000000001,62,1,100,98,18,62,322174.6432285309
5762,-56.70000000000001,62,1,100,98,18,62,322255.82819628716
5763,-56.70000000000001,62,1,100,98,18,62,322328.163469553
5764,-56.70000000000001,62,1,100,98,18,62,322406.73752069473
5765,-56.70000000000001,62,1,100,98,18,62,322478.5044038296
5766,-61.75000000000001,62,1,100,95,21,62,322566.0994832516
5767,-56.70000000000001,62,1,100,98,18,62,322643.1154310703
5768,-56.70000000000001,62,1,100,98,18,62,322722.547283411
5769,-56.70000000000001,62,1,100,98,18,62,322796.187885046
5770,-56.70000000000001,62,1,100,98,18,62,322867.08201909065
5771,-56.70000000000001,62,1,100,98,18,62,322937.03540468216
5772,-56.70000000000001,62,1,100,98,18,62,323007.33464312553
5773,-56.70000000000001,62,1,100,98,18,62,323077.9629895687
5774,-56.70000000000001,62,1,100,98,18,62,323149.55518245697
5775,-56.70000000000001,62,1,100,98,18,62,323242.6883919239
5776,-56.70000000000001,62,1,100,98,18,62,323313.7120177746
5777,-61.150000000000006,62,1,100,95,21,62,323394.25924253464
5778,-56.70000000000001,62,1,100,98,18,62,323466.60344934464
5779,-56.70000000000001,62,1,100,98,18,62,323541.43874645233
5780,-56.70000000000001,62,1,100,98,18,62,323617.035697937
5781,-56.70000000000001,62,1,100,98,18,62,323687.96761894226
5782,-57.60000000000001,62,1,100,99,20,62,323767.0109574795
5783,-58.95000000000001,62,1,100,100,25,62,323833.7220938206
5784,-56.70000000000001,62,1,100,98,18,62,323905.59147787094
5785,-56.70000000000001,62,1,100,98,18,62,323976.2506766319
5786,-56.70000000000001,62,1,100,98,18,62,324054.90357899666
5787,-56.70000000000001,62,1,100,98,18,62,324126.4337108135
5788,-56.70000000000001,62,1,100,98,18,62,324197.5666217804
5789,-56.70000000000001,62,1,100,98,18,62,324268.4132399559
5790,-56.70000000000001,62,1,100,98,18,62,324362.31564617157
5791,-56.70000000000001,62,1,100,98,18,62,324434.44869709015
5792,-56.70000000000001,62,1,100,98,18,62,324504.60064816475
5793,-56.70000000000001,62,1,100,98,18,62,324580.35957813263
5794,-56.70000000000001,62,1,100,98,18,62,324658.11740136147
5795,-56.70000000000001,62,1,100,98,18,62,324731.2822113037
5796,-56.70000000000001,62,1,100,98,18,62,324807.7469947338
5797,-56.70000000000001,62,1,100,98,18,62,324877.4410829544
5798,-56.70000000000001,62,1,100,98,18,62,324947.6211056709
5799,-56.70000000000001,62,1,100,98,18,62,325022.32688593864
5800,-56.70000000000001,62,1,100,98,18,62,325095.80281448364
5801,-56.70000000000001,62,1,100,98,18,62,325167.6332523823
5802,-56.70000000000001,62,1,100,98,18,62,325237.752048254
5803,-56.70000000000001,62,1,100,98,18,62,325317.93771886826
5804,-56.70000000000001,62,1,100,98,18,62,325390.86163282394
5805,-56.70000000000001,62,1,100,98,18,62,325471.08809542656
5806,-56.70000000000001,62,1,100,98,18,62,325541.94892287254
5807,-56.70000000000001,62,1,100,98,18,62,325612.48190259933
5808,-56.70000000000001,62,1,100,98,18,62,325692.5098938942
5809,-61.250000000000014,62,1,100,97,19,62,325760.91781044006
5810,-61.250000000000014,62,1,100,96,19,62,325844.16511678696
5811,-61.25000000000001,62,1,100,96,19,62,325914.2908511162
5812,-56.70000000000001,62,1,100,98,18,62,325987.0203373432
5813,-61.250000000000014,62,1,100,96,19,62,326059.29216885567
5814,-61.25000000000001,62,1,100,96,19,62,326133.92451548576
5815,-56.70000000000001,62,1,100,98,18,62,326208.2477748394
5816,-56.70000000000001,62,1,100,98,18,62,326288.3498530388
5817,-56.70000000000001,62,1,100,98,18,62,326359.3006927967
5818,-56.70000000000001,62,1,100,98,18,62,326431.02676415443
5819,-56.70000000000001,62,1,100,98,18,62,326521.07589530945
5820,-56.70000000000001,62,1,100,98,18,62,326591.02403998375
5821,-56.70000000000001,62,1,100,98,18,62,326664.6682341099
5822,-56.70000000000001,62,1,100,98,18,62,326758.65190935135
5823,-56.70000000000001,62,1,100,98,18,62,326832.77089190483
5824,-56.70000000000001,62,1,100,98,18,62,326902.08768725395
5825,-56.70000000000001,62,1,100,98,18,62,326978.89942359924
5826,-56.70000000000001,62,1,100,98,18,62,327067.3718099594
5827,-56.70000000000001,62,1,100,98,18,62,327140.3871176243
5828,-56.70000000000001,62,1,100,98,18,62,327213.0077366829
5829,-56.70000000000001,62,1,100,98,18,62,327284.47779226303
5830,-56.70000000000001,62,1,100,98,18,62,327362.05249905586
5831,-56.70000000000001,62,1,100,98,18,62,327441.9491980076
5832,-56.70000000000001,62,1,100,98,18,62,327512.07817626
5833,-56.70000000000001,62,1,100,98,18,62,327586.72753858566
5834,-56.70000000000001,62,1,100,98,18,62,327660.60744166374
5835,-56.70000000000001,62,1,100,98,18,62,327731.76403188705
5836,-56.70000000000001,62,1,100,98,18,62,327805.868421793
5837,-56.70000000000001,62,1,100,98,18,62,327887.1759984493
5838,-56.70000000000001,62,1,100,98,18,62,327960.04589509964
5839,-56.70000000000001,62,1,100,98,18,62,328034.94776439667
5840,-56.70000000000001,62,1,100,98,18,62,328127.80914497375
5841,-56.70000000000001,62,1,100,98,18,62,328198.0116517544
5842,-56.70000000000001,62,1,100,98,18,62,328270.05577874184
5843,-56.70000000000001,62,1,100,98,18,62,328341.68865704536
5844,-56.70000000000001,62,1,100,98,18,62,328433.52809619904
5845,-56.70000000000001,62,1,100,98,18,62,328527.13396787643
5846,-56.70000000000001,62,1,100,98,18,62,328615.235265255
5847,-56.70000000000001,62,1,100,98,18,62,328696.3118772507
5848,-56.70000000000001,62,1,100,98,18,62,328774.93763041496
5849,-56.70000000000001,62,1,100,98,18,62,328846.75793099403
5850,-56.70000000000001,62,1,100,98,18,62,328921.66680407524
5851,-56.70000000000001,62,1,100,98,18,62,328992.6557583809
5852,-61.25000000000001,62,1,100,96,19,62,329063.0993554592
5853,-61.60000000000001,62,1,100,95,24,62,329141.01554203033
5854,-56.70000000000001,62,1,100,98,18,62,329211.5521388054
5855,-56.70000000000001,62,1,100,98,18,62,329297.1537826061
5856,-56.70000000000001,62,1,100,98,18,62,329368.14273166656
5857,-56.70000000000001,62,1,100,98,18,62,329447.7951028347
5858,-56.70000000000001,62,1,100,98,18,62,329525.47129893303
5859,-56.70000000000001,62,1,100,98,18,62,329609.23182582855
5860,-56.70000000000001,62,1,100,98,18,62,329679.4706785679
5861,-56.70000000000001,62,1,100,98,18,62,329752.43381524086
5862,-56.70000000000001,62,1,100,98,18,62,329830.90513587
5863,-56.70000000000001,62,1,100,98,18,62,329907.5726799965
5864,-56.70000000000001,62,1,100,98,18,62,329979.0089082718
5865,-56.70000000000001,62,1,100,98,18,62,330057.4111907482
5866,-56.70000000000001,62,1,100,98,18,62,330128.52734065056
5867,-56.70000000000001,62,1,100,98,18,62,330209.11761283875
5868,-56.70000000000001,62,1,100,98,18,62,330283.48085427284
5869,-56.70000000000001,62,1,100,98,18,62,330360.7813050747
5870,-56.70000000000001,62,1,100,98,18,62,330432.55189323425
5871,-56.70000000000001,62,1,100,98,18,62,330511.45006394386
5872,-61.25000000000001,62,1,100,96,19,62,330583.7050271034
5873,-56.70000000000001,62,1,100,98,18,62,330655.03727579117
5874,-61.250000000000014,62,1,100,96,19,62,330726.12128281593
5875,-56.70000000000001,62,1,100,98,18,62,330800.57389736176
5876,-56.70000000000001,62,1,100,98,18,62,330874.58218312263
5877,-56.70000000000001,62,1,100,98,18,62,330955.3520190716
5878,-56.70000000000001,62,1,100,98,18,62,331030.16159391403
5879,-56.70000000000001,62,1,100,98,18,62,331101.5879955292
5880,-56.70000000000001,62,1,100,98,18,62,331172.3679506779
5881,-56.70000000000001,62,1,100,98,18,62,331245.5338242054
5882,-56.70000000000001,62,1,100,98,18,62,331323.3505191803
5883,-56.70000000000001,62,1,100,98,18,62,331398.62477612495
5884,-56.70000000000001,62,1,100,98,18,62,331469.8610522747
5885,-56.70000000000001,62,1,100,98,18,62,331547.1885211468
5886,-56.70000000000001,62,1,100,98,18,62,331620.35807585716
5887,-56.70000000000001,62,1,100,98,18,62,331696.4129881859
5888,-56.70000000000001,62,1,100,98,18,62,331768.68352389336
5889,-56.70000000000001,62,1,100,98,18,62,331854.44108462334
5890,-56.70000000000001,62,1,100,98,18,62,331926.8403201103
5891,-56.70000000000001,62,1,100,98,18,62,331999.9910919666
5892,-56.70000000000001,62,1,100,98,18,62,332082.2563147545
5893,-56.70000000000001,62,1,100,98,18,62,332152.94555544853
5894,-56.70000000000001,62,1,100,98,18,62,332228.6572909355
5895,-56.70000000000001,62,1,100,98,18,62,332299.9020831585
5896,-56.70000000000001,62,1,100,98,18,62,332371.80673003197
5897,-56.70000000000001,62,1,100,98,18,62,332451.6926782131
5898,-56.70000000000001,62,1,100,98,18,62,332528.6378233433
5899,-56.70000000000001,62,1,100,98,18,62,332599.4893505573
5900,-61.250000000000014,62,1,100,96,19,62,332692.54146909714
5901,-61.150000000000006,62,1,100,95,21,62,332783.3528764248
5902,-56.70000000000001,62,1,100,98,18,62,332852.9004867077
5903,-56.70000000000001,62,1,100,98,18,62,332925.6265575886
5904,-56.70000000000001,62,1,100,98,18,62,332997.4731347561
5905,-56.70000000000001,62,1,100,98,18,62,333070.9150607586
5906,-56.70000000000001,62,1,100,98,18,62,333153.7182509899
5907,-56.70000000000001,62,1,100,98,18,62,333223.98067975044
5908,-56.70000000000001,62,1,100,98,18,62,333308.21343922615
5909,-56.70000000000001,62,1,100,98,18,62,333379.434828043
5910,-56.70000000000001,62,1,100,98,18,62,333452.41107845306
5911,-56.70000000000001,62,1,100,98,18,62,333522.89261221886
5912,-56.70000000000001,62,1,100,98,18,62,333605.0839416981
5913,-56.70000000000001,62,1,100,98,18,62,333681.5582187176
5914,-56.70000000000001,62,1,100,98,18,62,333757.50576114655
5915,-56.70000000000001,62,1,100,98,18,62,333846.58820581436
5916,-61.150000000000006,62,1,100,95,21,62,333916.3676905632
5917,-56.70000000000001,62,1,100,98,18,62,333994.95058989525
5918,-56.70000000000001,62,1,100,98,18,62,334068.7241885662
5919,-56.70000000000001,62,1,100,98,18,62,334144.3543598652
5920,-56.70000000000001,62,1,100,98,18,62,334216.1228685379
5921,-56.70000000000001,62,1,100,98,18,62,334300.7288956642
5922,-56.70000000000001,62,1,100,98,18,62,334375.04378151894
5923,-56.70000000000001,62,1,100,98,18,62,334446.49444532394
5924,-56.70000000000001,62,1,100,98,18,62,334523.49605727196
5925,-56.70000000000001,62,1,100,98,18,62,334595.673725605
5926,-56.70000000000001,62,1,100,98,18,62,334669.5934333801
5927,-56.70000000000001,62,1,100,98,18,62,334740.5002772808
5928,-56.70000000000001,62,1,100,98,18,62,334814.02735352516
5929,-56.70000000000001,62,1,100,98,18,62,334886.1081342697
5930,-56.70000000000001,62,1,100,98,18,62,334957.22919392586
5931,-56.70000000000001,62,1,100,98,18,62,335032.857118845
5932,-56.70000000000001,62,1,100,98,18,62,335112.95086479187
5933,-56.70000000000001,62,1,100,98,18,62,335192.5392706394
5934,-56.70000000000001,62,1,100,98,18,62,335266.68607854843
5935,-56.70000000000001,62,1,100,98,18,62,335341.72138500214
5936,-56.70000000000001,62,1,100,98,18,62,335415.2366347313
5937,-56.70000000000001,62,1,100,98,18,62,335491.15537786484
5938,-56.70000000000001,62,1,100,98,18,62,335588.96676898
5939,-56.70000000000001,62,1,100,98,18,62,335659.70020222664
5940,-56.70000000000001,62,1,100,98,18,62,335734.92609477043
5941,-56.70000000000001,62,1,100,98,18,62,335806.5208187103
5942,-56.70000000000001,62,1,100,98,18,62,335883.6044533253
5943,-56.70000000000001,62,1,100,98,18,62,335955.00372576714
5944,-56.70000000000001,62,1,100,98,18,62,336029.47174263
5945,-56.70000000000001,62,1,100,98,18,62,336109.63369202614
5946,-56.70000000000001,62,1,100,98,18,62,336189.9758002758
5947,-56.70000000000001,62,1,100,98,18,62,336263.0682024956
5948,-56.70000000000001,62,1,100,98,18,62,336333.9480686188
5949,-56.70000000000001,62,1,100,98,18,62,336404.67084527016
5950,-56.70000000000001,62,1,100,98,18,62,336475.36270427704
5951,-56.70000000000001,62,1,100,98,18,62,336571.69095754623
5952,-56.70000000000001,62,1,100,98,18,62,336642.8891069889
5953,-56.70000000000001,62,1,100,98,18,62,336715.04451847076
5954,-56.70000000000001,62,1,100,98,18,62,336786.3128108978
5955,-56.70000000000001,62,1,100,98,18,62,336874.6392478943
5956,-56.70000000000001,62,1,100,98,18,62,336949.4653699398
5957,-56.70000000000001,62,1,100,98,18,62,337022.0852575302
5958,-56.70000000000001,62,1,100,98,18,62,337097.1635568142
5959,-56.70000000000001,62,1,100,98,18,62,337172.9151761532
5960,-56.70000000000001,62,1,100,98,18,62,337250.00226187706
5961,-62.750000000000014,62,1,100,95,17,62,337330.1917154789
5962,-56.70000000000001,62,1,100,98,18,62,337399.50962781906
5963,-56.70000000000001,62,1,100,98,18,62,337472.71457600594
5964,-56.70000000000001,62,1,100,98,18,62,337544.7147388458
5965,-56.70000000000001,62,1,100,98,18,62,337625.253125906
5966,-56.70000000000001,62,1,100,98,18,62,337696.2506504059
5967,-56.70000000000001,62,1,100,98,18,62,337778.170586586
5968,-56.70000000000001,62,1,100,98,18,62,337853.71715021133
5969,-56.70000000000001,62,1,100,98,18,62,337930.45871543884
5970,-56.70000000000001,62,1,100,98,18,62,338003.01759052277
5971,-56.70000000000001,62,1,100,98,18,62,338087.05110001564
5972,-56.70000000000001,62,1,100,98,18,62,338158.8344938755
5973,-56.70000000000001,62,1,100,98,18,62,338230.432672739
5974,-56.70000000000001,62,1,100,98,18,62,338312.5415418148
5975,-56.70000000000001,62,1,100,98,18,62,338401.4579985142
5976,-56.70000000000001,62,1,100,98,18,62,338482.1962878704
5977,-56.70000000000001,62,1,100,98,18,62,338555.38243174553
5978,-56.70000000000001,62,1,100,98,18,62,338628.3746087551
5979,-56.70000000000001,62,1,100,98,18,62,338699.86728334427
5980,-56.70000000000001,62,1,100,98,18,62,338770.10914587975
5981,-56.70000000000001,62,1,100,98,18,62,338852.7259092331
5982,-56.70000000000001,62,1,100,98,18,62,338926.4304013252
5983,-56.70000000000001,62,1,100,98,18,62,338998.0735666752
5984,-56.70000000000001,62,1,100,98,18,62,339069.7495343685
5985,-56.70000000000001,62,1,100,98,18,62,339162.46021556854
5986,-56.70000000000001,62,1,100,98,18,62,339233.29898548126
5987,-61.600000000000016,62,1,100,96,24,62,339301.79201054573
5988,-61.250000000000014,62,1,100,96,19,62,339377.66355872154
5989,-56.70000000000001,62,1,100,98,18,62,339449.53436255455
5990,-56.70000000000001,62,1,100,98,18,62,339520.44973635674
5991,-56.70000000000001,62,1,100,98,18,62,339614.73089933395
5992,-56.70000000000001,62,1,100,98,18,62,339693.81093525887
5993,-56.70000000000001,62,1,100,98,18,62,339766.83058166504
5994,-56.70000000000001,62,1,100,98,18,62,339836.96208667755
5995,-56.70000000000001,62,1,100,98,18,62,339908.80098724365
5996,-56.70000000000001,62,1,100,98,18,62,339980.1211988926
5997,-56.70000000000001,62,1,100,98,18,62,340052.23778533936
5998,-56.70000000000001,62,1,100,98,18,62,340122.0094435215
5999,-56.70000000000001,62,1,100,98,18,62,340198.4738922119
6000,-56.70000000000001,62,1,100,98,18,62,340274.0124042034
6001,-56.70000000000001,62,1,100,98,18,62,340345.8135666847
6002,-56.70000000000001,62,1,100,98,18,62,340428.2633340359
6003,-56.70000000000001,62,1,100,98,18,62,340499.61399769783
6004,-56.70000000000001,62,1,100,98,18,62,340585.74184799194
6005,-56.70000000000001,62,1,100,98,18,62,340659.3737668991
6006,-56.70000000000001,62,1,100,98,18,62,340730.82254076004
6007,-56.70000000000001,62,1,100,98,18,62,340801.51692295074
6008,-56.70000000000001,62,1,100,98,18,62,340873.9370265007
6009,-56.70000000000001,62,1,100,98,18,62,340967.15034127235
6010,-56.70000000000001,62,1,100,98,18,62,341038.5953710079
6011,-56.70000000000001,62,1,100,98,18,62,341111.4133377075
6012,-56.70000000000001,62,1,100,98,18,62,341181.30224490166
6013,-56.70000000000001,62,1,100,98,18,62,341263.97794651985
6014,-56.70000000000001,62,1,100,98,18,62,341340.8895688057
6015,-56.70000000000001,62,1,100,98,18,62,341413.8752820492
6016,-56.70000000000001,62,1,100,98,18,62,341482.25811100006
6017,-56.70000000000001,62,1,100,98,18,62,341574.6705095768
6018,-56.70000000000001,62,1,100,98,18,62,341648.95347857475
6019,-56.70000000000001,62,1,100,98,18,62,341722.24100613594
6020,-56.70000000000001,62,1,100,98,18,62,341794.5454170704
6021,-56.70000000000001,62,1,100,98,18,62,341867.499253273
6022,-56.70000000000001,62,1,100,98,18,62,341939.9755034447
6023,-56.70000000000001,62,1,100,98,18,62,342012.1046411991
6024,-56.70000000000001,62,1,100,98,18,62,342090.4315919876
6025,-56.70000000000001,62,1,100,98,18,62,342162.58593797684
6026,-56.70000000000001,62,1,100,98,18,62,342240.21691441536
6027,-56.70000000000001,62,1,100,98,18,62,342316.2520031929
6028,-56.70000000000001,62,1,100,98,18,62,342394.7538290024
6029,-56.70000000000001,62,1,100,98,18,62,342467.12178874016
6030,-56.70000000000001,62,1,100,98,18,62,342538.4640631676
6031,-56.70000000000001,62,1,100,98,18,62,342611.4855003357
6032,-56.70000000000001,62,1,100,98,18,62,342683.37972164154
6033,-56.70000000000001,62,1,100,98,18,62,342760.28577923775
6034,-56.70000000000001,62,1,100,98,18,62,342839.96032595634
6035,-56.70000000000001,62,1,100,98,18,62,342911.5731945038
6036,-56.70000000000001,62,1,100,98,18,62,342987.70229673386
6037,-56.70000000000001,62,1,100,98,18,62,343064.4750008583
6038,-57.950000000000024,62,1,100,100,25,62,343143.4005353451
6039,-56.70000000000001,62,1,100,98,18,62,343214.9228196144
6040,-63.350000000000016,62,1,100,97,17,62,343313.54901981354
6041,-56.70000000000001,62,1,100,98,18,62,343385.49143123627
6042,-56.70000000000001,62,1,100,98,18,62,343457.7642683983
6043,-56.70000000000001,62,1,100,98,18,62,343544.6010158062
6044,-56.70000000000001,62,1,100,98,18,62,343616.3845114708
6045,-56.70000000000001,62,1,100,98,18,62,343697.50299310684
6046,-56.70000000000001,62,1,100,98,18,62,343786.9885237217
6047,-56.70000000000001,62,1,100,98,18,62,343859.7971088886
6048,-56.70000000000001,62,1,100,98,18,62,343931.7851433754
6049,-56.70000000000001,62,1,100,98,18,62,344016.98822021484
6050,-56.70000000000001,62,1,100,98,18,62,344092.66402459145
6051,-56.70000000000001,62,1,100,98,18,62,344172.4662270546
6052,-56.70000000000001,62,1,100,98,18,62,344248.7155096531
6053,-56.70000000000001,62,1,100,98,18,62,344319.5902206898
6054,-56.70000000000001,62,1,100,98,18,62,344395.5395286083
6055,-56.70000000000001,62,1,100,98,18,62,344468.45352363586
6056,-56.70000000000001,62,1,100,98,18,62,344540.3633775711
6057,-56.70000000000001,62,1,100,98,18,62,344616.08199334145
6058,-56.70000000000001,62,1,100,98,18,62,344694.77280831337
6059,-56.70000000000001,62,1,100,98,18,62,344770.4322054386
6060,-56.70000000000001,62,1,100,98,18,62,344843.5334942341
6061,-56.70000000000001,62,1,100,98,18,62,344917.54273056984
6062,-56.70000000000001,62,1,100,98,18,62,344987.24423480034
6063,-56.70000000000001,62,1,100,98,18,62,345059.20162177086
6064,-56.70000000000001,62,1,100,98,18,62,345141.32640242577
6065,-56.70000000000001,62,1,100,98,18,62,345222.1293811798
6066,-61.150000000000006,62,1,100,95,21,62,345295.00078082085
6067,-56.70000000000001,62,1,100,98,18,62,345368.37442445755
6068,-56.70000000000001,62,1,100,98,18,62,345448.11643505096
6069,-56.70000000000001,62,1,100,98,18,62,345533.73706674576
6070,-56.70000000000001,62,1,100,98,18,62,345606.3577802181
6071,-56.70000000000001,62,1,100,98,18,62,345690.7578895092
6072,-61.15000000000001,62,1,100,97,21,62,345770.1806306839
6073,-56.70000000000001,62,1,100,98,18,62,345842.36773848534
6074,-56.70000000000001,62,1,100,98,18,62,345934.3167164326
6075,-56.70000000000001,62,1,100,98,18,62,346007.37536263466
6076,-56.70000000000001,62,1,100,98,18,62,346078.59442687035
6077,-56.70000000000001,62,1,100,98,18,62,346153.0555047989
6078,-56.70000000000001,62,1,100,98,18,62,346225.75134801865
6079,-56.70000000000001,62,1,100,98,18,62,346307.0714659691
6080,-56.70000000000001,62,1,100,98,18,62,346380.68390750885
6081,-56.70000000000001,62,1,100,98,18,62,346455.9369108677
6082,-56.70000000000001,62,1,100,98,18,62,346540.7064733505
6083,-56.70000000000001,62,1,100,98,18,62,346613.322889328
6084,-56.70000000000001,62,1,100,98,18,62,346688.09651112556
6085,-56.70000000000001,62,1,100,98,18,62,346763.5999827385
6086,-56.70000000000001,62,1,100,98,18,62,346835.5407035351
6087,-56.70000000000001,62,1,100,98,18,62,346909.6596505642
6088,-56.70000000000001,62,1,100,98,18,62,346992.0782482624
6089,-56.70000000000001,62,1,100,98,18,62,347082.0859851837
6090,-56.70000000000001,62,1,100,98,18,62,347153.33912730217
6091,-56.70000000000001,62,1,100,98,18,62,347226.0499045849
6092,-61.90000000000002,62,1,100,98,22,62,347293.72633361816
6093,-56.70000000000001,62,1,100,98,18,62,347361.0661010742
6094,-56.70000000000001,62,1,100,98,18,62,347424.00378131866
6095,-56.70000000000001,62,1,100,98,18,62,347486.6725780964
6096,-56.70000000000001,62,1,100,98,18,62,347548.52559661865
6097,-56.70000000000001,62,1,100,98,18,62,347607.5681555271
6098,-58.70000000000001,62,1,100,100,18,62,347669.68865442276
6099,-56.70000000000001,62,1,100,98,18,62,347727.9417796135
6100,-56.70000000000001,62,1,100,98,18,62,347787.30783200264
6101,-56.70000000000001,62,1,100,98,18,62,347845.6238787174
6102,-56.70000000000001,62,1,100,98,18,62,347904.3355219364
6103,-56.70000000000001,62,1,100,98,18,62,347962.61703777313
6104,-56.70000000000001,62,1,100,98,18,62,348020.30580306053
6105,-56.70000000000001,62,1,100,98,18,62,348079.0003595352
6106,-56.70000000000001,62,1,100,98,18,62,348137.53130602837
6107,-56.70000000000001,62,1,100,98,18,62,348195.6452653408
6108,-56.70000000000001,62,1,100,98,18,62,348254.1454718113
6109,-56.70000000000001,62,1,100,98,18,62,348311.6726157665
6110,-56.70000000000001,62,1,100,98,18,62,348369.7653234005
6111,-56.70000000000001,62,1,100,98,18,62,348427.45378899574
6112,-56.70000000000001,62,1,100,98,18,62,348485.6787586212
6113,-56.70000000000001,62,1,100,98,18,62,348543.9234011173
6114,-56.70000000000001,62,1,100,98,18,62,348602.6645190716
6115,-56.70000000000001,62,1,100,98,18,62,348660.14272141457
6116,-56.70000000000001,62,1,100,98,18,62,348719.22640681267
6117,-56.70000000000001,62,1,100,98,18,62,348779.56900429726
6118,-56.70000000000001,62,1,100,98,18,62,348837.9555873871
6119,-56.70000000000001,62,1,100,98,18,62,348895.39764499664
6120,-56.70000000000001,62,1,100,98,18,62,348954.2687394619
6121,-56.70000000000001,62,1,100,98,18,62,349012.10189533234
6122,-56.70000000000001,62,1,100,98,18,62,349070.12410497665
6123,-56.70000000000001,62,1,100,98,18,62,349128.37917375565
6124,-56.70000000000001,62,1,100,98,18,62,349187.3405613899
6125,-56.70000000000001,62,1,100,98,18,62,349245.6804347038
6126,-56.70000000000001,62,1,100,98,18,62,349304.95373749733
6127,-56.70000000000001,62,1,100,98,18,62,349363.75722694397
6128,-61.25000000000001,62,1,100,96,19,62,349421.5074353218
6129,-56.70000000000001,62,1,100,98,18,62,349480.482534647
6130,-56.70000000000001,62,1,100,98,18,62,349539.12900948524
6131,-56.70000000000001,62,1,100,98,18,62,349597.8148882389
6132,-56.70000000000001,62,1,100,98,18,62,349656.418776989
6133,-56.70000000000001,62,1,100,98,18,62,349715.3187470436
6134,-56.70000000000001,62,1,100,98,18,62,349774.0370423794
6135,-56.70000000000001,62,1,100,98,18,62,349831.29627013206
6136,-56.70000000000001,62,1,100,98,18,62,349889.89927077293
6137,-56.70000000000001,62,1,100,98,18,62,349948.7903225422
6138,-56.70000000000001,62,1,100,98,18,62,350006.5213570595
6139,-56.70000000000001,62,1,100,98,18,62,350064.6871638298
6140,-56.70000000000001,62,1,100,98,18,62,350122.62125992775
6141,-56.70000000000001,62,1,100,98,18,62,350181.4638402462
6142,-56.70000000000001,62,1,100,98,18,62,350239.1044101715
6143,-56.70000000000001,62,1,100,98,18,62,350297.24470567703
6144,-56.70000000000001,62,1,100,98,18,62,350354.57100725174
6145,-56.70000000000001,62,1,100,98,18,62,350412.8534207344
6146,-56.70000000000001,62,1,100,98,18,62,350470.5184979439
6147,-56.70000000000001,62,1,100,98,18,62,350529.4337131977
6148,-56.70000000000001,62,1,100,98,18,62,350587.2336025238
6149,-56.70000000000001,62,1,100,98,18,62,350646.15554332733
6150,-56.70000000000001,62,1,100,98,18,62,350703.45627975464
6151,-56.70000000000001,62,1,100,98,18,62,350761.8229765892
6152,-56.70000000000001,62,1,100,98,18,62,350820.07849144936
6153,-56.70000000000001,62,1,100,98,18,62,350877.2214958668
6154,-56.70000000000001,62,1,100,98,18,62,350934.19112730026
6155,-56.70000000000001,62,1,100,98,18,62,350992.26549243927
6156,-56.70000000000001,62,1,100,98,18,62,351051.2985649109
6157,-56.70000000000001,62,1,100,98,18,62,351109.1916387081
6158,-56.70000000000001,62,1,100,98,18,62,351166.0923655033
6159,-56.70000000000001,62,1,100,98,18,62,351225.5771124363
6160,-56.70000000000001,62,1,100,98,18,62,351283.74836564064
6161,-56.70000000000001,62,1,100,98,18,62,351342.00297665596
6162,-56.70000000000001,62,1,100,98,18,62,351400.5578124523
6163,-56.70000000000001,62,1,100,98,18,62,351459.0938911438
6164,-56.70000000000001,62,1,100,98,18,62,351518.3031139374
6165,-56.70000000000001,62,1,100,98,18,62,351576.4743461609
6166,-56.70000000000001,62,1,100,98,18,62,351635.0781905651
6167,-56.70000000000001,62,1,100,98,18,62,351691.8658750057
6168,-56.70000000000001,62,1,100,98,18,62,351749.2522482872
