episode,reward,max_height,max_level,actions,actions_to_max_height,unique_positions,best_height_ever,time_seconds
10,-145.20000000000005,-298,0,100,0,36,0,278.89903593063354
16,-140.70000000000005,62,1,100,38,18,62,578.0769701004028
20,-145.79999999999995,-298,0,100,0,24,62,777.1830894947052
25,-142.60000000000002,62,1,100,24,20,62,1046.6040842533112
26,-142.5,62,1,100,91,22,62,1105.3015401363373
29,-140.70000000000005,62,1,100,27,18,62,1220.194990158081
30,-146.3,-298,0,100,0,14,62,1247.3191742897034
33,-129.45000000000002,62,1,100,99,35,62,1500.0873515605927
34,-136.95000000000002,62,1,100,28,25,62,1604.3390469551086
40,-140.50000000000003,62,1,100,33,22,62,2076.344705581665
42,-134.90000000000003,62,1,100,32,26,62,2235.517217874527
45,-117.00000000000004,62,1,100,99,36,62,2363.730507850647
46,-117.40000000000006,62,1,100,78,44,62,2425.647565603256
47,-135.10000000000002,62,1,100,99,30,62,2474.5615191459656
48,-121.75000000000006,62,1,100,99,33,62,2531.31578373909
49,-116.60000000000001,62,1,100,87,20,62,2588.338122367859
50,-106.75000000000003,62,1,100,90,33,62,2660.8088359832764
51,-116.15000000000003,62,1,100,84,41,62,2726.3150956630707
52,-108.05000000000001,62,1,100,97,31,62,2818.607595205307
53,-88.24999999999999,62,1,100,88,23,62,2899.948874235153
54,-129.3,62,1,100,55,30,62,2987.1197743415833
55,-118.89999999999998,62,1,100,93,22,62,3081.02188372612
56,-108.95,62,1,100,85,25,62,3172.634865760803
57,-110.09999999999998,62,1,100,91,22,62,3266.7948219776154
58,-120.85000000000001,62,1,100,92,23,62,3352.998035430908
59,-129.50000000000003,62,1,100,61,26,62,3442.073017835617
60,-113.35000000000001,62,1,100,84,25,62,3536.9784891605377
61,-124.10000000000001,62,1,100,73,26,62,3624.0409400463104
62,-111.65,62,1,100,93,27,62,3719.067373275757
63,-104.8,62,1,100,96,20,62,3805.2301070690155
64,-98.55,62,1,100,95,17,62,3907.526191711426
65,-122.45000000000002,62,1,100,79,27,62,3984.2368812561035
66,-99.3,62,1,100,92,22,62,4085.5410721302032
67,-99.35,62,1,100,92,21,62,4183.31002831459
69,-95.65000000000002,62,1,100,90,23,62,4291.813991785049
70,-98.60000000000001,62,1,100,100,24,62,4391.8094618320465
71,-124.25,62,1,100,55,23,62,4484.738868713379
72,-103.54999999999998,62,1,100,95,25,62,4583.962517738342
73,-113.54999999999998,62,1,100,92,21,62,4669.736979007721
74,-111.20000000000002,62,1,100,97,20,62,4769.014490842819
75,-109.10000000000002,62,1,100,74,22,62,4863.7882380485535
76,-97.35000000000001,62,1,100,93,21,62,4959.564342737198
77,-107.85000000000002,62,1,100,86,27,62,5051.897507190704
78,-107.65000000000002,62,1,100,91,31,62,5146.11936879158
79,-99.30000000000003,62,1,100,99,30,62,5238.901309728622
80,-118.90000000000002,62,1,100,51,22,62,5299.865947961807
81,-125.55,422,2,100,46,33,422,5392.874093055725
90,-97.55,62,1,100,91,17,422,6316.706103086472
100,-109.30000000000001,62,1,100,99,26,422,7256.780023097992
110,-123.45000000000002,62,1,100,91,27,422,8158.368708372116
112,-128.05000000000007,422,2,100,63,35,422,8345.768941402435
114,-118.95000000000005,422,2,100,70,41,422,8519.077782154083
116,-131.75000000000006,422,2,100,39,37,422,8698.37396478653
117,-131.9,422,2,100,21,34,422,8788.325361967087
120,-122.45000000000002,62,1,100,50,31,422,9048.665813207626
124,-128.50000000000006,422,2,100,82,38,422,9395.472663640976
126,-134.65000000000003,422,2,100,60,23,422,9572.317128419876
127,-128.75000000000003,422,2,100,93,33,422,9660.861502170563
130,-125.30000000000001,422,2,100,82,26,422,9921.148085832596
133,-127.35000000000002,422,2,100,70,33,422,10175.756076335907
134,-96.99999999999999,422,2,100,100,32,422,10270.142882585526
136,-127.85000000000004,422,2,100,56,23,422,10418.236977815628
137,-127.9,422,2,100,99,18,422,10506.942301988602
139,-131.05,422,2,100,29,27,422,10631.837191820145
140,-129.25000000000003,422,2,100,80,35,422,10719.790320396423
141,-125.00000000000006,422,2,100,100,40,422,10804.700512647629
142,-106.55000000000003,422,2,100,100,37,422,10897.996207475662
143,-122.25000000000003,422,2,100,45,31,422,10971.744798660278
144,-125.50000000000004,422,2,100,94,30,422,11074.062490940094
145,-101.54999999999998,422,2,100,95,33,422,11188.666430473328
146,-112.0,422,2,100,89,32,422,11286.566572904587
147,-113.44999999999999,422,2,100,97,35,422,11384.565341234207
148,-94.24999999999999,422,2,100,100,31,422,11492.567984580994
149,-90.55000000000001,422,2,100,100,25,422,11608.711064100266
150,-111.35,422,2,100,73,25,422,11732.772338867188
151,-99.00000000000001,422,2,100,93,28,422,11849.977062702179
152,-124.95000000000002,422,2,100,98,37,422,11931.428449630737
153,-116.60000000000004,422,2,100,71,36,422,12052.026797533035
154,-109.50000000000003,422,2,100,91,34,422,12159.700816392899
155,-104.65,422,2,100,82,31,422,12280.3399746418
156,-109.15,422,2,100,77,29,422,12398.848684549332
157,-113.25000000000004,422,2,100,94,43,422,12505.726046800613
158,-107.00000000000003,422,2,100,87,44,422,12597.428770065308
159,-123.35000000000007,422,2,100,100,33,422,12713.33106470108
160,-113.64999999999999,422,2,100,92,31,422,12805.960745334625
161,-121.50000000000001,422,2,100,79,26,422,12874.467325925827
162,-112.74999999999999,422,2,100,97,25,422,12952.588932991028
163,-114.35000000000001,422,2,100,96,33,422,13034.064971446991
164,-117.30000000000003,422,2,100,82,34,422,13128.155763864517
165,-103.2,422,2,100,84,24,422,13227.754888772964
166,-118.35000000000004,422,2,100,86,29,422,13329.955585479736
167,-101.60000000000002,422,2,100,96,36,422,13428.025291919708
168,-101.6,422,2,100,97,24,422,13544.930220603943
169,-107.29999999999998,422,2,100,90,18,422,13634.4574944973
170,-119.8,62,1,100,84,24,422,13732.32188463211
175,-115.55000000000003,422,2,100,81,33,422,14242.589069366455
180,-118.95,62,1,100,86,21,422,14732.623191595078
190,-124.4,62,1,100,64,20,422,15651.409573316574
199,-113.85000000000001,422,2,100,84,31,422,16480.572646141052
200,-112.75,422,2,100,79,29,422,16566.996619462967
201,-107.35,422,2,100,90,33,422,16657.43538403511
202,-115.70000000000002,422,2,100,80,42,422,16743.84332895279
203,-121.95000000000007,422,2,100,95,33,422,16850.60513830185
204,-128.5,422,2,100,13,30,422,16948.888124227524
205,-108.55,422,2,100,87,37,422,17037.265738248825
207,-113.80000000000003,422,2,100,91,36,422,17156.513908147812
208,-115.60000000000005,422,2,100,72,40,422,17247.173835992813
209,-101.8,422,2,100,97,28,422,17352.81446647644
210,-109.39999999999999,422,2,100,66,32,422,17439.943645954132
211,-113.65,422,2,100,78,35,422,17529.063193798065
212,-117.95000000000002,422,2,100,100,37,422,17620.636239290237
213,-110.20000000000003,422,2,100,83,20,422,17713.28948020935
214,-115.75000000000003,422,2,100,56,41,422,17804.645048618317
216,-118.05000000000005,422,2,100,100,35,422,18002.129301786423
217,-118.35000000000004,422,2,100,68,41,422,18087.962666273117
218,-109.95000000000002,422,2,100,96,33,422,18173.127106189728
219,-105.69999999999999,422,2,100,89,30,422,18258.52793765068
220,-112.64999999999999,422,2,100,94,31,422,18347.984403848648
221,-124.85000000000001,422,2,100,54,35,422,18424.66828751564
222,-112.40000000000002,422,2,100,92,32,422,18515.434022665024
223,-107.99999999999999,422,2,100,90,32,422,18601.866053581238
224,-110.20000000000002,422,2,100,96,28,422,18691.584633350372
225,-110.2,422,2,100,93,36,422,18781.20259284973
226,-115.75000000000004,422,2,100,93,37,422,18872.845019102097
227,-107.39999999999999,422,2,100,78,36,422,18963.701076984406
228,-110.55000000000001,422,2,100,94,33,422,19053.5622484684
229,-105.65000000000002,422,2,100,98,35,422,19139.030220508575
230,-105.10000000000002,422,2,100,98,30,422,19228.805513620377
231,-109.15,422,2,100,74,37,422,19319.506238222122
232,-126.00000000000003,422,2,100,28,32,422,19411.605668783188
234,-115.30000000000001,422,2,100,92,34,422,19515.41413998604
235,-126.20000000000002,422,2,100,93,36,422,19595.88916659355
236,-108.64999999999999,422,2,100,88,39,422,19682.07986354828
237,-125.05000000000001,422,2,100,93,43,422,19770.18746137619
238,-109.1,422,2,100,100,30,422,19860.35774755478
239,-116.90000000000002,422,2,100,97,38,422,19948.44959950447
240,-131.65,422,2,100,17,31,422,20042.087792634964
241,-114.45,422,2,100,98,35,422,20132.17158150673
242,-120.15,422,2,100,76,29,422,20225.031831502914
243,-114.94999999999999,422,2,100,82,29,422,20317.553013801575
244,-114.45,422,2,100,79,35,422,20408.277755975723
245,-112.75,422,2,100,95,41,422,20501.365909814835
246,-106.85000000000001,422,2,100,91,35,422,20592.649780511856
247,-116.64999999999999,422,2,100,96,31,422,20684.702201366425
248,-108.5,422,2,100,92,34,422,20776.52328801155
249,-116.85000000000001,422,2,100,93,35,422,20867.651054620743
250,-114.10000000000001,422,2,100,86,30,422,20956.983664751053
251,-121.15000000000005,422,2,100,88,41,422,21042.561268806458
252,-118.30000000000003,422,2,100,88,34,422,21130.222310066223
253,-110.7,422,2,100,91,30,422,21222.455498933792
254,-115.44999999999999,422,2,100,90,27,422,21316.603902578354
255,-116.4,422,2,100,96,36,422,21405.95693540573
256,-120.05000000000003,422,2,100,92,39,422,21495.35222530365
257,-111.05,422,2,100,84,31,422,21589.423001527786
258,-116.45,422,2,100,64,27,422,21683.987954378128
259,-106.19999999999999,422,2,100,93,32,422,21773.310777187347
260,-112.15000000000002,422,2,100,95,33,422,21865.47273349762
261,-120.39999999999999,422,2,100,95,36,422,21950.311321020126
262,-116.6,422,2,100,94,24,422,22047.037301540375
263,-115.80000000000001,422,2,100,97,32,422,22135.143365621567
264,-113.35000000000002,422,2,100,84,29,422,22210.685992002487
265,-115.60000000000001,422,2,100,100,36,422,22285.355721473694
266,-118.04999999999998,422,2,100,86,31,422,22362.89327788353
267,-113.49999999999999,422,2,100,89,18,422,22446.770218849182
268,-110.84999999999998,422,2,100,89,27,422,22529.630385398865
269,-116.74999999999996,422,2,100,99,21,422,22615.15062880516
270,-141.49999999999994,62,1,100,18,22,422,22689.171136140823
271,-116.49999999999999,422,2,100,88,30,422,22767.55503797531
272,-115.44999999999996,422,2,100,89,27,422,22847.705637454987
273,-117.54999999999998,422,2,100,97,25,422,22927.97404360771
274,-128.15000000000003,422,2,100,99,33,422,23002.03104877472
275,-127.55000000000004,422,2,100,99,33,422,23062.42649245262
276,-119.60000000000002,422,2,100,90,40,422,23141.126491069794
277,-111.85000000000001,422,2,100,85,35,422,23219.527658224106
278,-115.89999999999998,422,2,100,94,26,422,23305.01284480095
279,-117.69999999999999,422,2,100,90,30,422,23385.341685533524
280,-118.25000000000001,422,2,100,69,27,422,23462.189358711243
281,-117.8,422,2,100,92,28,422,23538.993838071823
282,-114.10000000000001,422,2,100,94,38,422,23613.36326956749
283,-130.55000000000004,422,2,100,97,37,422,23685.28391122818
284,-115.89999999999999,422,2,100,96,30,422,23772.25593495369
285,-122.15000000000002,422,2,100,55,45,422,23848.006958961487
286,-120.99999999999997,422,2,100,85,24,422,23921.10606765747
287,-133.89999999999998,422,2,100,98,18,422,23994.824047088623
288,-112.45000000000003,422,2,100,85,35,422,24077.12838768959
289,-111.24999999999997,422,2,100,96,31,422,24153.383858680725
290,-112.64999999999999,422,2,100,84,31,422,24234.601639270782
291,-127.30000000000003,422,2,100,97,42,422,24295.126412391663
292,-119.05000000000003,422,2,100,82,47,422,24369.128149986267
293,-112.14999999999998,422,2,100,93,29,422,24447.684424638748
294,-107.34999999999998,422,2,100,87,37,422,24525.99729514122
295,-122.75000000000003,422,2,100,76,41,422,24598.442105054855
296,-109.50000000000003,422,2,100,74,42,422,24673.7314388752
297,-105.40000000000003,422,2,100,86,40,422,24753.90550994873
298,-101.55000000000001,422,2,100,80,41,422,24833.330812215805
299,-115.55000000000004,422,2,100,82,41,422,24911.538707494736
300,-114.24999999999999,422,2,100,99,31,422,24987.856993198395
301,-107.85,422,2,100,76,31,422,25072.33594894409
302,-133.3,422,2,100,19,22,422,25097.85500216484
303,-117.35000000000005,422,2,100,89,45,422,25172.030509233475
304,-107.05,422,2,100,90,31,422,25245.83354473114
305,-115.39999999999999,422,2,100,95,36,422,25299.90871310234
306,-115.55,422,2,100,97,37,422,25376.302146196365
307,-131.0,422,2,100,28,28,422,25408.233835220337
308,-103.85000000000002,422,2,100,98,39,422,25484.689283132553
309,-108.05000000000003,422,2,100,89,35,422,25561.895414352417
310,-122.95,422,2,100,96,37,422,25611.740510463715
311,-110.75000000000003,422,2,100,90,41,422,25686.54173350334
312,-118.85000000000002,422,2,100,94,39,422,25763.844568252563
313,-104.75,422,2,100,100,33,422,25841.21533513069
314,-112.65,422,2,100,100,39,422,25910.051458120346
315,-110.0,422,2,100,90,36,422,25987.142690181732
316,-102.25,422,2,100,100,35,422,26064.92241358757
317,-103.0,422,2,100,86,32,422,26141.71231174469
318,-114.70000000000003,422,2,100,87,34,422,26210.299369335175
319,-115.34999999999997,422,2,100,96,29,422,26286.954147577286
320,-108.95,422,2,100,85,29,422,26365.871838331223
321,-119.50000000000003,422,2,100,94,30,422,26413.68607521057
322,-111.60000000000002,422,2,100,96,44,422,26488.968047380447
323,-120.10000000000001,422,2,100,88,38,422,26560.842416524887
324,-107.84999999999997,422,2,100,90,27,422,26637.22032213211
325,-112.44999999999999,422,2,100,81,35,422,26715.197145462036
326,-109.00000000000003,422,2,100,95,40,422,26785.3949239254
327,-116.00000000000001,422,2,100,96,36,422,26851.05885720253
328,-121.15000000000002,422,2,100,70,37,422,26924.99827694893
329,-124.00000000000001,422,2,100,58,40,422,26998.800979852676
330,-118.35000000000002,422,2,100,63,33,422,27052.696420907974
331,-111.15,422,2,100,96,37,422,27125.41112470627
332,-97.95,422,2,100,99,41,422,27196.900109529495
333,-126.45000000000002,422,2,100,95,35,422,27235.988767385483
334,-122.55000000000003,422,2,100,91,25,422,27299.642949581146
335,-94.05000000000001,422,2,100,100,39,422,27381.893319368362
336,-110.60000000000004,422,2,100,92,36,422,27455.370683431625
337,-107.10000000000001,422,2,100,89,38,422,27531.161131858826
338,-104.85000000000001,422,2,100,93,35,422,27605.62625312805
339,-107.95000000000003,422,2,100,76,41,422,27681.141341924667
340,-118.40000000000002,422,2,100,96,36,422,27756.060922384262
341,-120.15,422,2,100,95,45,422,27825.793578863144
342,-116.90000000000002,422,2,100,79,34,422,27900.81986284256
343,-115.25000000000001,422,2,100,97,23,422,27979.550971508026
344,-105.00000000000004,422,2,100,94,40,422,28051.261351823807
345,-116.1,422,2,100,89,22,422,28128.61771917343
346,-119.15,422,2,100,58,29,422,28205.497046470642
347,-116.95000000000002,422,2,100,91,33,422,28283.77653837204
348,-113.1,422,2,100,81,22,422,28357.510910749435
349,-117.50000000000001,422,2,100,79,34,422,28433.03767800331
350,-121.64999999999999,422,2,100,96,31,422,28508.694259405136
351,-106.00000000000003,422,2,100,100,32,422,28586.553286075592
352,-116.8,422,2,100,90,36,422,28659.680433750153
353,-115.79999999999998,422,2,100,96,28,422,28733.16638278961
354,-118.1,422,2,100,86,22,422,28808.97022342682
355,-119.40000000000005,422,2,100,96,40,422,28878.8463139534
356,-120.05000000000003,422,2,100,86,39,422,28954.762436389923
357,-114.6,422,2,100,97,28,422,29026.315276384354
358,-119.0,422,2,100,87,24,422,29101.448881864548
359,-115.75000000000003,422,2,100,57,45,422,29169.468391895294
360,-117.20000000000002,422,2,100,92,36,422,29245.06336593628
361,-113.84999999999997,422,2,100,90,35,422,29316.615957975388
362,-116.30000000000004,422,2,100,81,50,422,29389.306571483612
363,-124.25000000000006,422,2,100,73,43,422,29456.224145174026
364,-114.59999999999998,422,2,100,94,32,422,29531.273124694824
365,-118.30000000000003,422,2,100,89,34,422,29600.753707647324
366,-119.75000000000004,422,2,100,97,37,422,29672.202388763428
367,-113.04999999999997,422,2,100,88,23,422,29747.148109674454
368,-112.85000000000001,422,2,100,89,35,422,29821.44137120247
369,-109.15000000000002,422,2,100,100,37,422,29896.107645511627
370,-111.40000000000002,422,2,100,89,36,422,29967.24859881401
371,-112.15,422,2,100,100,29,422,30043.29243159294
372,-106.75,422,2,100,97,41,422,30118.761038780212
373,-99.39999999999999,422,2,100,99,40,422,30196.07001376152
374,-117.25,422,2,100,87,27,422,30276.228383779526
375,-103.0,422,2,100,89,32,422,30353.628866672516
376,-91.69999999999999,422,2,100,99,38,422,30430.243884563446
377,-115.40000000000002,422,2,100,92,36,422,30501.03985762596
378,-112.40000000000002,422,2,100,96,40,422,30577.774733304977
379,-111.85000000000002,422,2,100,96,39,422,30651.231414794922
380,-114.25,422,2,100,87,39,422,30727.47350883484
381,-107.65000000000005,422,2,100,89,43,422,30801.457326173782
382,-107.65,422,2,100,100,35,422,30878.414272785187
383,-102.6,422,2,100,93,36,422,30954.640504837036
384,-111.75,422,2,100,86,37,422,31014.93874526024
385,-115.55,422,2,100,99,37,422,31085.6087641716
386,-107.34999999999998,422,2,100,93,33,422,31156.28825521469
387,-127.10000000000005,422,2,100,38,38,422,31204.775092840195
388,-114.20000000000003,422,2,100,99,32,422,31273.71562576294
389,-97.55000000000001,422,2,100,100,37,422,31342.50434112549
390,-98.54999999999998,422,2,100,99,29,422,31429.754312992096
391,-112.35000000000002,422,2,100,90,33,422,31499.04852938652
392,-120.50000000000004,422,2,100,89,42,422,31554.782847881317
393,-119.75000000000001,422,2,100,68,41,422,31624.18604326248
394,-111.4,422,2,100,93,36,422,31699.05901646614
395,-108.99999999999999,422,2,100,99,36,422,31778.69147324562
396,-111.65,422,2,100,87,35,422,31856.474813222885
397,-97.10000000000001,422,2,100,99,34,422,31935.29486322403
398,-107.70000000000002,422,2,100,99,34,422,32002.016618728638
399,-112.09999999999998,422,2,100,97,34,422,32079.943469524384
400,-104.85000000000001,422,2,100,100,35,422,32150.346513986588
401,-109.65,422,2,100,99,39,422,32228.73013305664
402,-107.0,422,2,100,87,36,422,32302.216408729553
403,-106.20000000000002,422,2,100,70,44,422,32375.093831062317
404,-115.55000000000001,422,2,100,97,37,422,32444.475304841995
405,-112.35000000000004,422,2,100,93,37,422,32513.626662492752
406,-110.6,422,2,100,87,32,422,32589.591842889786
407,-110.09999999999998,422,2,100,96,26,422,32663.097326040268
408,-106.60000000000002,422,2,100,99,40,422,32737.357050418854
409,-111.59999999999998,422,2,100,97,28,422,32811.83758330345
410,-112.6,422,2,100,92,40,422,32885.7671482563
411,-117.55,422,2,100,95,33,422,32948.37535214424
412,-108.85000000000001,422,2,100,100,35,422,33021.21652388573
413,-102.8,422,2,100,99,28,422,33096.698419094086
414,-109.25,422,2,100,99,35,422,33172.26463866234
415,-112.95,422,2,100,81,29,422,33254.74037218094
416,-113.10000000000001,422,2,100,90,38,422,33327.650017499924
417,-116.74999999999999,422,2,100,86,29,422,33402.49154663086
418,-103.30000000000001,422,2,100,99,26,422,33482.33545303345
419,-101.75,422,2,100,97,37,422,33552.45363402367
420,-119.50000000000003,422,2,100,94,42,422,33626.22834062576
421,-113.40000000000002,422,2,100,87,36,422,33704.32000088692
422,-113.85,422,2,100,84,35,422,33773.3238837719
423,-108.10000000000002,422,2,100,95,38,422,33841.97383356094
424,-113.00000000000001,422,2,100,80,40,422,33916.3577337265
425,-130.05000000000007,422,2,100,94,35,422,33975.647480249405
426,-103.8,422,2,100,96,40,422,34050.22711920738
427,-110.85,422,2,100,98,35,422,34125.960295677185
428,-118.00000000000001,422,2,100,95,32,422,34200.59456562996
429,-117.30000000000003,422,2,100,81,34,422,34267.40219974518
430,-106.15,422,2,100,98,45,422,34331.81180310249
431,-127.05000000000003,422,2,100,51,39,422,34404.450577259064
432,-117.65000000000003,422,2,100,93,43,422,34473.165217876434
433,-126.85,422,2,100,94,27,422,34550.776519060135
434,-131.0,422,2,100,64,36,422,34627.95925593376
435,-122.35000000000002,422,2,100,65,37,422,34683.52323746681
436,-109.8,422,2,100,99,24,422,34756.28497719765
437,-103.50000000000001,422,2,100,86,42,422,34831.35091781616
438,-106.55000000000003,422,2,100,98,41,422,34903.70393419266
439,-116.15,422,2,100,98,37,422,34973.57329630852
440,-111.45000000000003,422,2,100,99,35,422,35046.58696889877
441,-108.64999999999999,422,2,100,97,31,422,35119.43014359474
442,-112.1,422,2,100,96,38,422,35179.72266936302
443,-128.25000000000003,422,2,100,40,35,422,35242.810868024826
444,-106.94999999999999,422,2,100,94,41,422,35311.28453564644
445,-120.40000000000005,422,2,100,98,40,422,35374.6682100296
446,-119.6,422,2,100,84,40,422,35446.91469025612
447,-109.94999999999999,422,2,100,95,37,422,35527.53846716881
448,-130.10000000000002,422,2,100,74,38,422,35602.09392595291
450,-103.59999999999998,422,2,100,100,20,422,35753.03204512596
451,-132.05000000000004,422,2,100,71,35,422,35821.46427488327
452,-108.9,422,2,100,94,42,422,35894.71119737625
453,-131.14999999999998,422,2,100,82,25,422,35962.817428827286
454,-110.25,422,2,100,96,31,422,36026.51385593414
456,-113.25000000000006,422,2,100,99,47,422,36171.83683156967
457,-100.89999999999999,422,2,100,96,26,422,36250.07669901848
458,-121.40000000000002,422,2,100,100,32,422,36317.75095868111
459,-131.10000000000002,422,2,100,29,34,422,36378.00507354736
460,-96.65,422,2,100,85,27,422,36460.26814222336
461,-104.3,422,2,100,93,38,422,36542.7745218277
462,-120.54999999999998,422,2,100,82,29,422,36617.255301475525
463,-132.25000000000003,422,2,100,27,31,422,36691.606426000595
464,-129.20000000000002,422,2,100,94,36,422,36762.16873383522
465,-122.15000000000002,422,2,100,73,41,422,36837.696184158325
466,-125.85000000000001,422,2,100,86,35,422,36900.89575433731
467,-108.85000000000004,422,2,100,87,43,422,36972.17186689377
468,-105.80000000000001,422,2,100,93,32,422,37039.740330934525
469,-133.2,422,2,100,24,24,422,37119.31411743164
470,-119.7,422,2,100,90,30,422,37193.954202890396
471,-119.85,422,2,100,86,31,422,37262.67857789993
472,-110.05000000000003,422,2,100,87,35,422,37338.6563308239
473,-126.15000000000003,422,2,100,47,37,422,37393.10203695297
474,-123.64999999999999,422,2,100,50,31,422,37442.72487330437
475,-117.55,422,2,100,82,33,422,37507.1973092556
477,-131.55000000000004,422,2,100,97,25,422,37613.20341134071
478,-116.35000000000002,422,2,100,72,41,422,37682.51993918419
479,-111.45000000000002,422,2,100,82,43,422,37761.39055681229
480,-96.05000000000003,422,2,100,100,39,422,37838.59530758858
481,-122.60000000000002,422,2,100,90,44,422,37907.51445865631
482,-114.35000000000004,422,2,100,94,37,422,37977.64889860153
483,-131.25000000000006,422,2,100,55,31,422,38039.66352057457
484,-126.00000000000001,422,2,100,57,32,422,38115.024213552475
485,-115.50000000000006,422,2,100,90,42,422,38174.35032892227
486,-120.05000000000001,422,2,100,93,43,422,38241.17485690117
487,-102.44999999999999,422,2,100,98,35,422,38315.718229055405
488,-104.75000000000004,422,2,100,83,37,422,38385.053567409515
489,-104.80000000000001,422,2,100,100,32,422,38446.082693338394
490,-125.10000000000002,422,2,100,73,30,422,38510.32783532143
491,-112.55000000000004,422,2,100,95,37,422,38591.464034318924
492,-110.70000000000005,422,2,100,93,38,422,38653.194964170456
493,-124.55000000000003,422,2,100,54,41,422,38706.55312490463
494,-102.35000000000002,422,2,100,96,41,422,38776.65773701668
495,-122.60000000000004,422,2,100,92,40,422,38829.77725291252
496,-122.55000000000001,422,2,100,88,37,422,38892.51147341728
497,-107.5,422,2,100,90,42,422,38967.7469701767
499,-136.50000000000006,422,2,100,13,34,422,39085.54855012894
500,-124.05,422,2,100,58,31,422,39146.391954660416
501,-124.15000000000008,422,2,100,89,45,422,39204.377697229385
502,-116.25000000000003,422,2,100,73,47,422,39268.26858496666
503,-109.35000000000001,422,2,100,74,41,422,39341.27839970589
504,-110.14999999999999,422,2,100,83,41,422,39408.952886343
505,-123.50000000000004,422,2,100,69,42,422,39470.54880571365
506,-119.55,422,2,100,64,33,422,39530.045699596405
507,-123.45000000000007,422,2,100,68,39,422,39577.87526893616
508,-90.55000000000004,422,2,100,79,33,422,39645.068840026855
509,-108.90000000000003,422,2,100,86,34,422,39704.26768684387
510,-118.7,422,2,100,81,42,422,39767.62512135506
511,-126.00000000000006,422,2,100,99,36,422,39837.82461190224
512,-126.20000000000002,422,2,100,79,28,422,39914.272839307785
513,-110.60000000000001,422,2,100,98,36,422,39987.45845246315
514,-118.80000000000003,422,2,100,100,36,422,40043.8918428421
515,-101.94999999999999,422,2,100,91,33,422,40113.1279771328
516,-129.90000000000003,422,2,100,88,30,422,40160.81001543999
517,-110.55000000000003,422,2,100,67,37,422,40237.84169960022
518,-112.60000000000005,422,2,100,76,48,422,40314.714997291565
519,-124.10000000000001,422,2,100,82,42,422,40386.961423158646
520,-113.10000000000004,422,2,100,98,38,422,40452.83963370323
521,-124.10000000000002,422,2,100,93,42,422,40520.76852059364
522,-120.9,422,2,100,74,38,422,40585.648785591125
523,-118.80000000000003,422,2,100,79,36,422,40639.75799369812
524,-102.25000000000006,422,2,100,85,39,422,40714.232216119766
525,-123.90000000000003,422,2,100,68,34,422,40771.5086209774
526,-125.40000000000003,422,2,100,92,44,422,40834.87737941742
527,-118.35000000000004,422,2,100,99,33,422,40895.96426534653
528,-115.60000000000001,422,2,100,98,32,422,40956.35469579697
529,-127.05000000000003,422,2,100,93,31,422,41016.703775405884
530,-88.25000000000003,422,2,100,90,35,422,41088.72009062767
531,-119.45000000000002,422,2,100,96,35,422,41155.357036590576
532,-119.70000000000003,422,2,100,66,38,422,41216.95525813103
533,-96.15000000000003,422,2,100,99,33,422,41292.74727106094
534,-109.25000000000001,422,2,100,98,43,422,41361.73664903641
535,-96.85000000000002,422,2,100,97,35,422,41439.201142549515
536,-102.45000000000003,422,2,100,85,43,422,41517.92089223862
537,-100.65000000000002,422,2,100,97,35,422,41593.737265110016
538,-100.45,422,2,100,99,39,422,41667.45563149452
539,-110.85,422,2,100,94,31,422,41741.96491646767
540,-117.7,422,2,100,96,34,422,41810.736241817474
541,-111.70000000000003,422,2,100,99,34,422,41882.88209414482
542,-111.20000000000002,422,2,100,76,40,422,41950.86635184288
543,-113.45000000000002,422,2,100,94,35,422,42022.58620786667
544,-106.7,422,2,100,96,34,422,42101.8400247097
545,-118.45000000000002,422,2,100,85,39,422,42161.45986914635
546,-113.85000000000002,422,2,100,98,35,422,42220.552893161774
547,-115.20000000000003,422,2,100,95,40,422,42285.480439424515
548,-109.14999999999999,422,2,100,94,41,422,42345.18401646614
549,-107.05000000000001,422,2,100,92,35,422,42409.00770640373
550,-116.00000000000004,422,2,100,95,44,422,42470.892647981644
551,-123.00000000000003,422,2,100,56,40,422,42531.10491871834
552,-112.15000000000002,422,2,100,80,45,422,42604.17415928841
553,-133.2,422,2,100,34,24,422,42666.45286440849
554,-124.55000000000001,422,2,100,91,41,422,42724.57935166359
555,-103.25000000000006,422,2,100,97,51,422,42796.36581277847
556,-100.60000000000001,422,2,100,94,36,422,42867.67227959633
557,-99.65,422,2,100,88,39,422,42945.05391955376
558,-96.05000000000001,422,2,100,98,39,422,43022.29568147659
559,-115.20000000000003,422,2,100,97,44,422,43082.444175720215
560,-114.05000000000003,422,2,100,92,47,422,43148.36303925514
561,-119.35000000000005,422,2,100,97,45,422,43212.59598445892
562,-99.19999999999999,422,2,100,99,36,422,43288.25138926506
563,-110.00000000000001,422,2,100,92,40,422,43360.91488003731
564,-103.09999999999998,422,2,100,90,38,422,43426.89904284477
565,-126.20000000000002,422,2,100,50,28,422,43491.7863240242
566,-115.6,422,2,100,96,40,422,43558.20620703697
567,-110.05000000000003,422,2,100,94,35,422,43620.49264192581
568,-118.14999999999999,422,2,100,88,33,422,43689.176035642624
569,-117.0,422,2,100,98,32,422,43760.741683483124
570,-120.45000000000003,422,2,100,58,39,422,43826.90604019165
571,-114.60000000000004,422,2,100,92,36,422,43893.92983698845
572,-103.75000000000003,422,2,100,90,37,422,43960.263853788376
573,-125.15000000000006,422,2,100,96,33,422,44022.6494576931
574,-108.65000000000003,422,2,100,91,35,422,44095.44355225563
575,-92.65000000000002,422,2,100,87,35,422,44168.52287340164
576,-118.35,422,2,100,89,33,422,44233.960310935974
577,-96.70000000000002,422,2,100,59,22,422,44293.93800806999
578,-111.40000000000002,422,2,100,97,40,422,44361.898071050644
579,-127.35000000000004,422,2,100,90,33,422,44403.51097679138
580,-92.85,422,2,100,100,35,422,44480.48870015144
581,-98.35000000000001,422,2,100,100,33,422,44553.72891831398
582,-119.80000000000003,422,2,100,80,40,422,44619.61336159706
583,-107.75000000000004,422,2,100,98,41,422,44690.94132041931
584,-107.60000000000004,422,2,100,88,36,422,44764.54002070427
585,-114.4,422,2,100,72,40,422,44833.33266425133
586,-109.10000000000001,422,2,100,81,38,422,44904.07269072533
587,-107.7,422,2,100,97,34,422,44971.20158243179
588,-109.35,422,2,100,77,33,422,45034.933938741684
589,-84.44999999999997,422,2,100,98,27,422,45109.956146240234
590,-115.45000000000002,422,2,100,75,39,422,45175.02428340912
591,-114.65000000000003,422,2,100,94,43,422,45244.18542408943
592,-103.2,422,2,100,98,40,422,45322.117619514465
593,-100.15000000000005,422,2,100,90,41,422,45398.498173713684
594,-108.85000000000002,422,2,100,99,31,422,45471.21146821976
595,-98.80000000000003,422,2,100,98,40,422,45547.86653161049
596,-104.55000000000003,422,2,100,78,41,422,45617.043640851974
597,-107.9,422,2,100,100,38,422,45685.155619859695
598,-115.55000000000004,422,2,100,88,45,422,45758.06764173508
599,-120.20000000000005,422,2,100,53,44,422,45826.132341861725
600,-114.75000000000001,422,2,100,82,33,422,45885.751449108124
601,-100.25000000000003,422,2,100,93,35,422,45953.70949077606
602,-107.39999999999999,422,2,100,92,36,422,46030.15279841423
603,-114.35000000000001,422,2,100,93,33,422,46098.567150592804
604,-107.30000000000003,422,2,100,100,34,422,46174.38574886322
605,-122.50000000000004,422,2,100,77,34,422,46241.41157579422
606,-116.15,422,2,100,98,33,422,46312.1831946373
607,-112.45,422,2,100,91,43,422,46390.173894405365
608,-112.25000000000003,422,2,100,99,39,422,46459.99140334129
609,-122.30000000000004,422,2,100,93,42,422,46525.67548108101
610,-121.8,422,2,100,85,28,422,46591.58875966072
611,-129.95000000000007,422,2,100,80,37,422,46653.94689679146
612,-85.60000000000001,422,2,100,72,28,422,46730.20546555519
613,-107.75000000000001,422,2,100,79,37,422,46804.84906864166
614,-117.7,422,2,100,97,38,422,46862.13352894783
615,-86.85000000000001,422,2,100,88,31,422,46939.16497659683
616,-107.25000000000001,422,2,100,91,39,422,47014.49619460106
617,-122.50000000000004,422,2,100,95,46,422,47079.04668664932
618,-100.79999999999998,422,2,100,99,32,422,47144.63734650612
619,-105.10000000000004,422,2,100,94,34,422,47214.054138183594
620,-104.60000000000001,422,2,100,84,32,422,47281.60936307907
621,-118.70000000000007,422,2,100,92,34,422,47325.14917206764
622,-112.55000000000003,422,2,100,69,37,422,47394.06102395058
623,-107.85000000000004,422,2,100,97,39,422,47457.6618874073
624,-93.94999999999997,422,2,100,96,33,422,47523.865371227264
625,-119.90000000000006,422,2,100,75,38,422,47595.71197295189
626,-100.14999999999998,422,2,100,98,29,422,47672.25434780121
627,-122.70000000000003,422,2,100,45,38,422,47733.74521327019
628,-97.75000000000001,422,2,100,92,33,422,47806.307948589325
629,-116.40000000000002,422,2,100,91,32,422,47870.11611557007
630,-110.85000000000002,422,2,100,100,31,422,47938.721350193024
631,-101.10000000000002,422,2,100,96,38,422,48004.931362867355
632,-108.69999999999999,422,2,100,94,30,422,48073.53979110718
633,-104.10000000000002,422,2,100,87,38,422,48148.10173511505
634,-84.15,422,2,100,77,25,422,48222.6085999012
635,-121.50000000000001,422,2,100,50,34,422,48285.77971696854
636,-125.30000000000001,422,2,100,74,34,422,48338.22450351715
637,-101.15000000000002,422,2,100,78,37,422,48406.14755296707
638,-96.95000000000003,422,2,100,92,37,422,48475.27678632736
639,-123.85,422,2,100,39,23,422,48542.25586414337
640,-121.10000000000002,422,2,100,64,38,422,48622.93079018593
641,-110.25000000000001,422,2,100,90,35,422,48693.38644909859
642,-111.49999999999999,422,2,100,97,30,422,48764.967302799225
643,-112.55000000000001,422,2,100,98,37,422,48830.01185154915
644,-120.14999999999999,422,2,100,75,33,422,48896.677557468414
645,-115.85000000000001,422,2,100,49,27,422,48951.834728479385
647,-111.75000000000001,422,2,100,99,33,422,49076.8956990242
648,-122.35000000000001,422,2,100,71,29,422,49143.191401958466
649,-111.85000000000002,422,2,100,95,39,422,49208.71447920799
650,-146.0,-298,0,100,0,20,422,49257.97333240509
651,-103.50000000000003,422,2,100,99,50,422,49327.44049549103
652,-94.35,422,2,100,93,25,422,49403.263464450836
653,-90.89999999999996,422,2,100,97,38,422,49478.546127319336
654,-102.94999999999999,422,2,100,95,29,422,49554.660517692566
655,-72.2,422,2,100,100,24,422,49630.5327296257
656,-122.85000000000005,422,2,100,70,35,422,49701.24024248123
657,-102.35,422,2,100,99,33,422,49769.63679242134
658,-111.75,422,2,100,84,37,422,49836.44409060478
659,-97.84999999999998,422,2,100,95,31,422,49912.46987128258
660,-104.15000000000002,422,2,100,75,37,422,49981.91786313057
661,-111.50000000000003,422,2,100,73,38,422,50052.77066779137
662,-118.35000000000002,422,2,100,100,33,422,50111.11066579819
663,-112.75000000000003,422,2,100,64,41,422,50182.82775807381
664,-113.39999999999999,422,2,100,87,32,422,50256.297716856
665,-77.00000000000001,422,2,100,100,28,422,50335.99183297157
666,-93.75000000000001,422,2,100,100,29,422,50409.49279952049
667,-106.30000000000001,422,2,100,100,42,422,50483.01952672005
668,-91.64999999999999,422,2,100,99,31,422,50562.95928764343
669,-77.85000000000001,422,2,100,86,23,422,50638.8123459816
670,-105.34999999999998,422,2,100,97,33,422,50698.78042817116
671,-114.75000000000003,422,2,100,95,37,422,50761.90568327904
672,-119.35000000000005,422,2,100,87,41,422,50821.49341106415
673,-111.00000000000003,422,2,100,90,36,422,50889.13206529617
674,-90.65,422,2,100,88,27,422,50963.118943452835
675,-92.89999999999999,422,2,100,95,34,422,51038.86662077904
676,-112.95,422,2,100,89,37,422,51102.846794605255
677,-108.35000000000001,422,2,100,94,37,422,51171.34588050842
678,-119.30000000000004,422,2,100,83,38,422,51234.9430065155
679,-130.4,422,2,100,77,28,422,51291.473546504974
680,-112.99999999999997,422,2,100,90,24,422,51362.45355343819
681,-97.1,422,2,100,82,38,422,51440.497797727585
682,-73.94999999999999,422,2,100,98,21,422,51517.515562295914
683,-83.84999999999998,422,2,100,86,27,422,51598.376294612885
684,-92.80000000000001,422,2,100,72,28,422,51673.2530400753
685,-113.25000000000003,422,2,100,99,43,422,51740.520313978195
686,-100.24999999999999,422,2,100,96,27,422,51814.231624126434
687,-98.75000000000001,422,2,100,94,33,422,51884.07068037987
688,-108.35000000000001,422,2,100,96,41,422,51957.310904979706
689,-112.55000000000003,422,2,100,81,37,422,52021.0760447979
690,-91.69999999999997,422,2,100,97,34,422,52086.75739336014
691,-105.40000000000002,422,2,100,96,36,422,52147.65071988106
692,-106.00000000000001,422,2,100,98,32,422,52208.388571977615
693,-73.1,422,2,100,98,22,422,52282.27745819092
694,-85.15,422,2,100,94,33,422,52361.235834121704
695,-79.35000000000001,422,2,100,99,29,422,52434.466905117035
696,-72.75,422,2,100,97,25,422,52508.75635099411
697,-107.34999999999998,422,2,100,77,25,422,52570.252180337906
698,-90.50000000000001,422,2,100,100,34,422,52647.11033368111
699,-98.04999999999998,422,2,100,92,31,422,52711.66444683075
700,-100.89999999999999,422,2,100,100,30,422,52776.56442594528
701,-127.15000000000002,422,2,100,75,37,422,52838.65642738342
702,-121.4,422,2,100,69,40,422,52905.19557404518
703,-100.90000000000003,422,2,100,62,34,422,52976.161440610886
704,-121.85000000000002,422,2,100,63,31,422,53043.51801276207
705,-105.4,422,2,100,86,36,422,53118.80726957321
706,-91.10000000000004,422,2,100,99,30,422,53180.1541121006
707,-84.5,422,2,100,99,26,422,53250.00901770592
708,-127.10000000000004,422,2,100,38,38,422,53300.92682600021
709,-101.75000000000006,422,2,100,97,41,422,53365.7154071331
710,-83.19999999999997,422,2,100,98,32,422,53439.86461520195
711,-97.15,422,2,100,93,29,422,53512.34034156799
712,-78.85000000000001,422,2,100,96,23,422,53588.36317157745
713,-112.75000000000001,422,2,100,97,33,422,53653.095277071
714,-78.94999999999999,422,2,100,100,29,422,53729.01617145538
715,-114.80000000000001,422,2,100,97,28,422,53803.37477970123
716,-92.9,422,2,100,97,22,422,53874.32572674751
717,-98.85000000000001,422,2,100,97,27,422,53944.558461904526
718,-106.2,422,2,100,99,32,422,54016.048161268234
719,-90.05,422,2,100,99,23,422,54087.88240933418
720,-100.2,422,2,100,81,36,422,54158.81384706497
721,-110.10000000000004,422,2,100,96,30,422,54210.450150966644
722,-71.85000000000001,422,2,100,99,23,422,54284.3232793808
723,-110.45000000000003,422,2,100,60,31,422,54359.91299510002
724,-74.70000000000002,422,2,100,95,22,422,54435.7655684948
725,-84.19999999999999,422,2,100,97,32,422,54514.14170336723
726,-117.75000000000003,422,2,100,89,45,422,54579.70568203926
727,-79.30000000000004,422,2,100,88,30,422,54650.19104671478
728,-70.95000000000003,422,2,100,96,21,422,54727.27344727516
729,-100.45,422,2,100,98,43,422,54797.68515467644
730,-114.55,422,2,100,43,33,422,54860.841527700424
731,-85.69999999999997,422,2,100,98,34,422,54934.59816479683
732,-94.19999999999999,422,2,100,97,32,422,55010.79074430466
733,-108.7,422,2,100,100,34,422,55076.999108076096
734,-103.59999999999998,422,2,100,98,28,422,55148.47293305397
735,-99.4,422,2,100,74,32,422,55221.1328356266
736,-86.85,422,2,100,85,31,422,55300.08503174782
737,-70.2,422,2,100,97,20,422,55373.300985097885
738,-94.89999999999999,422,2,100,83,30,422,55449.307000637054
739,-110.80000000000004,422,2,100,63,32,422,55512.550909519196
740,-97.04999999999998,422,2,100,89,23,422,55582.14258122444
741,-108.55000000000001,422,2,100,72,37,422,55650.670644044876
742,-90.05000000000003,422,2,100,81,35,422,55719.22217607498
743,-84.75000000000003,422,2,100,100,29,422,55786.77096533775
744,-103.90000000000002,422,2,100,86,34,422,55848.376286268234
745,-98.44999999999997,422,2,100,85,31,422,55914.83838176727
746,-97.00000000000003,422,2,100,86,36,422,55991.61960864067
747,-89.45000000000002,422,2,100,99,35,422,56068.85893893242
748,-86.14999999999999,422,2,100,89,33,422,56148.484340429306
749,-89.1,422,2,100,89,34,422,56226.53449559212
750,-88.2,422,2,100,99,28,422,56299.331377744675
751,-120.95000000000003,422,2,100,97,37,422,56369.002630233765
752,-94.14999999999998,422,2,100,93,29,422,56431.308767318726
753,-104.70000000000003,422,2,100,92,38,422,56501.81572794914
754,-98.55000000000001,422,2,100,77,33,422,56570.693655490875
755,-97.65,422,2,100,99,35,422,56646.71456074715
756,-95.6,422,2,100,98,32,422,56716.82729792595
757,-108.0,422,2,100,99,36,422,56791.11378836632
758,-88.35000000000002,422,2,100,97,41,422,56869.591086387634
759,-99.60000000000002,422,2,100,99,36,422,56938.9230093956
760,-112.55,422,2,100,80,45,422,57007.17072343826
761,-76.64999999999998,422,2,100,99,35,422,57084.849642276764
762,-110.79999999999998,422,2,100,94,32,422,57145.00019288063
763,-86.6,422,2,100,96,24,422,57220.82240843773
764,-84.30000000000001,422,2,100,95,26,422,57294.46652555466
765,-84.10000000000004,422,2,100,82,26,422,57370.97651052475
766,-117.85,422,2,100,83,35,422,57441.58792901039
767,-86.74999999999997,422,2,100,96,33,422,57517.44410085678
768,-124.90000000000008,422,2,100,22,42,422,57573.66734814644
769,-75.1,422,2,100,100,18,422,57643.40534377098
770,-102.55000000000004,422,2,100,88,33,422,57707.11262392998
771,-129.20000000000002,422,2,100,99,28,422,57741.1863796711
772,-73.95,422,2,100,96,21,422,57818.82137942314
773,-111.9,422,2,100,79,34,422,57883.177736997604
774,-101.29999999999998,422,2,100,96,26,422,57961.85354733467
775,-93.14999999999999,422,2,100,99,29,422,58036.09842848778
776,-94.19999999999999,422,2,100,94,24,422,58113.192058324814
777,-84.94999999999999,422,2,100,99,25,422,58184.481850624084
778,-104.75000000000006,422,2,100,94,33,422,58254.42010188103
779,-92.95,422,2,100,100,33,422,58320.51410317421
780,-66.2,422,2,100,99,20,422,58396.4775326252
781,-97.84999999999997,422,2,100,96,31,422,58465.92647647858
782,-74.94999999999999,422,2,100,98,21,422,58546.64806652069
783,-100.85000000000002,422,2,100,99,31,422,58612.01359605789
784,-86.39999999999999,422,2,100,97,28,422,58686.073709487915
785,-79.75000000000004,422,2,100,92,25,422,58762.29102754593
786,-124.70000000000005,422,2,100,94,34,422,58831.3856921196
787,-92.80000000000003,422,2,100,90,36,422,58906.55989599228
788,-106.40000000000002,422,2,100,77,36,422,58966.939869880676
789,-86.44999999999999,422,2,100,99,35,422,59046.38795828819
790,-91.25,422,2,100,86,31,422,59116.32927083969
791,-83.2,422,2,100,96,32,422,59189.353573322296
792,-82.80000000000001,422,2,100,90,28,422,59265.949848651886
793,-87.40000000000002,422,2,100,99,24,422,59332.564361810684
794,-104.65,422,2,100,90,27,422,59398.61583685875
795,-83.14999999999999,422,2,100,89,25,422,59468.678399801254
796,-112.85,422,2,100,90,31,422,59537.16321873665
797,-85.35000000000001,422,2,100,82,21,422,59616.06419253349
798,-69.3,422,2,100,99,14,422,59690.80377626419
799,-129.20000000000005,422,2,100,92,40,422,59747.41133069992
800,-89.44999999999999,422,2,100,98,27,422,59818.389228105545
801,-109.25000000000006,422,2,100,100,43,422,59880.64967775345
802,-84.24999999999999,422,2,100,100,31,422,59953.72922325134
803,-116.30000000000003,422,2,100,60,38,422,60008.51317834854
804,-104.05000000000003,422,2,100,96,27,422,60062.54626607895
805,-80.80000000000001,422,2,100,88,20,422,60127.16237282753
806,-110.45000000000003,422,2,100,91,31,422,60179.67676067352
807,-109.80000000000003,422,2,100,63,28,422,60238.60748434067
808,-113.05000000000001,422,2,100,78,31,422,60302.022141218185
809,-93.19999999999997,422,2,100,98,20,422,60366.2658700943
810,-101.40000000000002,422,2,100,87,32,422,60436.68281912804
811,-97.90000000000003,422,2,100,96,34,422,60505.54261660576
812,-97.75,422,2,100,97,25,422,60570.490451812744
813,-70.45000000000003,422,2,100,87,19,422,60642.00161886215
814,-89.94999999999995,422,2,100,97,25,422,60706.28761601448
815,-83.80000000000004,422,2,100,96,28,422,60776.63434505463
816,-94.04999999999998,422,2,100,85,27,422,60851.46645092964
817,-91.45000000000002,422,2,100,97,27,422,60921.988933086395
818,-94.45,422,2,100,97,35,422,60995.97766804695
819,-109.35000000000002,422,2,100,65,33,422,61067.288717508316
820,-79.85,422,2,100,97,23,422,61143.03380513191
821,-112.55,422,2,100,77,37,422,61210.33248305321
822,-89.85000000000001,422,2,100,100,27,422,61281.45175433159
823,-77.25,422,2,100,100,23,422,61358.1225733757
824,-105.85000000000001,422,2,100,81,27,422,61423.62270665169
825,-89.44999999999999,422,2,100,91,27,422,61496.768337488174
826,-88.34999999999997,422,2,100,97,21,422,61568.43707847595
827,-81.30000000000003,422,2,100,90,26,422,61642.50616002083
828,-92.69999999999996,422,2,100,97,30,422,61711.10439276695
829,-67.9,422,2,100,100,22,422,61785.98272776604
830,-106.24999999999999,422,2,100,84,27,422,61848.45383501053
831,-83.80000000000001,422,2,100,99,28,422,61917.12058329582
832,-92.15000000000002,422,2,100,84,33,422,61993.172013282776
833,-79.0,422,2,100,97,28,422,62067.19612121582
834,-110.40000000000002,422,2,100,66,32,422,62129.53760409355
835,-107.30000000000001,422,2,100,73,30,422,62189.27374458313
836,-73.30000000000001,422,2,100,99,22,422,62271.45095682144
837,-84.45000000000002,422,2,100,100,27,422,62348.85117650032
838,-109.85000000000001,422,2,100,93,35,422,62415.257811546326
839,-82.3,422,2,100,95,26,422,62494.296833753586
840,-80.1,422,2,100,95,26,422,62573.95144820213
841,-88.54999999999998,422,2,100,98,25,422,62646.21427202225
842,-99.60000000000001,422,2,100,98,32,422,62715.26712465286
843,-67.55000000000001,422,2,100,98,13,422,62790.619759082794
844,-84.4,422,2,100,90,32,422,62867.971767663956
845,-98.85,422,2,100,97,23,422,62933.099183797836
846,-91.94999999999999,422,2,100,98,25,422,63005.5194311142
847,-96.90000000000003,422,2,100,68,26,422,63071.097702264786
848,-96.64999999999999,422,2,100,100,27,422,63139.64184546471
849,-71.55,422,2,100,97,21,422,63217.39918708801
850,-90.89999999999998,422,2,100,96,26,422,63288.607331991196
851,-75.5,422,2,100,98,22,422,63365.29743528366
852,-84.50000000000001,422,2,100,97,34,422,63435.34892368317
853,-112.15000000000003,422,2,100,88,33,422,63498.341821432114
854,-73.25000000000001,422,2,100,96,27,422,63574.77019524574
855,-81.4,422,2,100,96,20,422,63644.62324333191
856,-96.65000000000002,422,2,100,100,39,422,63717.19538187981
857,-92.1,422,2,100,97,34,422,63790.30497837067
858,-80.55000000000003,422,2,100,98,25,422,63865.21018600464
859,-88.3,422,2,100,99,26,422,63931.898854494095
860,-81.84999999999998,422,2,100,94,23,422,64004.27828168869
861,-109.10000000000002,422,2,100,87,30,422,64069.59447836876
862,-91.3,422,2,100,98,30,422,64146.38485002518
863,-96.05000000000003,422,2,100,82,23,422,64207.503947496414
864,-81.64999999999998,422,2,100,98,35,422,64283.37305235863
865,-75.94999999999999,422,2,100,99,21,422,64358.02691078186
866,-106.05000000000004,422,2,100,93,35,422,64416.54112291336
867,-73.45000000000002,422,2,100,86,23,422,64491.589389801025
868,-88.0,422,2,100,95,28,422,64568.15574026108
869,-81.55,422,2,100,96,29,422,64645.4028172493
870,-82.35000000000001,422,2,100,100,21,422,64712.398691892624
871,-89.44999999999999,422,2,100,99,27,422,64790.53467440605
872,-67.94999999999999,422,2,100,100,25,422,64866.44209361076
873,-76.69999999999999,422,2,100,94,18,422,64943.29673099518
874,-92.80000000000001,422,2,100,75,28,422,65017.44095492363
875,-97.29999999999998,422,2,100,95,30,422,65098.36838173866
876,-93.49999999999999,422,2,100,92,26,422,65174.835949897766
877,-101.95,422,2,100,83,33,422,65247.8403980732
878,-99.30000000000001,422,2,100,82,34,422,65326.60293316841
879,-69.65,422,2,100,96,19,422,65403.73147773743
880,-89.89999999999999,422,2,100,97,26,422,65475.730382204056
881,-88.60000000000002,422,2,100,98,24,422,65546.64804315567
882,-108.45,422,2,100,80,31,422,65602.75342178345
883,-75.0,422,2,100,97,20,422,65680.96713995934
884,-88.39999999999998,422,2,100,97,28,422,65758.17781639099
885,-84.8,422,2,100,86,24,422,65829.00641608238
886,-73.69999999999997,422,2,100,99,26,422,65904.75422525406
887,-94.95000000000003,422,2,100,100,33,422,65971.09140324593
888,-96.70000000000002,422,2,100,92,30,422,66040.41655254364
889,-107.30000000000003,422,2,100,100,34,422,66106.4583170414
890,-103.70000000000002,422,2,100,97,38,422,66178.12044382095
891,-79.2,422,2,100,99,32,422,66256.45042061806
892,-76.25,422,2,100,99,23,422,66334.04963231087
893,-84.05000000000001,422,2,100,96,27,422,66400.7015516758
894,-78.4,422,2,100,99,20,422,66476.7314722538
895,-89.64999999999999,422,2,100,99,23,422,66540.23165726662
896,-70.80000000000001,422,2,100,95,16,422,66618.27786397934
897,-88.4,422,2,100,98,20,422,66688.67953515053
898,-78.34999999999998,422,2,100,100,21,422,66760.3042318821
899,-78.19999999999999,422,2,100,99,24,422,66831.85202527046
900,-99.4,422,2,100,84,28,422,66904.56427431107
901,-85.49999999999997,422,2,100,97,26,422,66980.0099902153
902,-85.0,422,2,100,98,28,422,67060.56422972679
903,-74.8,422,2,100,96,24,422,67141.22923874855
904,-101.15000000000002,422,2,100,94,33,422,67216.24954557419
905,-81.95,422,2,100,95,21,422,67297.24896931648
906,-99.20000000000002,422,2,100,100,36,422,67355.43376779556
907,-97.05,422,2,100,88,27,422,67432.38268256187
908,-94.55,422,2,100,97,25,422,67511.00285983086
909,-76.74999999999997,422,2,100,99,21,422,67584.1807179451
910,-86.6,422,2,100,98,28,422,67660.13912653923
911,-84.10000000000001,422,2,100,99,22,422,67735.99961566925
912,-103.05,422,2,100,85,31,422,67804.00238919258
913,-105.1,422,2,100,92,30,422,67875.29521584511
914,-81.95000000000002,422,2,100,95,29,422,67952.4629855156
915,-82.85000000000002,422,2,100,79,23,422,68018.00266170502
916,-95.15,422,2,100,96,29,422,68078.31720542908
917,-102.20000000000005,422,2,100,88,40,422,68149.81021523476
918,-98.15000000000002,422,2,100,90,29,422,68217.98787522316
919,-84.40000000000002,422,2,100,99,28,422,68286.93302965164
920,-97.05000000000001,422,2,100,100,31,422,68358.34868907928
921,-84.8,422,2,100,100,28,422,68436.19254946709
922,-99.44999999999999,422,2,100,96,31,422,68508.9483191967
923,-98.80000000000003,422,2,100,81,28,422,68574.09322619438
924,-87.3,422,2,100,100,34,422,68649.28264117241
926,-107.5,422,2,100,96,38,422,68733.09156727791
927,-90.9,422,2,100,99,34,422,68808.87944698334
928,-114.90000000000005,422,2,100,86,42,422,68883.71840143204
929,-91.2,422,2,100,97,32,422,68960.30708217621
930,-80.80000000000001,422,2,100,98,24,422,69034.77062797546
931,-79.0,422,2,100,100,28,422,69108.27490592003
932,-91.2,422,2,100,89,24,422,69185.75716257095
933,-83.45,422,2,100,98,31,422,69260.29811429977
934,-94.8,422,2,100,96,28,422,69334.08897638321
935,-86.64999999999999,422,2,100,97,35,422,69412.7112634182
936,-69.00000000000001,422,2,100,94,16,422,69486.43371415138
937,-77.00000000000001,422,2,100,91,24,422,69559.92851042747
938,-101.95,422,2,100,81,29,422,69632.8597202301
939,-92.94999999999999,422,2,100,96,33,422,69704.42675995827
940,-87.8,422,2,100,93,32,422,69780.03653550148
941,-106.50000000000006,422,2,100,45,42,422,69840.36038565636
942,-80.25,422,2,100,100,23,422,69911.30890893936
943,-98.35000000000001,422,2,100,95,33,422,69975.63516545296
944,-120.75000000000004,422,2,100,97,37,422,70025.46229243279
945,-106.75000000000003,422,2,100,88,37,422,70095.47738146782
946,-89.75000000000003,422,2,100,83,33,422,70161.13176631927
947,-73.1,422,2,100,96,18,422,70235.3984465599
948,-64.50000000000003,422,2,100,91,14,422,70306.82367038727
949,-82.0,422,2,100,88,28,422,70378.50574922562
950,-96.3,422,2,100,92,30,422,70452.0271692276
951,-100.20000000000002,422,2,100,97,36,422,70515.7810382843
952,-94.45,422,2,100,95,35,422,70586.64130759239
953,-86.90000000000002,422,2,100,96,30,422,70663.79049706459
954,-74.35000000000001,422,2,100,97,25,422,70740.60709905624
955,-98.8,422,2,100,98,28,422,70808.3158493042
956,-81.24999999999999,422,2,100,99,19,422,70875.89526820183
957,-74.5,422,2,100,96,22,422,70951.96563696861
958,-91.70000000000002,422,2,100,83,30,422,71020.55958867073
959,-91.15,422,2,100,99,33,422,71098.3603618145
960,-92.75000000000003,422,2,100,89,33,422,71171.18567800522
961,-94.69999999999997,422,2,100,98,30,422,71240.89922404289
962,-110.10000000000002,422,2,100,50,38,422,71308.12286973
963,-63.60000000000001,422,2,100,99,20,422,71384.14207839966
964,-90.35000000000001,422,2,100,96,29,422,71464.17927360535
965,-92.85000000000002,422,2,100,99,35,422,71536.26027059555
966,-84.6,422,2,100,90,28,422,71612.69001364708
967,-81.40000000000002,422,2,100,98,24,422,71685.83347892761
968,-97.39999999999999,422,2,100,97,32,422,71763.52883601189
969,-78.65,422,2,100,96,27,422,71843.5593984127
970,-95.3,422,2,100,100,38,422,71918.67714190483
971,-77.00000000000001,422,2,100,95,20,422,71986.70564556122
972,-95.2,422,2,100,88,32,422,72052.23637843132
973,-94.20000000000002,422,2,100,100,28,422,72124.78534245491
974,-74.50000000000001,422,2,100,98,22,422,72200.45484948158
975,-72.99999999999999,422,2,100,95,20,422,72269.54570698738
976,-116.30000000000005,422,2,100,83,38,422,72323.28365707397
977,-121.10000000000001,422,2,100,93,30,422,72365.61139178276
978,-100.65000000000002,422,2,100,95,27,422,72429.83001613617
979,-63.650000000000006,422,2,100,99,19,422,72505.68847489357
980,-73.99999999999999,422,2,100,99,20,422,72585.6547574997
981,-92.15,422,2,100,96,33,422,72655.13598632812
982,-92.7,422,2,100,87,26,422,72724.75713634491
983,-80.54999999999997,422,2,100,97,21,422,72802.13242053986
984,-75.89999999999999,422,2,100,96,22,422,72882.03209495544
985,-110.55000000000003,422,2,100,86,33,422,72949.46971726418
986,-71.0,422,2,100,99,20,422,73026.96182489395
987,-94.14999999999999,422,2,100,98,21,422,73086.53877782822
988,-81.80000000000004,422,2,100,98,24,422,73161.78214764595
989,-90.25000000000001,422,2,100,96,31,422,73229.41565513611
990,-79.1,422,2,100,96,18,422,73301.72434687614
991,-93.20000000000003,422,2,100,84,32,422,73372.7445807457
992,-79.80000000000001,422,2,100,85,24,422,73440.32323479652
993,-85.70000000000002,422,2,100,100,30,422,73513.78414773941
994,-114.4,422,2,100,87,32,422,73578.72292280197
995,-95.14999999999998,422,2,100,96,33,422,73651.85378813744
996,-68.6,422,2,100,100,20,422,73726.27124500275
997,-81.94999999999999,422,2,100,95,21,422,73801.11232495308
998,-83.3,422,2,100,96,22,422,73873.35842680931
999,-88.14999999999996,422,2,100,98,25,422,73947.69081759453
1000,-75.10000000000002,422,2,100,88,30,422,74024.13122606277
1001,-89.15000000000003,422,2,100,88,33,422,74100.25540685654
1002,-87.55,422,2,100,97,25,422,74169.33738684654
1003,-108.95000000000003,422,2,100,88,33,422,74230.82482910156
1004,-83.95000000000002,422,2,100,91,21,422,74295.50711846352
1005,-91.70000000000002,422,2,100,98,30,422,74371.02211499214
1006,-85.15000000000002,422,2,100,88,25,422,74449.10540127754
1007,-72.6,422,2,100,97,28,422,74524.66938948631
1008,-99.85000000000001,422,2,100,96,35,422,74596.13757777214
1009,-70.80000000000001,422,2,100,98,16,422,74671.8457608223
1010,-83.95000000000003,422,2,100,99,29,422,74744.90719342232
1011,-88.64999999999999,422,2,100,98,23,422,74818.17943930626
1012,-92.25000000000004,422,2,100,84,31,422,74887.70046281815
1013,-81.80000000000003,422,2,100,87,20,422,74961.27537250519
1014,-93.04999999999998,422,2,100,98,35,422,75037.42040920258
1015,-78.35000000000001,422,2,100,97,25,422,75111.66141486168
1016,-92.90000000000005,422,2,100,69,26,422,75184.6018807888
1017,-86.45000000000002,422,2,100,98,27,422,75259.13392162323
1018,-87.20000000000002,422,2,100,96,24,422,75339.86507821083
1019,-96.90000000000005,422,2,100,87,34,422,75408.12940216064
1020,-79.85,422,2,100,96,23,422,75483.93793129921
1021,-81.90000000000002,422,2,100,85,22,422,75557.17905640602
1022,-87.04999999999997,422,2,100,97,27,422,75635.59142327309
1023,-90.74999999999997,422,2,100,96,21,422,75706.76806616783
1024,-83.69999999999997,422,2,100,100,22,422,75780.05966567993
1025,-93.00000000000001,422,2,100,99,32,422,75851.4866578579
1026,-89.10000000000001,422,2,100,92,38,422,75923.73460960388
1027,-87.89999999999999,422,2,100,98,30,422,75992.61248993874
1028,-75.15000000000002,422,2,100,91,29,422,76070.7697942257
1029,-77.9,422,2,100,97,22,422,76152.23608446121
1030,-72.35000000000002,422,2,100,89,17,422,76222.32084178925
1031,-77.00000000000001,422,2,100,93,20,422,76290.95860219002
1032,-85.65000000000002,422,2,100,96,23,422,76367.44002485275
1033,-96.0,422,2,100,100,32,422,76437.32024645805
1034,-74.65,422,2,100,99,27,422,76512.25702667236
1035,-89.45,422,2,100,96,27,422,76588.80387187004
1036,-89.15,422,2,100,84,25,422,76659.83629059792
1037,-82.85000000000001,422,2,100,99,27,422,76731.99054217339
1038,-82.59999999999998,422,2,100,93,28,422,76810.16877150536
1039,-74.64999999999998,422,2,100,99,27,422,76885.1281671524
1040,-96.04999999999998,422,2,100,94,27,422,76963.18614029884
1041,-100.14999999999998,422,2,100,100,29,422,77039.62006473541
1042,-128.60000000000002,422,2,100,94,32,422,77077.03834080696
1043,-109.19999999999999,422,2,100,95,36,422,77149.38478970528
1044,-84.19999999999999,422,2,100,93,32,422,77226.42378950119
1045,-64.00000000000001,422,2,100,99,16,422,77301.98848748207
1046,-78.89999999999999,422,2,100,97,22,422,77378.23346233368
1047,-81.05000000000003,422,2,100,95,27,422,77461.93476557732
1048,-78.34999999999998,422,2,100,96,21,422,77539.80577301979
1049,-105.65000000000002,422,2,100,63,31,422,77619.10141611099
1050,-99.05000000000005,422,2,100,93,43,422,77695.2714176178
1051,-99.54999999999998,422,2,100,94,25,422,77762.51748251915
1052,-104.95,422,2,100,97,37,422,77835.52578639984
1053,-92.69999999999997,422,2,100,100,30,422,77902.61554503441
1054,-107.75000000000003,422,2,100,84,33,422,77968.41696310043
1055,-86.90000000000005,422,2,100,70,30,422,78044.20719003677
1056,-88.30000000000001,422,2,100,96,22,422,78124.25467205048
1057,-65.55000000000001,422,2,100,96,13,422,78201.45329523087
1058,-93.20000000000002,422,2,100,99,28,422,78272.54423236847
1059,-84.35,422,2,100,100,29,422,78342.03601765633
1060,-86.75000000000001,422,2,100,99,29,422,78414.40313458443
1061,-79.99999999999999,422,2,100,97,20,422,78487.2027938366
1062,-96.8,422,2,100,87,36,422,78562.35559010506
1063,-84.20000000000002,422,2,100,98,24,422,78633.26596260071
1064,-87.35000000000002,422,2,100,83,21,422,78703.55034804344
1065,-77.7,422,2,100,96,26,422,78781.11793780327
1066,-77.40000000000003,422,2,100,89,24,422,78859.55418038368
1067,-89.84999999999998,422,2,100,88,31,422,78932.80613875389
1068,-81.75000000000001,422,2,100,99,25,422,79009.61339998245
1069,-65.35000000000001,422,2,100,97,17,422,79085.8959197998
1070,-112.50000000000003,422,2,100,98,42,422,79163.06069540977
1071,-107.19999999999999,422,2,100,100,32,422,79232.11635255814
1072,-84.14999999999998,422,2,100,98,29,422,79306.93774700165
1073,-78.74999999999999,422,2,100,96,17,422,79384.4162247181
1074,-100.75000000000003,422,2,100,95,37,422,79456.28259825706
1075,-84.94999999999996,422,2,100,100,25,422,79527.52616548538
1076,-75.35,422,2,100,98,25,422,79601.66024923325
1077,-92.29999999999998,422,2,100,97,22,422,79670.143928051
1078,-78.14999999999998,422,2,100,97,25,422,79753.6029138565
1079,-83.75,422,2,100,97,25,422,79834.10981106758
1080,-78.75,422,2,100,96,25,422,79915.35845971107
1081,-91.05,422,2,100,96,23,422,79997.65332365036
1082,-107.40000000000002,422,2,100,91,28,422,80073.25419092178
1083,-82.25000000000001,422,2,100,99,23,422,80153.16547584534
1084,-101.55000000000003,422,2,100,73,33,422,80229.13478446007
1085,-92.05000000000001,422,2,100,99,31,422,80299.92546391487
1086,-71.75000000000001,422,2,100,100,25,422,80378.9414024353
1087,-79.45,422,2,100,93,23,422,80458.35691165924
1088,-90.29999999999998,422,2,100,97,26,422,80535.74436807632
1089,-81.29999999999997,422,2,100,100,22,422,80611.93192529678
1090,-85.64999999999998,422,2,100,99,31,422,80692.1473608017
1091,-93.85,422,2,100,88,27,422,80767.81138634682
1092,-80.89999999999996,422,2,100,98,22,422,80848.64794492722
1093,-83.80000000000001,422,2,100,98,32,422,80925.58843183517
1094,-82.29999999999998,422,2,100,99,22,422,81004.26370334625
1095,-85.89999999999999,422,2,100,100,26,422,81087.07442593575
1096,-73.89999999999998,422,2,100,97,22,422,81165.28542542458
1097,-78.69999999999999,422,2,100,98,18,422,81243.42909955978
1098,-88.10000000000004,422,2,100,98,30,422,81319.03296351433
1099,-79.14999999999999,422,2,100,99,25,422,81396.9786696434
1100,-76.49999999999999,422,2,100,98,30,422,81474.73558568954
1101,-96.05,422,2,100,99,23,422,81545.23776555061
1102,-73.6,422,2,100,97,20,422,81622.64187192917
1103,-120.95000000000003,422,2,100,87,33,422,81696.8739452362
1104,-94.70000000000003,422,2,100,100,38,422,81770.59582281113
1105,-85.99999999999999,422,2,100,98,28,422,81847.75755882263
1106,-82.19999999999999,422,2,100,97,32,422,81927.2714509964
1107,-111.30000000000003,422,2,100,100,26,422,81995.2090511322
1108,-75.05000000000001,422,2,100,98,27,422,82067.55942702293
1109,-76.55000000000001,422,2,100,99,29,422,82146.19322776794
1110,-94.99999999999999,422,2,100,94,32,422,82223.11887598038
1111,-90.35,422,2,100,97,29,422,82298.97103047371
1112,-81.45000000000002,422,2,100,90,31,422,82377.23319840431
1113,-87.29999999999998,422,2,100,99,30,422,82457.46199083328
1114,-90.19999999999999,422,2,100,96,24,422,82534.98421669006
1115,-94.75000000000001,422,2,100,78,29,422,82614.45287489891
1116,-75.64999999999998,422,2,100,98,27,422,82692.95968413353
1117,-87.75,422,2,100,95,33,422,82777.8438410759
1118,-90.14999999999998,422,2,100,93,29,422,82855.79678797722
1119,-74.55,422,2,100,98,21,422,82934.53654503822
1120,-118.95000000000002,422,2,100,99,29,422,82992.93443393707
1121,-110.94999999999999,422,2,100,98,29,422,83057.444896698
1122,-66.40000000000002,422,2,100,97,16,422,83135.17472028732
1123,-113.35000000000004,422,2,100,39,29,422,83198.76657652855
1124,-78.54999999999998,422,2,100,97,21,422,83272.16992545128
1125,-81.44999999999999,422,2,100,99,27,422,83347.53687357903
1126,-106.25000000000001,422,2,100,92,35,422,83423.01291275024
1127,-86.44999999999997,422,2,100,93,27,422,83498.34141874313
1128,-84.99999999999999,422,2,100,97,28,422,83576.52703523636
1129,-101.94999999999999,422,2,100,90,25,422,83649.68689918518
1130,-109.5,422,2,100,100,22,422,83714.25598740578
1131,-90.04999999999998,422,2,100,99,27,422,83794.52477049828
1132,-123.75000000000004,422,2,100,44,37,422,83858.80091142654
1133,-105.00000000000003,422,2,100,94,32,422,83929.06623864174
1134,-107.80000000000001,422,2,100,88,36,422,83999.14484333992
1135,-66.85000000000001,422,2,100,99,23,422,84075.3505589962
1136,-90.60000000000002,422,2,100,86,28,422,84144.52449679375
1137,-97.79999999999998,422,2,100,97,24,422,84224.58397293091
1138,-120.25000000000001,422,2,100,92,31,422,84294.39006662369
1139,-116.90000000000003,422,2,100,64,30,422,84353.73517179489
1140,-99.95000000000002,422,2,100,98,37,422,84425.25123786926
1141,-104.55000000000001,422,2,100,96,41,422,84492.59872078896
1142,-101.4,422,2,100,98,28,422,84567.51235508919
1143,-108.75000000000001,422,2,100,98,33,422,84640.0684914589
1144,-86.15000000000002,422,2,100,99,25,422,84718.49936270714
1145,-117.65,422,2,100,94,27,422,84788.55829000473
1146,-78.74999999999999,422,2,100,95,25,422,84866.37493681908
1147,-105.30000000000005,422,2,100,97,30,422,84945.35594964027
1148,-115.70000000000002,422,2,100,86,30,422,85019.98465108871
1149,-116.55000000000005,422,2,100,90,37,422,85093.44782304764
1150,-79.44999999999997,422,2,100,97,27,422,85172.16416311264
1151,-109.00000000000003,422,2,100,94,36,422,85250.23935508728
1152,-111.40000000000002,422,2,100,86,32,422,85315.84244084358
1153,-82.94999999999997,422,2,100,100,29,422,85390.70705199242
1154,-82.60000000000002,422,2,100,99,28,422,85467.78265452385
1155,-103.4,422,2,100,96,36,422,85545.69637155533
1156,-111.3,422,2,100,86,26,422,85613.31662130356
1157,-96.19999999999999,422,2,100,98,24,422,85689.42499732971
1158,-82.35,422,2,100,99,29,422,85765.69653439522
1159,-98.34999999999997,422,2,100,96,29,422,85844.8924908638
1160,-95.44999999999999,422,2,100,97,31,422,85922.82299995422
1161,-123.25000000000006,422,2,100,91,31,422,85982.97259902954
1162,-122.60000000000002,422,2,100,81,28,422,86049.60458374023
1163,-97.2,422,2,100,94,32,422,86118.9809346199
1164,-94.19999999999999,422,2,100,98,24,422,86192.53160119057
1165,-104.80000000000001,422,2,100,99,24,422,86262.21738028526
1166,-107.15000000000002,422,2,100,96,33,422,86338.66467308998
1167,-76.30000000000001,422,2,100,100,22,422,86418.73843955994
1168,-119.95000000000002,422,2,100,97,37,422,86476.07963061333
1169,-96.25000000000003,422,2,100,99,31,422,86553.2730512619
1170,-100.85000000000008,422,2,100,97,43,422,86623.2918138504
1171,-69.75000000000001,422,2,100,96,17,422,86702.40012526512
1172,-80.64999999999998,422,2,100,97,19,422,86780.85751771927
1173,-106.6,422,2,100,95,28,422,86848.03523564339
1174,-90.85,422,2,100,92,27,422,86928.19692373276
1175,-102.8,422,2,100,98,28,422,87005.82109856606
1176,-62.55000000000001,422,2,100,99,21,422,87082.7551100254
1177,-103.84999999999998,422,2,100,98,27,422,87148.73615527153
1178,-109.25,422,2,100,80,31,422,87228.18535733223
1179,-104.6,422,2,100,96,40,422,87310.28522920609
1180,-92.55000000000003,422,2,100,100,33,422,87388.89289212227
1181,-121.30000000000004,422,2,100,59,34,422,87457.14526581764
1182,-108.2,422,2,100,96,24,422,87534.84615015984
1183,-120.60000000000001,422,2,100,80,32,422,87597.20682144165
1184,-120.90000000000003,422,2,100,84,30,422,87662.5169005394
1185,-113.9,422,2,100,94,34,422,87729.90542697906
1186,-103.95000000000002,422,2,100,94,37,422,87811.64445471764
1187,-113.15000000000002,422,2,100,95,25,422,87880.7173037529
1188,-95.64999999999999,422,2,100,95,27,422,87950.19378829002
1189,-88.00000000000001,422,2,100,84,28,422,88024.97696256638
1190,-87.99999999999997,422,2,100,98,28,422,88102.89017868042
1191,-86.55000000000001,422,2,100,95,29,422,88182.96214079857
1192,-120.65,422,2,100,67,27,422,88252.59631609917
1193,-102.65,422,2,100,91,27,422,88332.14093112946
1194,-119.05000000000001,422,2,100,68,39,422,88404.91130304337
1195,-90.24999999999997,422,2,100,100,31,422,88479.22791314125
1196,-97.35000000000001,422,2,100,98,29,422,88558.63442993164
1197,-105.2,422,2,100,95,32,422,88643.00116276741
1198,-105.30000000000004,422,2,100,91,38,422,88725.21170639992
1199,-116.25000000000001,422,2,100,97,35,422,88795.77338719368
1200,-100.3,422,2,100,81,30,422,88870.24955821037
1201,-122.75000000000004,422,2,100,92,33,422,88936.60172605515
1202,-91.24999999999999,422,2,100,96,23,422,89010.01698946953
1203,-126.00000000000001,422,2,100,37,36,422,89080.19227218628
1204,-88.9,422,2,100,96,30,422,89159.94629430771
1205,-98.75,422,2,100,88,25,422,89238.08689022064
1206,-115.25000000000003,422,2,100,83,35,422,89305.5788629055
1207,-107.05000000000001,422,2,100,95,35,422,89375.84003806114
1208,-112.50000000000004,422,2,100,95,34,422,89446.29532408714
1209,-103.3,422,2,100,98,26,422,89514.34404468536
1210,-97.55000000000004,422,2,100,95,29,422,89587.18563270569
1211,-85.60000000000004,422,2,100,93,28,422,89660.85698246956
1212,-104.54999999999997,422,2,100,98,29,422,89741.75501918793
1213,-98.25,422,2,100,96,27,422,89810.2071378231
1214,-97.45000000000002,422,2,100,100,35,422,89890.40666389465
1215,-78.35000000000004,422,2,100,90,25,422,89966.98381114006
1216,-96.55000000000003,422,2,100,99,33,422,90038.7571387291
1217,-108.8,422,2,100,98,28,422,90115.70641255379
1218,-89.89999999999999,422,2,100,90,30,422,90190.99658966064
1219,-89.60000000000002,422,2,100,95,28,422,90268.92623615265
1220,-88.8,422,2,100,93,24,422,90343.77056121826
1221,-106.55000000000003,422,2,100,93,33,422,90414.321028471
1222,-93.0,422,2,100,99,32,422,90496.68160510063
1223,-114.80000000000001,422,2,100,89,32,422,90563.17223191261
1224,-95.55000000000003,422,2,100,97,29,422,90644.67483973503
1225,-84.19999999999999,422,2,100,100,24,422,90720.98778247833
1226,-86.84999999999998,422,2,100,98,31,422,90796.55416917801
1227,-113.95000000000002,422,2,100,87,41,422,90869.93686771393
1228,-95.45,422,2,100,100,31,422,90949.10413122177
1229,-99.50000000000003,422,2,100,94,34,422,91021.21222400665
1230,-82.85,422,2,100,97,31,422,91096.66214179993
1231,-115.3,422,2,100,85,30,422,91177.87034583092
1232,-111.7,422,2,100,88,26,422,91257.76915597916
1233,-115.85000000000002,422,2,100,97,23,422,91337.23914027214
1234,-111.00000000000003,422,2,100,99,40,422,91416.77249860764
1235,-112.10000000000002,422,2,100,89,30,422,91485.44775128365
1237,-114.50000000000001,422,2,100,93,26,422,91583.01985096931
1238,-108.00000000000003,422,2,100,95,28,422,91663.00401234627
1239,-100.7,422,2,100,96,34,422,91741.84992027283
1240,-110.95000000000003,422,2,100,85,33,422,91816.0236568451
1241,-91.95000000000002,422,2,100,81,29,422,91894.30658221245
1242,-112.39999999999999,422,2,100,94,32,422,91972.67408156395
1243,-98.85000000000001,422,2,100,96,31,422,92052.116584301
1244,-92.34999999999998,422,2,100,87,29,422,92128.70817613602
1245,-101.70000000000005,422,2,100,87,34,422,92207.54444289207
1246,-95.85000000000002,422,2,100,84,23,422,92283.4743976593
1247,-110.40000000000002,422,2,100,100,32,422,92360.56916618347
1248,-98.34999999999998,422,2,100,93,33,422,92439.73923802376
1249,-107.75000000000001,422,2,100,95,45,422,92509.4091989994
1250,-108.25000000000001,422,2,100,83,31,422,92584.41044807434
1251,-102.15000000000002,422,2,100,100,33,422,92666.5841126442
1252,-106.90000000000002,422,2,100,95,38,422,92745.80391526222
1253,-122.80000000000004,422,2,100,89,28,422,92794.53539466858
1254,-117.35000000000001,422,2,100,97,33,422,92872.56225466728
1255,-102.7,422,2,100,98,26,422,92952.60305690765
1256,-76.85,422,2,100,96,23,422,93031.48459553719
1257,-88.10000000000001,422,2,100,98,26,422,93111.64622759819
1258,-91.5,422,2,100,93,30,422,93189.60093998909
1259,-104.45000000000002,422,2,100,97,31,422,93259.90494537354
1260,-85.44999999999999,422,2,100,100,27,422,93341.30699896812
1261,-116.55000000000004,422,2,100,69,33,422,93415.1254286766
1262,-111.35000000000002,422,2,100,93,37,422,93492.83245301247
1263,-98.05,422,2,100,100,27,422,93571.80011057854
1264,-110.85000000000002,422,2,100,86,35,422,93652.11940026283
1265,-111.9,422,2,100,100,30,422,93723.71653866768
1266,-121.50000000000004,422,2,100,62,38,422,93792.54736304283
1267,-114.80000000000001,422,2,100,90,28,422,93869.43800401688
1268,-120.75000000000001,422,2,100,90,25,422,93926.22883796692
1269,-114.55000000000001,422,2,100,100,33,422,93999.65783119202
1270,-127.15000000000003,422,2,100,92,33,422,94060.29280686378
1271,-106.2,422,2,100,99,24,422,94139.43894338608
1272,-98.90000000000002,422,2,100,100,22,422,94218.80513238907
1273,-119.55000000000004,422,2,100,92,41,422,94304.12485432625
1274,-116.45,422,2,100,96,27,422,94378.36260914803
1275,-105.15,422,2,100,98,25,422,94461.98466944695
1276,-109.40000000000002,422,2,100,95,28,422,94540.893283844
1277,-111.70000000000002,422,2,100,96,26,422,94620.3523581028
1278,-119.35000000000002,422,2,100,97,33,422,94692.80946826935
1279,-114.10000000000001,422,2,100,83,34,422,94773.87000465393
1280,-96.59999999999998,422,2,100,99,24,422,94851.46051645279
1281,-107.4,422,2,100,93,36,422,94933.83157587051
1282,-108.80000000000001,422,2,100,96,36,422,95017.12477517128
1283,-112.40000000000002,422,2,100,88,28,422,95098.27433609962
1284,-109.10000000000001,422,2,100,90,18,422,95176.35518836975
1285,-119.50000000000001,422,2,100,100,30,422,95252.39915442467
1286,-104.60000000000004,422,2,100,98,36,422,95329.0645442009
1287,-112.75000000000001,422,2,100,92,37,422,95412.99460172653
1288,-92.8,422,2,100,89,24,422,95495.0052754879
1289,-100.90000000000003,422,2,100,91,38,422,95573.64650082588
1290,-127.75000000000003,422,2,100,89,37,422,95640.75304985046
1291,-124.25000000000004,422,2,100,100,43,422,95712.2416396141
1292,-110.90000000000002,422,2,100,97,42,422,95786.71646809578
1293,-109.75000000000001,422,2,100,99,33,422,95856.39981532097
1294,-127.40000000000002,422,2,100,25,32,422,95893.6272816658
1295,-119.60000000000005,422,2,100,51,52,422,95962.27180743217
1296,-134.69999999999993,422,2,100,100,26,422,96016.58063745499
1297,-128.45000000000002,422,2,100,24,31,422,96079.67754101753
1298,-97.7,422,2,100,99,38,422,96154.65600037575
1300,-123.35000000000002,422,2,100,97,21,422,96240.08712697029
1301,-91.90000000000003,422,2,100,87,30,422,96315.53657245636
1302,-104.70000000000002,422,2,100,94,30,422,96394.83667993546
1303,-98.45,422,2,100,94,35,422,96474.80711174011
1304,-103.25000000000001,422,2,100,100,23,422,96553.1537604332
1305,-93.90000000000002,422,2,100,89,30,422,96623.63578438759
1306,-106.60000000000002,422,2,100,98,28,422,96703.41732263565
1307,-106.55000000000001,422,2,100,92,41,422,96778.2206184864
1308,-105.15000000000002,422,2,100,95,33,422,96852.37626671791
1309,-85.15,422,2,100,98,33,422,96933.77662229538
1310,-116.14999999999999,422,2,100,98,33,422,97001.71159100533
1311,-102.59999999999998,422,2,100,98,28,422,97071.12053990364
1312,-66.7,422,2,100,99,26,422,97149.73788499832
1313,-80.15000000000002,422,2,100,78,25,422,97224.60544657707
1314,-114.65000000000006,422,2,100,100,35,422,97294.5549967289
1315,-89.89999999999999,422,2,100,99,26,422,97378.55859565735
1316,-88.15000000000005,422,2,100,92,25,422,97449.47533869743
1317,-103.9,422,2,100,95,34,422,97521.9360628128
1318,-79.6,422,2,100,100,28,422,97600.73762273788
1319,-96.75,422,2,100,99,37,422,97680.32641077042
1320,-76.89999999999999,422,2,100,97,26,422,97757.43584871292
1321,-109.00000000000003,422,2,100,97,40,422,97836.53323173523
1322,-110.60000000000002,422,2,100,87,24,422,97915.22051382065
1323,-111.05000000000001,422,2,100,95,27,422,97994.49198651314
1324,-118.55000000000003,422,2,100,93,25,422,98075.14592409134
1325,-98.60000000000002,422,2,100,97,28,422,98156.90089607239
1326,-115.25000000000001,422,2,100,90,23,422,98236.2599580288
1327,-114.55000000000004,422,2,100,89,33,422,98317.0961265564
1328,-120.45000000000003,422,2,100,86,27,422,98393.78550744057
1329,-98.40000000000002,422,2,100,92,28,422,98472.98006558418
1330,-105.35000000000004,422,2,100,96,33,422,98551.2249224186
1331,-126.45000000000002,422,2,100,77,35,422,98634.14534020424
1332,-102.04999999999998,422,2,100,96,23,422,98732.30026364326
1333,-120.80000000000003,422,2,100,100,20,422,98823.34209108353
1334,-97.90000000000002,422,2,100,98,30,422,98899.06392478943
1335,-109.75000000000001,422,2,100,89,29,422,98985.44034814835
1336,-104.85000000000002,422,2,100,83,43,422,99060.31055259705
1337,-94.94999999999997,422,2,100,97,21,422,99138.69705224037
1338,-101.75,422,2,100,100,29,422,99218.49543404579
1339,-113.20000000000003,422,2,100,93,32,422,99300.4249253273
1340,-100.90000000000002,422,2,100,94,22,422,99377.82633304596
1341,-95.6,422,2,100,99,28,422,99457.2762761116
1342,-102.55000000000003,422,2,100,100,41,422,99535.39563393593
1343,-87.74999999999999,422,2,100,85,25,422,99611.24553012848
1344,-87.80000000000001,422,2,100,84,32,422,99692.55276679993
1345,-103.25000000000003,422,2,100,97,39,422,99767.72807335854
1346,-64.10000000000002,422,2,100,95,22,422,99844.04606795311
1347,-98.24999999999999,422,2,100,98,31,422,99920.7367310524
1348,-114.10000000000001,422,2,100,97,30,422,99989.1233510971
1349,-93.54999999999998,422,2,100,99,33,422,100077.0715174675
1350,-95.74999999999997,422,2,100,97,29,422,100156.48401451111
1351,-109.45000000000002,422,2,100,79,27,422,100216.11207699776
1352,-110.25000000000001,422,2,100,89,27,422,100293.8395819664
1353,-115.30000000000003,422,2,100,89,38,422,100376.74580097198
1354,-119.35000000000001,422,2,100,98,29,422,100457.97911548615
1355,-114.50000000000001,422,2,100,91,18,422,100533.26000618935
1356,-118.55000000000005,422,2,100,97,37,422,100608.37367653847
1357,-112.80000000000004,422,2,100,92,32,422,100683.87778997421
1358,-98.8,422,2,100,93,24,422,100756.47013425827
1359,-133.75,422,2,100,16,21,422,100780.22332453728
1360,-105.25000000000001,422,2,100,96,31,422,100857.01484203339
1361,-88.09999999999998,422,2,100,91,26,422,100936.15123319626
1362,-113.85000000000001,422,2,100,97,23,422,101017.10005402565
1363,-109.15000000000002,422,2,100,80,37,422,101092.39372181892
1364,-111.7,422,2,100,100,30,422,101169.91853952408
1365,-101.00000000000003,422,2,100,89,36,422,101247.97862529755
1366,-108.25000000000003,422,2,100,99,31,422,101322.14536309242
1367,-95.29999999999998,422,2,100,100,22,422,101374.48339343071
1368,-114.45000000000003,422,2,100,88,27,422,101451.93697500229
1369,-105.75000000000001,422,2,100,100,29,422,101529.85762763023
1370,-124.75,422,2,100,47,29,422,101575.16034460068
1371,-125.45000000000002,422,2,100,95,31,422,101643.97364735603
1372,-111.05000000000003,422,2,100,95,27,422,101724.10885643959
1373,-115.40000000000002,422,2,100,90,20,422,101797.56787467003
1374,-107.15000000000002,422,2,100,96,33,422,101875.14245700836
1375,-111.15000000000003,422,2,100,92,25,422,101948.41992378235
1376,-138.4,422,2,100,10,16,422,101967.87397885323
1377,-113.60000000000004,422,2,100,87,36,422,102044.90443754196
1378,-114.85000000000001,422,2,100,87,27,422,102112.31196641922
1379,-119.15000000000003,422,2,100,97,37,422,102188.94346141815
1380,-113.70000000000002,422,2,100,97,34,422,102264.69852781296
1381,-91.80000000000003,422,2,100,90,32,422,102342.43720340729
1382,-138.2,422,2,100,13,20,422,102364.81684017181
1383,-97.94999999999999,422,2,100,95,29,422,102442.68371891975
1384,-109.4,422,2,100,91,24,422,102516.3573038578
1385,-112.05000000000001,422,2,100,94,35,422,102587.79373335838
1386,-105.35000000000002,422,2,100,97,29,422,102667.19271183014
1387,-116.15000000000003,422,2,100,81,33,422,102744.06835699081
1388,-116.80000000000001,422,2,100,89,36,422,102824.06906414032
1389,-103.10000000000001,422,2,100,100,26,422,102901.90839362144
1390,-114.30000000000003,422,2,100,99,34,422,102976.77055740356
1391,-108.2,422,2,100,93,24,422,103055.31113505363
1392,-106.5,422,2,100,100,26,422,103131.51944351196
1393,-97.1,422,2,100,96,34,422,103208.67549729347
1394,-94.64999999999999,422,2,100,92,27,422,103285.11128377914
1395,-89.34999999999997,422,2,100,98,29,422,103359.60017251968
1396,-104.15000000000003,422,2,100,94,33,422,103439.36676883698
1397,-106.55,422,2,100,95,29,422,103515.78208827972
1398,-88.70000000000002,422,2,100,94,26,422,103593.7585721016
1399,-105.15000000000003,422,2,100,99,33,422,103668.85624742508
1400,-109.10000000000004,422,2,100,86,34,422,103744.95442533493
1401,-106.05000000000003,422,2,100,98,31,422,103822.46727848053
1402,-117.4,422,2,100,73,36,422,103905.96252846718
1403,-121.50000000000001,422,2,100,82,26,422,103976.27406048775
1404,-104.85000000000001,422,2,100,99,27,422,104046.20421409607
1405,-98.05000000000003,422,2,100,100,27,422,104121.62978553772
1406,-97.85000000000002,422,2,100,90,23,422,104199.69075465202
1407,-112.85000000000004,422,2,100,93,31,422,104278.05663847923
1408,-133.7,422,2,100,26,26,422,104310.81235170364
1409,-106.05000000000001,422,2,100,100,35,422,104385.66613101959
1410,-113.70000000000005,422,2,100,88,34,422,104458.37398719788
1411,-108.35000000000002,422,2,100,93,37,422,104530.50844788551
1412,-93.15000000000002,422,2,100,97,29,422,104609.21461009979
1413,-82.15000000000003,422,2,100,87,29,422,104689.49786400795
1414,-82.9,422,2,100,97,30,422,104769.54641771317
1415,-110.0,422,2,100,98,28,422,104847.27326989174
1416,-104.19999999999999,422,2,100,98,28,422,104925.5578224659
1417,-119.15000000000002,422,2,100,96,37,422,105005.02435851097
1418,-105.0,422,2,100,91,28,422,105080.24138045311
1419,-114.50000000000003,422,2,100,94,26,422,105146.17391085625
1420,-116.75000000000001,422,2,100,72,29,422,105219.20056128502
1421,-108.45,422,2,100,100,27,422,105300.11500620842
1422,-110.00000000000003,422,2,100,84,32,422,105378.0167825222
1423,-103.10000000000002,422,2,100,100,26,422,105457.21210217476
1424,-103.3,422,2,100,96,22,422,105537.88415932655
1425,-106.55000000000001,422,2,100,99,25,422,105619.3877646923
1426,-115.45000000000003,422,2,100,83,19,422,105693.05188083649
1427,-105.40000000000002,422,2,100,96,32,422,105772.43235874176
1428,-116.75000000000004,422,2,100,76,37,422,105851.60983538628
1429,-101.20000000000002,422,2,100,90,32,422,105929.08530282974
1430,-107.45000000000002,422,2,100,84,27,422,106005.85711431503
1431,-125.65000000000003,422,2,100,95,31,422,106086.8447163105
1432,-112.70000000000003,422,2,100,93,30,422,106162.76329421997
1433,-107.95000000000003,422,2,100,78,29,422,106239.14409375191
1434,-115.20000000000002,422,2,100,72,36,422,106316.54384875298
1435,-113.20000000000002,422,2,100,93,24,422,106395.50025320053
1436,-82.7,422,2,100,100,26,422,106471.28550195694
1437,-103.30000000000003,422,2,100,98,34,422,106548.00368142128
1438,-105.05000000000003,422,2,100,99,27,422,106630.4850590229
1439,-114.45000000000002,422,2,100,85,35,422,106708.58103227615
1440,-108.55000000000001,422,2,100,87,37,422,106788.49454522133
1441,-98.54999999999998,422,2,100,97,29,422,106865.88122558594
1442,-81.39999999999998,422,2,100,99,28,422,106943.04986739159
1443,-98.55000000000003,422,2,100,94,29,422,107020.34494519234
1444,-88.35000000000002,422,2,100,96,29,422,107099.13096141815
1445,-95.89999999999999,422,2,100,97,30,422,107180.19662857056
1446,-101.90000000000002,422,2,100,100,26,422,107259.11947989464
1447,-92.89999999999998,422,2,100,96,30,422,107340.09978294373
1448,-103.30000000000003,422,2,100,98,38,422,107423.547590971
1449,-101.39999999999999,422,2,100,98,28,422,107501.7952401638
1450,-108.75000000000001,422,2,100,99,29,422,107577.89710593224
1451,-109.45000000000003,422,2,100,97,35,422,107654.4085597992
1452,-99.39999999999999,422,2,100,95,28,422,107734.11792445183
1453,-85.15,422,2,100,87,17,422,107810.91302514076
1454,-98.05,422,2,100,94,23,422,107891.15522646904
1455,-116.60000000000002,422,2,100,81,32,422,107962.68925118446
1456,-103.75000000000001,422,2,100,92,25,422,108040.32043385506
1457,-110.25,422,2,100,92,31,422,108116.8757841587
1458,-123.85000000000004,422,2,100,96,23,422,108190.17038297653
1459,-113.55000000000001,422,2,100,90,17,422,108261.19588422775
1460,-102.60000000000002,422,2,100,87,28,422,108335.96719098091
1461,-60.250000000000014,422,2,100,100,19,422,108413.18875265121
1462,-110.75000000000003,422,2,100,94,25,422,108492.92836380005
1463,-113.80000000000003,422,2,100,90,28,422,108573.30509400368
1464,-112.70000000000003,422,2,100,97,26,422,108652.672488451
1465,-112.05,422,2,100,97,31,422,108726.4943921566
1466,-110.45,422,2,100,87,23,422,108803.71608519554
1467,-89.95000000000003,422,2,100,90,29,422,108881.07790517807
1468,-111.90000000000002,422,2,100,97,22,422,108959.81827926636
1469,-110.75000000000001,422,2,100,96,33,422,109040.23837161064
1470,-109.80000000000003,422,2,100,99,28,422,109113.10306072235
1471,-114.80000000000004,422,2,100,94,40,422,109193.06075835228
1472,-107.3,422,2,100,92,30,422,109269.3945980072
1473,-103.29999999999998,422,2,100,96,26,422,109344.7808368206
1474,-99.95,422,2,100,92,29,422,109425.06317448616
1475,-108.65000000000003,422,2,100,94,31,422,109500.78702878952
1476,-107.95000000000002,422,2,100,94,29,422,109576.44755911827
1477,-114.75000000000001,422,2,100,77,29,422,109654.67276668549
1478,-108.00000000000001,422,2,100,90,32,422,109735.4160990715
1479,-101.95000000000003,422,2,100,91,29,422,109814.04298377037
1480,-99.70000000000003,422,2,100,96,34,422,109890.40035009384
1481,-113.65,422,2,100,91,23,422,109970.06817889214
1482,-104.35000000000001,422,2,100,98,29,422,110046.75978255272
1483,-85.95000000000002,422,2,100,100,29,422,110124.62004852295
1484,-105.15,422,2,100,95,29,422,110202.16892242432
1485,-98.19999999999999,422,2,100,100,24,422,110283.38032984734
1486,-109.90000000000002,422,2,100,96,30,422,110360.6902897358
1487,-104.35000000000001,422,2,100,86,33,422,110423.78393554688
1488,-101.95000000000002,422,2,100,84,29,422,110502.73023056984
1489,-107.70000000000002,422,2,100,86,38,422,110580.45172524452
1490,-104.00000000000001,422,2,100,91,28,422,110658.26739788055
1491,-76.35000000000001,422,2,100,93,25,422,110742.5878777504
1492,-95.85000000000002,422,2,100,85,27,422,110823.52722215652
1493,-83.25,422,2,100,96,23,422,110901.80586218834
1494,-105.95000000000002,422,2,100,97,29,422,110976.10970330238
1495,-84.5,422,2,100,98,26,422,111050.97902560234
1496,-99.00000000000003,422,2,100,92,28,422,111130.87408638
1497,-116.95000000000002,422,2,100,84,29,422,111193.76804447174
1498,-107.95000000000002,422,2,100,100,33,422,111273.09563207626
1499,-121.0,422,2,100,98,24,422,111351.8672235012
1500,-109.65000000000002,422,2,100,100,31,422,111431.25213932991
1501,-101.15,422,2,100,100,33,422,111514.0472176075
1502,-109.75000000000003,422,2,100,91,25,422,111595.56907343864
1503,-108.15000000000002,422,2,100,99,29,422,111687.52197027206
1504,-106.20000000000002,422,2,100,99,32,422,111773.56406664848
1505,-104.79999999999998,422,2,100,96,32,422,111856.91489934921
1506,-112.25,422,2,100,94,23,422,111943.46866083145
1507,-112.10000000000001,422,2,100,95,26,422,112023.42953014374
1508,-107.40000000000002,422,2,100,100,28,422,112117.68455076218
1509,-103.40000000000002,422,2,100,100,36,422,112201.0666949749
1510,-107.85000000000002,422,2,100,93,31,422,112287.1879696846
1511,-85.10000000000001,422,2,100,97,26,422,112370.93026638031
1512,-96.75,422,2,100,89,33,422,112458.91986227036
1513,-101.00000000000001,422,2,100,86,28,422,112541.41923952103
1514,-112.70000000000002,422,2,100,96,26,422,112623.05236458778
1515,-111.80000000000004,422,2,100,89,36,422,112704.96084928513
1516,-103.05,422,2,100,86,35,422,112789.02953028679
1517,-114.30000000000001,422,2,100,89,34,422,112860.38342642784
1518,-108.45000000000002,422,2,100,97,23,422,112942.43817830086
1519,-109.00000000000001,422,2,100,95,28,422,113021.63340425491
1520,-107.9,422,2,100,96,30,422,113100.71276807785
1521,-107.40000000000002,422,2,100,100,28,422,113183.58322119713
1522,-106.15000000000002,422,2,100,87,25,422,113268.64643263817
1523,-112.4,422,2,100,89,20,422,113357.11201262474
1524,-109.00000000000001,422,2,100,93,28,422,113439.71001887321
1525,-117.05000000000003,422,2,100,97,27,422,113520.82978510857
1526,-118.9,422,2,100,96,26,422,113606.65775346756
1527,-88.69999999999996,422,2,100,97,26,422,113690.94013786316
1528,-96.05,422,2,100,98,31,422,113777.14884376526
1529,-98.50000000000001,422,2,100,92,38,422,113866.75591444969
1530,-105.25,422,2,100,91,31,422,113952.63982343674
1531,-103.80000000000001,422,2,100,99,28,422,114036.09197568893
1532,-107.00000000000001,422,2,100,94,28,422,114117.39321064949
1533,-81.7,422,2,100,90,26,422,114201.96557974815
1534,-109.35000000000001,422,2,100,98,29,422,114282.17836856842
1535,-105.80000000000001,422,2,100,100,28,422,114361.52802944183
1536,-100.35000000000001,422,2,100,96,33,422,114438.47228574753
1537,-104.90000000000002,422,2,100,93,38,422,114517.59243631363
1538,-101.55,422,2,100,96,29,422,114599.9598801136
1539,-108.70000000000002,422,2,100,96,34,422,114678.55543398857
1540,-101.55000000000003,422,2,100,96,33,422,114759.78801560402
1541,-89.50000000000003,422,2,100,97,34,422,114835.6020860672
1542,-99.65000000000002,422,2,100,89,39,422,114911.87776327133
1543,-103.45,422,2,100,99,27,422,114986.69914150238
1544,-89.14999999999996,422,2,100,100,25,422,115060.68679714203
1545,-106.50000000000001,422,2,100,85,34,422,115137.34658813477
1546,-103.55000000000001,422,2,100,98,29,422,115213.2432501316
1547,-110.20000000000002,422,2,100,97,40,422,115297.6781964302
1548,-115.15000000000002,422,2,100,82,25,422,115387.75270462036
1549,-105.85000000000001,422,2,100,95,31,422,115480.50997686386
1550,-110.35000000000002,422,2,100,89,29,422,115556.95644545555
1551,-106.65,422,2,100,96,23,422,115641.05562710762
1552,-111.60000000000001,422,2,100,96,24,422,115709.36453151703
1553,-117.50000000000001,422,2,100,92,26,422,115781.63685965538
1554,-115.15000000000002,422,2,100,86,29,422,115859.70490908623
1555,-101.0,422,2,100,81,28,422,115939.75139284134
1556,-109.85000000000001,422,2,100,96,23,422,116040.08865308762
1557,-106.95000000000003,422,2,100,91,37,422,116131.66223311424
1558,-118.20000000000002,422,2,100,90,28,422,116216.50144863129
1559,-114.2,422,2,100,90,24,422,116309.64266872406
1560,-93.25,422,2,100,100,23,422,116402.95595002174
1561,-78.84999999999998,422,2,100,96,23,422,116495.76779985428
1562,-107.55000000000003,422,2,100,99,33,422,116589.90060353279
1563,-109.50000000000004,422,2,100,97,34,422,116681.41197705269
1564,-100.1,422,2,100,89,30,422,116775.09922981262
1565,-121.7,422,2,100,65,42,422,116847.0791194439
1566,-109.05000000000001,422,2,100,90,19,422,116937.42310070992
1567,-113.4,422,2,100,97,24,422,117011.95413923264
1568,-108.35,422,2,100,91,29,422,117089.79615831375
1569,-115.50000000000001,422,2,100,84,34,422,117168.99721217155
1570,-109.65000000000005,422,2,100,89,39,422,117264.95979189873
1571,-111.15000000000002,422,2,100,94,25,422,117355.9103922844
1572,-111.55000000000003,422,2,100,77,25,422,117442.37414717674
1573,-112.7,422,2,100,98,26,422,117538.1814994812
1574,-109.10000000000002,422,2,100,96,26,422,117627.43640470505
1575,-112.4,422,2,100,100,24,422,117718.73872566223
1576,-121.60000000000004,422,2,100,70,32,422,117789.48888492584
1577,-102.55,422,2,100,99,29,422,117877.99427294731
1578,-110.45000000000003,422,2,100,97,35,422,117970.54920363426
1579,-92.25000000000001,422,2,100,89,27,422,118056.01854157448
1580,-106.7,422,2,100,96,30,422,118142.22675561905
1581,-118.90000000000002,422,2,100,96,30,422,118228.28885388374
1582,-95.85000000000002,422,2,100,97,35,422,118308.85572481155
1583,-114.45000000000002,422,2,100,96,35,422,118388.44863152504
1584,-101.9,422,2,100,94,30,422,118476.15550255775
1585,-108.7,422,2,100,85,34,422,118556.34879899025
1586,-97.6,422,2,100,97,20,422,118642.39312458038
1587,-115.4,422,2,100,83,28,422,118720.83492422104
1588,-110.1,422,2,100,92,26,422,118801.59737348557
1589,-121.65000000000002,422,2,100,96,31,422,118879.18308258057
1590,-107.7,422,2,100,95,30,422,118960.34464025497
1591,-124.95000000000002,422,2,100,91,29,422,119049.78447318077
1592,-100.05000000000001,422,2,100,100,31,422,119138.32753133774
1593,-99.94999999999997,422,2,100,98,29,422,119233.62867236137
1594,-118.90000000000002,422,2,100,93,30,422,119300.48075962067
1595,-106.45000000000002,422,2,100,100,27,422,119376.09663677216
1596,-107.70000000000003,422,2,100,86,34,422,119461.92192840576
1597,-118.25000000000001,422,2,100,89,19,422,119538.0428340435
1598,-104.75000000000003,422,2,100,97,33,422,119614.50758647919
1599,-114.85000000000001,422,2,100,96,23,422,119690.50347781181
1600,-111.90000000000002,422,2,100,99,30,422,119766.83824253082
1601,-100.00000000000004,422,2,100,99,32,422,119853.02202653885
1602,-114.30000000000004,422,2,100,97,38,422,119924.67666506767
1603,-109.45,422,2,100,93,31,422,119998.72131085396
1604,-107.1,422,2,100,94,26,422,120076.9708518982
1605,-104.45,422,2,100,89,27,422,120148.05390167236
1606,-118.50000000000004,422,2,100,93,34,422,120223.16922521591
1607,-110.00000000000001,422,2,100,86,32,422,120289.4892206192
1608,-116.35000000000002,422,2,100,78,33,422,120364.799649477
1609,-107.50000000000003,422,2,100,99,34,422,120447.27638196945
1610,-113.15000000000002,422,2,100,56,33,422,120540.04774022102
1611,-99.2,422,2,100,92,32,422,120629.67035913467
1612,-93.60000000000001,422,2,100,96,28,422,120719.07893872261
1613,-106.65,422,2,100,100,23,422,120799.7179236412
1614,-118.95000000000003,422,2,100,97,33,422,120878.24024295807
1615,-116.60000000000001,422,2,100,91,24,422,120956.80865001678
1616,-95.70000000000002,422,2,100,100,30,422,121037.36401319504
1617,-107.25000000000003,422,2,100,89,31,422,121119.47743105888
1618,-77.84999999999998,422,2,100,100,31,422,121207.55712151527
1619,-110.10000000000001,422,2,100,91,18,422,121293.14274168015
1620,-110.60000000000004,422,2,100,95,32,422,121379.01920366287
1621,-122.80000000000003,422,2,100,98,32,422,121449.48053455353
1622,-124.15000000000002,422,2,100,97,33,422,121507.81445074081
1623,-115.00000000000001,422,2,100,85,20,422,121587.13047385216
1624,-108.45000000000002,422,2,100,93,27,422,121664.16142344475
1625,-109.80000000000005,422,2,100,97,36,422,121730.13579678535
1626,-109.50000000000003,422,2,100,89,34,422,121807.6516149044
1627,-108.60000000000001,422,2,100,94,32,422,121884.61693549156
1628,-96.29999999999998,422,2,100,88,22,422,121960.0948266983
1629,-115.55000000000003,422,2,100,93,29,422,122044.69573163986
1630,-109.0,422,2,100,95,28,422,122120.38254594803
1631,-110.70000000000003,422,2,100,90,30,422,122201.45418047905
1632,-116.00000000000003,422,2,100,77,32,422,122290.66563916206
1633,-113.85000000000001,422,2,100,92,27,422,122372.64011502266
1634,-109.00000000000003,422,2,100,100,32,422,122451.8691496849
1635,-110.95,422,2,100,100,25,422,122527.61657500267
1636,-108.85000000000004,422,2,100,96,35,422,122605.84815049171
1637,-104.30000000000003,422,2,100,97,38,422,122688.49857878685
1638,-112.75,422,2,100,96,29,422,122770.66807675362
1639,-106.45,422,2,100,99,27,422,122850.83626627922
1640,-115.05000000000004,422,2,100,90,31,422,122933.88769769669
1641,-98.45000000000005,422,2,100,93,35,422,123018.98684644699
1642,-104.20000000000003,422,2,100,92,28,422,123092.12025547028
1643,-111.05000000000001,422,2,100,92,19,422,123167.85288667679
1644,-108.50000000000001,422,2,100,97,22,422,123244.34103369713
1645,-115.60000000000002,422,2,100,87,44,422,123318.0543999672
1646,-109.55000000000001,422,2,100,98,29,422,123392.18132948875
1647,-106.99999999999999,422,2,100,96,20,422,123468.32563757896
1648,-119.40000000000003,422,2,100,95,32,422,123537.99926114082
1650,-106.00000000000003,422,2,100,80,36,422,123678.62353348732
1651,-113.10000000000001,422,2,100,93,26,422,123752.94570159912
1652,-129.80000000000004,422,2,100,90,24,422,123834.3609802723
1653,-109.55000000000003,422,2,100,88,33,422,123906.31840658188
1654,-91.45,422,2,100,99,35,422,123986.55508685112
1655,-117.0,422,2,100,88,24,422,124056.62899065018
1656,-107.05000000000003,422,2,100,95,27,422,124129.38950014114
1657,-109.90000000000002,422,2,100,79,30,422,124206.62211823463
1658,-104.95000000000006,422,2,100,88,37,422,124287.36181592941
1659,-104.45,422,2,100,100,31,422,124359.49883055687
1660,-100.80000000000003,422,2,100,86,32,422,124439.24047398567
1661,-119.85000000000001,422,2,100,97,27,422,124520.91931772232
1662,-103.95,422,2,100,89,25,422,124606.494358778
1663,-96.1,422,2,100,95,26,422,124686.36830115318
1664,-102.95,422,2,100,89,21,422,124764.58466506004
1665,-98.05000000000003,422,2,100,100,27,422,124844.14718747139
1666,-110.60000000000001,422,2,100,85,32,422,124921.36283540726
1667,-102.14999999999999,422,2,100,93,33,422,125013.13484549522
1668,-112.00000000000001,422,2,100,93,36,422,125091.93073558807
1669,-112.60000000000002,422,2,100,92,32,422,125162.30489492416
1670,-110.94999999999999,422,2,100,96,25,422,125234.02724099159
1671,-88.79999999999995,422,2,100,97,24,422,125312.02016043663
1672,-121.20000000000006,422,2,100,91,36,422,125386.02368164062
1673,-88.64999999999998,422,2,100,96,27,422,125466.79255151749
1674,-123.20000000000002,422,2,100,96,28,422,125530.50538015366
1675,-120.25000000000003,422,2,100,86,43,422,125607.3023648262
1676,-109.80000000000003,422,2,100,92,32,422,125688.35271716118
1677,-113.95,422,2,100,84,33,422,125770.84600448608
1678,-87.14999999999999,422,2,100,99,29,422,125859.07531118393
1679,-111.05000000000001,422,2,100,92,19,422,125937.48212480545
1680,-78.69999999999997,422,2,100,99,26,422,126016.19741988182
1681,-115.2,422,2,100,100,32,422,126077.60767269135
1682,-107.30000000000003,422,2,100,100,38,422,126155.26952409744
1683,-98.6,422,2,100,100,28,422,126229.8825776577
1684,-99.45000000000002,422,2,100,91,27,422,126305.99474406242
1685,-102.35000000000001,422,2,100,96,25,422,126381.03970456123
1686,-114.45000000000003,422,2,100,76,23,422,126448.58872008324
1687,-84.79999999999995,422,2,100,98,24,422,126522.23442292213
1688,-113.70000000000002,422,2,100,95,34,422,126600.63129091263
1689,-118.70000000000003,422,2,100,94,30,422,126671.34389901161
1690,-102.49999999999999,422,2,100,81,30,422,126751.90262937546
1691,-78.79999999999998,422,2,100,96,24,422,126828.93018627167
1692,-104.14999999999999,422,2,100,97,21,422,126904.54245638847
1693,-90.64999999999999,422,2,100,99,27,422,126987.79148101807
1694,-93.69999999999999,422,2,100,96,26,422,127068.59725689888
1695,-104.85,422,2,100,95,23,422,127145.61185073853
1696,-116.60000000000004,422,2,100,68,36,422,127222.28843855858
1697,-118.70000000000002,422,2,100,85,22,422,127300.95747876167
1698,-109.30000000000004,422,2,100,96,30,422,127379.91610050201
1699,-106.00000000000003,422,2,100,96,36,422,127462.88873147964
1700,-96.69999999999999,422,2,100,98,26,422,127539.67070937157
1701,-127.70000000000005,422,2,100,90,26,422,127605.18332862854
1702,-117.35000000000001,422,2,100,98,21,422,127683.652821064
1703,-103.95000000000002,422,2,100,90,21,422,127759.4855222702
1704,-100.85000000000001,422,2,100,94,23,422,127840.70576429367
1705,-103.4,422,2,100,85,28,422,127917.24949407578
1706,-109.85000000000001,422,2,100,94,35,422,127994.50721812248
1707,-108.15000000000002,422,2,100,97,33,422,128069.58397889137
1708,-117.35000000000002,422,2,100,96,29,422,128149.0146253109
1709,-103.45,422,2,100,84,31,422,128230.78645730019
1710,-112.55000000000001,422,2,100,96,25,422,128296.985850811
1711,-108.25,422,2,100,91,23,422,128371.93144750595
1712,-91.64999999999999,422,2,100,95,31,422,128454.10495686531
1713,-98.89999999999999,422,2,100,91,22,422,128531.94865560532
1714,-116.30000000000003,422,2,100,100,30,422,128592.93604016304
1715,-115.65000000000002,422,2,100,100,27,422,128662.32895493507
1716,-96.45,422,2,100,97,35,422,128740.56064772606
1717,-117.00000000000004,422,2,100,93,36,422,128820.25928068161
1718,-110.15000000000002,422,2,100,97,33,422,128897.22123169899
1719,-115.40000000000002,422,2,100,92,24,422,128960.65038919449
1720,-111.19999999999999,422,2,100,94,32,422,129027.53358960152
1721,-106.75,422,2,100,98,37,422,129101.96546196938
1722,-88.55,422,2,100,96,21,422,129190.51681137085
1723,-109.20000000000002,422,2,100,90,28,422,129265.43327832222
1724,-106.55000000000003,422,2,100,97,29,422,129343.79205727577
1725,-111.65,422,2,100,99,27,422,129414.39354920387
1726,-125.45000000000002,422,2,100,45,35,422,129487.23800802231
1727,-116.10000000000002,422,2,100,89,22,422,129556.02198147774
1728,-107.50000000000001,422,2,100,91,42,422,129636.14549088478
1729,-115.20000000000005,422,2,100,65,40,422,129710.8553674221
1730,-93.85000000000002,422,2,100,89,31,422,129788.92656302452
1731,-86.8,422,2,100,91,24,422,129863.29677057266
1732,-114.10000000000001,422,2,100,95,30,422,129934.67752814293
1733,-102.35000000000001,422,2,100,92,29,422,130010.33284306526
1734,-110.90000000000002,422,2,100,95,30,422,130092.09757876396
1735,-113.7,422,2,100,96,30,422,130168.18941736221
1736,-86.75000000000003,422,2,100,95,29,422,130253.35370206833
1737,-112.15,422,2,100,98,29,422,130333.74417376518
1738,-112.55,422,2,100,93,29,422,130401.37616181374
1739,-106.35000000000001,422,2,100,83,37,422,130472.81137037277
1740,-104.24999999999999,422,2,100,98,31,422,130553.96613025665
1741,-107.55000000000004,422,2,100,97,41,422,130626.10562109947
1742,-110.00000000000001,422,2,100,91,28,422,130698.49622511864
1743,-114.00000000000001,422,2,100,94,24,422,130760.0519630909
1744,-118.30000000000003,422,2,100,62,42,422,130837.22769355774
1745,-107.19999999999999,422,2,100,96,24,422,130914.13261461258
1746,-103.49999999999999,422,2,100,98,26,422,130993.50395011902
1747,-108.85000000000001,422,2,100,99,27,422,131062.02563261986
1748,-94.84999999999998,422,2,100,97,23,422,131138.93011021614
1749,-118.35000000000004,422,2,100,97,25,422,131208.1412112713
1750,-112.05000000000001,422,2,100,96,23,422,131275.7634022236
1751,-121.10000000000001,422,2,100,60,30,422,131345.0996079445
1752,-109.25000000000001,422,2,100,99,31,422,131406.57835769653
1753,-96.14999999999999,422,2,100,83,33,422,131483.34189796448
1754,-111.15000000000003,422,2,100,89,29,422,131554.6169219017
1755,-111.9,422,2,100,85,34,422,131622.7885158062
1756,-103.5,422,2,100,95,30,422,131696.80407500267
1757,-90.04999999999998,422,2,100,96,35,422,131775.0628607273
1758,-105.65000000000002,422,2,100,81,35,422,131855.47425580025
1759,-99.29999999999997,422,2,100,97,30,422,131934.05203604698
1760,-117.05000000000003,422,2,100,59,27,422,131997.71033072472
1761,-108.10000000000002,422,2,100,81,42,422,132073.72687602043
1762,-88.00000000000001,422,2,100,96,32,422,132149.91425991058
1763,-97.75,422,2,100,97,33,422,132223.75761580467
1764,-110.75000000000001,422,2,100,87,25,422,132293.09011936188
1765,-102.45000000000003,422,2,100,94,35,422,132374.67133164406
1766,-100.95000000000002,422,2,100,100,33,422,132450.12671422958
1767,-97.85,422,2,100,88,31,422,132528.82581663132
1768,-108.85000000000002,422,2,100,99,35,422,132600.79506278038
1769,-115.70000000000002,422,2,100,97,34,422,132672.74779868126
1770,-98.14999999999999,422,2,100,96,33,422,132748.20850348473
1771,-116.14999999999999,422,2,100,80,29,422,132835.6735036373
1772,-110.65,422,2,100,98,19,422,132912.87682271004
1773,-93.55000000000001,422,2,100,100,29,422,133002.15086460114
1774,-101.30000000000003,422,2,100,93,30,422,133074.94134640694
1775,-107.80000000000003,422,2,100,73,36,422,133151.5117430687
1776,-99.00000000000001,422,2,100,75,36,422,133224.642663002
1777,-98.7,422,2,100,98,34,422,133304.38686203957
1778,-115.7,422,2,100,98,30,422,133374.0447256565
1779,-91.49999999999999,422,2,100,99,30,422,133459.05135035515
1780,-112.85000000000002,422,2,100,96,31,422,133536.22007894516
1781,-119.5,422,2,100,75,34,422,133607.45848298073
1782,-111.90000000000002,422,2,100,91,38,422,133673.80118489265
1783,-85.74999999999999,422,2,100,100,29,422,133758.6410381794
1784,-108.80000000000003,422,2,100,87,32,422,133837.81035399437
1785,-99.35,422,2,100,90,33,422,133902.81247854233
1786,-109.70000000000003,422,2,100,81,34,422,133974.2043390274
1787,-119.80000000000001,422,2,100,97,36,422,134031.51029968262
1788,-94.99999999999997,422,2,100,95,28,422,134118.29268836975
1789,-113.94999999999999,422,2,100,92,33,422,134189.82610988617
1790,-108.64999999999999,422,2,100,95,35,422,134259.7723815441
1791,-110.9,422,2,100,94,42,422,134329.88971948624
1792,-118.45000000000003,422,2,100,91,31,422,134397.1188466549
1793,-112.80000000000003,422,2,100,79,40,422,134471.7861263752
1794,-103.55,422,2,100,98,29,422,134546.16190600395
1795,-107.25,422,2,100,81,27,422,134622.68870472908
1796,-123.85000000000002,422,2,100,95,31,422,134682.91108965874
1797,-102.85000000000001,422,2,100,100,27,422,134756.37144327164
1798,-93.85,422,2,100,100,23,422,134834.35536646843
1799,-103.3,422,2,100,89,30,422,134906.80840301514
1800,-92.19999999999999,422,2,100,95,28,422,134984.83022594452
1801,-96.35,422,2,100,92,29,422,135072.86916661263
1802,-126.00000000000007,422,2,100,97,32,422,135134.0030257702
1803,-121.7,422,2,100,94,34,422,135195.7276418209
1804,-107.15000000000003,422,2,100,99,37,422,135267.45224308968
1805,-111.45000000000002,422,2,100,89,27,422,135341.1985423565
1806,-123.25000000000006,422,2,100,98,31,422,135398.81234788895
1807,-96.15,422,2,100,96,37,422,135476.25306916237
1808,-107.85000000000001,422,2,100,100,31,422,135541.77257943153
1809,-96.84999999999998,422,2,100,99,27,422,135607.01688098907
1810,-127.15000000000002,422,2,100,25,37,422,135672.81541585922
1811,-129.1500000000001,422,2,100,95,37,422,135732.02160978317
1812,-112.80000000000001,422,2,100,94,36,422,135804.3553557396
1813,-99.25000000000001,422,2,100,100,35,422,135882.07634305954
1814,-110.70000000000005,422,2,100,100,34,422,135950.72391724586
1815,-104.00000000000001,422,2,100,87,24,422,136018.06604886055
1816,-107.1,422,2,100,99,22,422,136089.62939953804
1817,-132.0,422,2,100,18,28,422,136147.82289600372
1818,-116.15000000000002,422,2,100,81,29,422,136217.60644745827
1819,-117.65,422,2,100,93,35,422,136276.47807741165
1820,-109.50000000000006,422,2,100,98,46,422,136349.34214949608
1821,-128.10000000000005,422,2,100,80,34,422,136414.12834978104
1822,-113.25000000000003,422,2,100,88,31,422,136480.60517406464
1823,-120.45000000000002,422,2,100,97,35,422,136553.2540204525
1824,-114.20000000000002,422,2,100,78,28,422,136622.15180563927
1825,-133.29999999999998,422,2,100,9,18,422,136682.94807863235
1826,-120.25000000000003,422,2,100,93,35,422,136749.7780148983
1827,-117.60000000000002,422,2,100,93,32,422,136815.48834776878
1828,-102.55000000000001,422,2,100,81,29,422,136885.85529088974
1829,-117.95000000000002,422,2,100,92,33,422,136947.98751163483
1830,-120.45000000000002,422,2,100,98,27,422,137021.42006349564
1831,-100.90000000000002,422,2,100,90,26,422,137099.20692634583
1832,-102.50000000000001,422,2,100,97,38,422,137168.5326602459
1833,-113.55000000000001,422,2,100,94,21,422,137228.34190797806
1834,-109.80000000000003,422,2,100,93,36,422,137297.91597938538
1835,-107.35000000000002,422,2,100,87,41,422,137370.45637845993
1836,-108.4,422,2,100,98,40,422,137434.9010424614
1837,-103.35000000000002,422,2,100,96,41,422,137513.02458643913
1838,-107.15,422,2,100,87,45,422,137584.6836016178
1839,-94.50000000000001,422,2,100,100,38,422,137661.1043162346
1840,-81.54999999999998,422,2,100,97,29,422,137741.83058452606
1841,-111.95000000000002,422,2,100,95,25,422,137807.37075448036
1842,-103.85000000000001,422,2,100,100,35,422,137882.21982431412
1843,-105.80000000000001,422,2,100,96,24,422,137957.62355923653
1844,-111.80000000000001,422,2,100,80,28,422,138024.30021762848
1845,-118.85000000000002,422,2,100,97,27,422,138093.77288603783
1846,-104.95000000000003,422,2,100,92,41,422,138160.71787333488
1847,-106.15000000000002,422,2,100,99,29,422,138232.38605117798
1848,-106.5,422,2,100,99,22,422,138293.0315170288
1849,-115.80000000000001,422,2,100,89,32,422,138355.38062381744
1850,-109.30000000000001,422,2,100,95,30,422,138425.14108753204
1851,-111.10000000000004,422,2,100,98,42,422,138489.82223439217
1852,-90.0,422,2,100,97,20,422,138568.0879290104
1853,-119.75000000000003,422,2,100,91,37,422,138628.2028181553
1854,-107.60000000000002,422,2,100,86,36,422,138697.16998124123
1855,-132.90000000000003,422,2,100,89,30,422,138746.13763594627
1856,-100.9,422,2,100,96,34,422,138824.20793390274
1857,-112.45,422,2,100,93,23,422,138888.33372926712
1858,-93.64999999999999,422,2,100,96,27,422,138964.0103583336
1859,-116.45000000000005,422,2,100,98,39,422,139034.3306145668
1860,-113.05000000000003,422,2,100,90,39,422,139100.1319310665
1861,-110.85000000000001,422,2,100,94,27,422,139171.39429426193
1862,-110.65000000000002,422,2,100,95,31,422,139240.74886631966
1863,-87.60000000000001,422,2,100,100,32,422,139316.44702339172
1864,-105.55000000000001,422,2,100,91,33,422,139386.13309812546
1865,-101.90000000000002,422,2,100,96,34,422,139456.83084583282
1866,-111.65000000000002,422,2,100,90,23,422,139526.22178554535
1867,-99.95,422,2,100,73,21,422,139586.85155248642
1868,-107.9,422,2,100,91,26,422,139656.33935284615
1869,-99.55000000000003,422,2,100,90,25,422,139725.38434410095
1870,-115.05000000000004,422,2,100,69,39,422,139792.19427752495
1871,-114.75000000000004,422,2,100,64,41,422,139859.410145998
1872,-108.30000000000001,422,2,100,96,30,422,139927.29715180397
1873,-91.4,422,2,100,88,24,422,140004.69535398483
1874,-89.8,422,2,100,83,32,422,140076.10491108894
1875,-100.20000000000002,422,2,100,97,36,422,140155.06634521484
1876,-95.49999999999999,422,2,100,84,30,422,140235.5852687359
1877,-120.60000000000001,422,2,100,91,32,422,140290.23427295685
1878,-99.0,422,2,100,98,32,422,140371.43128347397
1879,-91.4,422,2,100,99,32,422,140449.76142549515
1880,-97.30000000000001,422,2,100,94,30,422,140522.4820728302
1881,-108.55000000000001,422,2,100,99,37,422,140596.01829862595
1882,-99.55,422,2,100,90,25,422,140662.76141691208
1883,-105.65,422,2,100,95,39,422,140736.73898243904
1884,-94.70000000000003,422,2,100,97,30,422,140808.85175991058
1885,-112.05000000000001,422,2,100,91,23,422,140877.5810816288
1886,-92.5,422,2,100,98,22,422,140949.6982448101
1887,-88.39999999999998,422,2,100,100,28,422,141026.93033242226
1888,-107.9,422,2,100,89,18,422,141095.1719391346
1889,-118.15000000000002,422,2,100,96,29,422,141162.58597898483
1890,-116.10000000000002,422,2,100,90,30,422,141228.45438027382
1891,-104.30000000000003,422,2,100,95,30,422,141296.8682243824
1892,-107.25000000000001,422,2,100,88,35,422,141362.07213425636
1893,-101.2,422,2,100,88,32,422,141437.16077113152
1894,-122.4,422,2,100,95,28,422,141494.1417403221
1895,-97.39999999999999,422,2,100,90,24,422,141568.81348919868
1896,-113.80000000000003,422,2,100,89,36,422,141637.87264442444
1897,-95.25,422,2,100,89,31,422,141717.56589341164
1898,-90.99999999999999,422,2,100,93,28,422,141799.78987526894
1899,-99.9,422,2,100,99,34,422,141871.9312376976
1900,-112.85000000000002,422,2,100,55,39,422,141934.01472878456
1901,-114.25000000000001,422,2,100,88,35,422,141993.08047270775
1902,-112.90000000000002,422,2,100,92,42,422,142064.91703295708
1903,-122.35000000000001,422,2,100,88,37,422,142120.13990688324
1904,-95.29999999999998,422,2,100,97,26,422,142194.80023145676
1905,-104.55,422,2,100,100,37,422,142263.00493860245
1906,-108.40000000000003,422,2,100,91,40,422,142330.1267809868
1907,-102.95000000000005,422,2,100,97,33,422,142393.1746518612
1908,-117.35000000000001,422,2,100,82,25,422,142444.99359750748
1909,-107.8,422,2,100,78,28,422,142511.56330156326
1910,-101.7,422,2,100,92,34,422,142584.9367427826
1911,-108.20000000000003,422,2,100,89,32,422,142646.55874538422
1912,-103.95,422,2,100,95,33,422,142722.80694961548
1913,-120.90000000000002,422,2,100,85,26,422,142793.26346373558
1914,-105.90000000000005,422,2,100,96,50,422,142859.82530498505
1915,-119.35000000000007,422,2,100,93,41,422,142917.99612307549
1916,-103.25,422,2,100,94,31,422,142993.65198802948
1917,-109.70000000000002,422,2,100,89,38,422,143066.78709244728
1918,-118.45,422,2,100,95,23,422,143128.7352848053
1919,-107.6,422,2,100,91,24,422,143195.88071870804
1920,-110.05000000000001,422,2,100,100,27,422,143256.38241243362
1921,-105.65,422,2,100,90,23,422,143321.501390934
1922,-110.5,422,2,100,85,30,422,143391.11040949821
1923,-90.20000000000002,422,2,100,100,28,422,143466.34318566322
1924,-109.9,422,2,100,71,30,422,143539.55912542343
1925,-99.14999999999999,422,2,100,96,29,422,143615.89035367966
1926,-112.40000000000002,422,2,100,92,40,422,143687.8350803852
1927,-112.95000000000002,422,2,100,98,33,422,143759.79155635834
1928,-99.30000000000001,422,2,100,100,34,422,143831.67617082596
1929,-98.45000000000002,422,2,100,100,31,422,143910.45414328575
1930,-106.20000000000003,422,2,100,82,40,422,143981.73150849342
1931,-116.00000000000001,422,2,100,72,32,422,144056.11013627052
1932,-114.25,422,2,100,94,27,422,144124.08712601662
1933,-111.85000000000001,422,2,100,92,35,422,144191.09008407593
1934,-115.35000000000002,422,2,100,95,33,422,144245.02236294746
1935,-108.20000000000002,422,2,100,78,28,422,144310.71630883217
1936,-117.60000000000001,422,2,100,61,32,422,144369.33323979378
1937,-122.35000000000001,422,2,100,41,29,422,144421.1643345356
1938,-113.60000000000002,422,2,100,90,32,422,144489.00897979736
1939,-90.85000000000002,422,2,100,91,23,422,144563.52794337273
1940,-108.65000000000002,422,2,100,95,31,422,144624.4612557888
1941,-114.95,422,2,100,87,25,422,144692.53179311752
1942,-111.2,422,2,100,93,40,422,144760.22027420998
1943,-82.8,422,2,100,99,24,422,144842.03415226936
1944,-126.05000000000003,422,2,100,93,39,422,144893.65876102448
1945,-111.25000000000001,422,2,100,97,35,422,144952.84075140953
1946,-101.55000000000003,422,2,100,99,37,422,145022.5116701126
1947,-107.95000000000002,422,2,100,93,41,422,145091.07237052917
1948,-104.00000000000001,422,2,100,89,36,422,145152.90587186813
1949,-107.25000000000001,422,2,100,84,31,422,145212.62408781052
1950,-121.5,422,2,100,87,34,422,145282.74588990211
1951,-106.15000000000002,422,2,100,93,25,422,145352.38081908226
1952,-107.65000000000002,422,2,100,99,35,422,145416.79793071747
1953,-107.60000000000001,422,2,100,91,28,422,145488.512819767
1954,-107.94999999999999,422,2,100,100,33,422,145562.5992872715
1955,-115.85000000000001,422,2,100,76,31,422,145622.5011293888
1956,-113.50000000000001,422,2,100,93,26,422,145682.26142191887
1957,-99.15,422,2,100,99,29,422,145752.72322654724
1958,-107.60000000000001,422,2,100,84,32,422,145821.25193285942
1959,-114.55000000000001,422,2,100,94,33,422,145889.9705634117
1960,-107.15000000000002,422,2,100,96,25,422,145957.8617014885
1961,-105.65000000000005,422,2,100,98,43,422,146024.13708996773
1962,-121.50000000000001,422,2,100,93,30,422,146082.21766543388
1963,-99.14999999999999,422,2,100,96,29,422,146156.29239177704
1964,-112.3,422,2,100,87,38,422,146220.5123977661
1965,-92.55,422,2,100,100,37,422,146294.26511335373
1966,-105.85000000000002,422,2,100,85,35,422,146360.78303790092
1967,-96.25,422,2,100,96,35,422,146434.74285006523
1968,-105.95,422,2,100,81,37,422,146504.78762960434
1969,-97.15,422,2,100,99,33,422,146583.9183280468
1970,-110.95000000000002,422,2,100,95,33,422,146653.64681625366
1971,-110.65000000000005,422,2,100,78,39,422,146717.98622775078
1972,-103.70000000000002,422,2,100,90,38,422,146790.45373129845
1973,-109.85000000000004,422,2,100,98,31,422,146853.71949791908
1974,-97.85000000000002,422,2,100,83,31,422,146916.3755338192
1975,-104.95000000000002,422,2,100,92,41,422,146982.97801947594
1976,-105.10000000000001,422,2,100,93,30,422,147052.33689904213
1977,-101.60000000000002,422,2,100,83,32,422,147122.74078273773
1978,-105.15,422,2,100,67,29,422,147181.87832522392
1979,-108.85000000000002,422,2,100,94,31,422,147247.3181695938
1980,-120.05000000000001,422,2,100,68,27,422,147307.37037062645
1981,-95.25000000000001,422,2,100,86,31,422,147377.1952624321
1983,-111.35000000000002,422,2,100,85,33,422,147504.5313243866
1984,-122.4,422,2,100,61,32,422,147567.7065973282
1985,-107.95,422,2,100,89,21,422,147630.4769051075
1986,-104.10000000000002,422,2,100,93,30,422,147696.8013830185
1987,-105.95000000000002,422,2,100,96,37,422,147766.04655623436
1988,-108.70000000000002,422,2,100,94,30,422,147835.8811366558
1989,-105.15000000000002,422,2,100,99,29,422,147902.6170706749
1990,-115.25000000000003,422,2,100,66,43,422,147974.70853114128
1991,-106.15,422,2,100,87,29,422,148042.10486721992
1992,-109.9,422,2,100,77,34,422,148100.87377166748
1993,-109.04999999999998,422,2,100,93,31,422,148159.98832535744
1994,-106.95000000000002,422,2,100,87,37,422,148236.16789412498
1995,-119.15000000000002,422,2,100,87,37,422,148304.68175458908
1996,-114.85000000000002,422,2,100,72,39,422,148372.77147769928
1997,-89.30000000000001,422,2,100,95,30,422,148447.97239160538
1998,-105.50000000000001,422,2,100,98,34,422,148522.49666833878
1999,-102.20000000000003,422,2,100,90,40,422,148592.1476032734
2000,-113.15,422,2,100,99,25,422,148649.07796764374
2001,-117.60000000000002,422,2,100,86,40,422,148717.35620117188
2002,-106.45000000000002,422,2,100,90,35,422,148789.07183337212
2003,-99.55,422,2,100,97,25,422,148863.29105615616
2004,-105.15000000000002,422,2,100,100,37,422,148931.22595858574
2005,-99.90000000000002,422,2,100,99,34,422,149009.97211503983
2006,-112.85000000000002,422,2,100,79,19,422,149079.71089696884
2007,-113.95000000000002,422,2,100,94,33,422,149140.69005918503
2008,-77.89999999999998,422,2,100,100,30,422,149216.06965208054
2009,-111.25000000000004,422,2,100,98,35,422,149280.94846200943
2010,-98.55000000000001,422,2,100,98,29,422,149359.65217900276
2011,-101.95,422,2,100,94,33,422,149426.59347581863
2012,-99.05000000000004,422,2,100,90,39,422,149501.859051466
2013,-123.55000000000004,422,2,100,89,37,422,149573.42614269257
2014,-96.85000000000002,422,2,100,99,35,422,149642.18318748474
2015,-110.85000000000001,422,2,100,100,23,422,149706.14195418358
2016,-108.05,422,2,100,89,23,422,149773.6573355198
2017,-112.40000000000002,422,2,100,90,32,422,149846.5690164566
2018,-107.20000000000002,422,2,100,97,28,422,149911.51232242584
2019,-94.85000000000002,422,2,100,98,35,422,149979.67859888077
2020,-110.0,422,2,100,92,32,422,150048.07730293274
2021,-89.60000000000001,422,2,100,97,28,422,150119.83025240898
2022,-109.25,422,2,100,97,35,422,150193.18169474602
2023,-93.5,422,2,100,94,38,422,150262.16253733635
2024,-103.80000000000001,422,2,100,88,36,422,150333.41095232964
2025,-107.70000000000002,422,2,100,77,30,422,150403.3113026619
2026,-108.60000000000005,422,2,100,98,44,422,150466.765365839
2027,-96.60000000000002,422,2,100,98,28,422,150535.1397714615
2028,-115.95000000000003,422,2,100,63,41,422,150603.76340842247
2029,-91.35000000000002,422,2,100,100,29,422,150675.80963993073
2030,-101.85000000000002,422,2,100,99,31,422,150744.6299853325
2031,-96.20000000000002,422,2,100,98,32,422,150817.75674462318
2032,-105.80000000000001,422,2,100,97,40,422,150882.54982066154
2033,-87.60000000000001,422,2,100,92,20,422,150965.33658456802
2034,-118.50000000000001,422,2,100,78,34,422,151032.10708642006
2035,-94.05000000000001,422,2,100,90,31,422,151108.92980456352
2036,-115.30000000000001,422,2,100,97,34,422,151170.02433037758
2037,-94.95000000000002,422,2,100,99,33,422,151242.76723980904
2038,-99.60000000000002,422,2,100,87,40,422,151321.68535804749
2039,-114.50000000000001,422,2,100,95,30,422,151393.0265097618
2040,-98.70000000000002,422,2,100,93,38,422,151457.0676636696
2041,-115.85000000000004,422,2,100,46,39,422,151520.31090450287
2042,-85.89999999999999,422,2,100,93,22,422,151604.22286486626
2043,-118.60000000000001,422,2,100,98,36,422,151663.95315670967
2044,-107.55000000000003,422,2,100,92,33,422,151745.36382746696
2045,-122.30000000000001,422,2,100,54,34,422,151797.35055065155
2046,-125.25000000000003,422,2,100,84,35,422,151858.5547733307
2047,-112.75000000000003,422,2,100,99,33,422,151909.35441207886
2048,-104.69999999999999,422,2,100,96,34,422,151975.2045867443
2049,-112.40000000000003,422,2,100,95,48,422,152037.47368383408
2050,-117.50000000000004,422,2,100,50,34,422,152110.85700249672
2051,-117.60000000000004,422,2,100,93,44,422,152169.34119653702
2052,-106.45000000000002,422,2,100,97,31,422,152232.69319820404
2053,-109.30000000000001,422,2,100,93,38,422,152299.03624129295
2054,-104.45000000000002,422,2,100,97,39,422,152364.35194587708
2055,-124.25000000000003,422,2,100,89,35,422,152422.04825758934
2056,-108.70000000000003,422,2,100,98,26,422,152486.93292450905
2057,-98.45000000000003,422,2,100,73,31,422,152560.65447974205
2058,-112.85000000000002,422,2,100,73,35,422,152625.40112948418
2059,-102.75000000000003,422,2,100,84,33,422,152696.93957471848
2060,-97.55000000000001,422,2,100,92,37,422,152776.69168925285
2061,-113.85000000000005,422,2,100,70,43,422,152836.52995729446
2062,-91.6,422,2,100,94,28,422,152919.27541160583
2063,-109.49999999999999,422,2,100,90,34,422,152991.94739341736
2064,-133.80000000000007,422,2,100,41,28,422,153040.58342456818
2065,-119.80000000000005,422,2,100,88,44,422,153099.33628249168
2066,-121.55000000000005,422,2,100,71,41,422,153155.28011727333
2067,-118.70000000000003,422,2,100,93,30,422,153207.90504479408
2068,-90.8,422,2,100,100,32,422,153283.2963898182
2069,-122.70000000000003,422,2,100,52,30,422,153338.6012313366
2070,-100.10000000000004,422,2,100,98,30,422,153408.3625714779
2071,-92.84999999999997,422,2,100,99,27,422,153474.98566246033
2072,-108.30000000000003,422,2,100,81,34,422,153542.06146097183
2073,-105.60000000000002,422,2,100,84,36,422,153608.66553926468
2074,-116.20000000000003,422,2,100,97,40,422,153680.4651942253
2075,-102.50000000000001,422,2,100,95,34,422,153757.75601053238
2076,-108.05000000000001,422,2,100,98,27,422,153821.57450389862
2077,-92.4,422,2,100,96,36,422,153902.52032852173
2078,-115.35000000000004,422,2,100,87,33,422,153964.28656196594
2079,-120.50000000000004,422,2,100,78,46,422,154025.9192726612
2080,-97.8,422,2,100,97,28,422,154099.9248430729
2081,-107.30000000000003,422,2,100,85,42,422,154167.04157876968
2082,-124.55000000000005,422,2,100,70,37,422,154223.08787631989
2083,-99.40000000000002,422,2,100,75,28,422,154293.48018932343
2084,-107.15000000000002,422,2,100,93,37,422,154361.75327920914
2085,-84.94999999999999,422,2,100,97,29,422,154442.4019665718
2086,-90.25,422,2,100,92,23,422,154522.1054878235
2087,-97.2,422,2,100,98,36,422,154591.61004829407
2088,-87.64999999999998,422,2,100,96,19,422,154670.60674023628
2089,-100.75,422,2,100,91,33,422,154744.1651687622
2090,-109.15000000000002,422,2,100,94,37,422,154816.90432953835
2091,-120.80000000000004,422,2,100,76,32,422,154882.2843954563
2092,-115.80000000000003,422,2,100,78,36,422,154936.3306825161
2093,-108.30000000000001,422,2,100,97,42,422,154999.12613010406
2094,-99.55000000000004,422,2,100,98,33,422,155066.44636631012
2095,-105.90000000000003,422,2,100,70,34,422,155129.4673347473
2096,-104.25,422,2,100,99,39,422,155205.56392359734
2097,-93.95,422,2,100,85,25,422,155278.46765303612
2098,-98.70000000000002,422,2,100,82,34,422,155359.7820250988
2099,-101.4,422,2,100,81,36,422,155434.79492616653
2100,-95.79999999999998,422,2,100,93,28,422,155502.2548480034
2101,-103.15000000000003,422,2,100,70,33,422,155568.81257724762
2102,-100.39999999999999,422,2,100,98,36,422,155644.04300642014
2103,-96.70000000000002,422,2,100,82,34,422,155727.1877102852
2104,-123.40000000000003,422,2,100,44,44,422,155779.3385386467
2105,-110.40000000000005,422,2,100,100,44,422,155850.81946325302
2106,-99.95000000000002,422,2,100,94,37,422,155924.71279740334
2107,-112.90000000000003,422,2,100,100,30,422,155985.46307635307
2108,-103.15000000000002,422,2,100,75,29,422,156054.6026813984
2109,-118.05000000000004,422,2,100,57,35,422,156108.35154175758
2110,-103.9,422,2,100,87,34,422,156184.66043400764
2111,-99.8,422,2,100,98,32,422,156266.17435240746
2112,-115.30000000000001,422,2,100,85,42,422,156330.17031526566
2114,-104.2,422,2,100,99,36,422,156455.9623749256
2115,-116.40000000000005,422,2,100,41,44,422,156518.80442023277
2116,-121.25000000000003,422,2,100,73,35,422,156570.02847886086
2117,-107.2,422,2,100,88,36,422,156635.74191498756
2118,-105.35000000000002,422,2,100,76,37,422,156707.58575558662
2119,-116.80000000000004,422,2,100,97,36,422,156745.28554296494
2120,-94.75,422,2,100,100,33,422,156823.80923342705
2121,-112.40000000000006,422,2,100,75,36,422,156887.45005321503
2122,-105.75,422,2,100,99,29,422,156947.45388960838
2123,-108.20000000000003,422,2,100,88,44,422,157018.98707175255
2124,-92.75,422,2,100,100,33,422,157094.6562743187
2125,-107.05000000000001,422,2,100,87,39,422,157171.6868853569
2126,-100.85000000000004,422,2,100,90,39,422,157243.90973186493
2127,-119.25000000000003,422,2,100,49,39,422,157308.04482150078
2128,-108.55000000000001,422,2,100,92,45,422,157374.06826400757
2129,-114.85000000000004,422,2,100,96,35,422,157438.55648303032
2130,-92.94999999999999,422,2,100,95,29,422,157515.8140926361
2131,-101.59999999999998,422,2,100,94,28,422,157607.57530236244
2132,-126.45000000000002,422,2,100,46,31,422,157649.2563173771
2133,-94.6,422,2,100,88,28,422,157727.83371448517
2134,-99.29999999999998,422,2,100,99,22,422,157815.31939053535
2135,-97.75000000000001,422,2,100,91,29,422,157907.7566409111
2136,-112.30000000000004,422,2,100,95,38,422,157968.08776926994
2137,-108.75000000000001,422,2,100,97,33,422,158042.27667808533
2138,-101.40000000000003,422,2,100,96,36,422,158119.26077342033
2139,-127.90000000000003,422,2,100,98,42,422,158194.20200181007
2140,-111.75000000000003,422,2,100,72,37,422,158264.58513998985
2141,-108.80000000000001,422,2,100,94,32,422,158343.93660998344
2142,-102.30000000000001,422,2,100,96,34,422,158410.32554650307
2144,-114.05000000000001,422,2,100,99,35,422,158510.91605830193
2145,-99.65000000000003,422,2,100,80,35,422,158587.5269191265
2146,-110.35000000000002,422,2,100,74,37,422,158647.85421347618
2147,-104.85000000000002,422,2,100,98,47,422,158719.17544484138
2148,-113.30000000000004,422,2,100,83,38,422,158773.46395277977
2149,-116.90000000000003,422,2,100,85,38,422,158838.91376280785
2150,-96.35000000000001,422,2,100,97,33,422,158909.6273560524
2151,-109.95000000000002,422,2,100,86,41,422,158981.31736063957
2152,-118.60000000000002,422,2,100,98,44,422,159046.6612277031
2153,-100.05000000000001,422,2,100,88,31,422,159126.3304951191
2154,-106.85000000000001,422,2,100,82,31,422,159222.76510834694
2155,-112.25,422,2,100,81,43,422,159304.58516812325
2156,-93.1,422,2,100,99,30,422,159384.79342722893
2157,-114.85000000000005,422,2,100,53,39,422,159456.1846654415
2158,-119.90000000000002,422,2,100,91,38,422,159535.43847823143
2159,-97.79999999999998,422,2,100,96,36,422,159623.71818375587
2160,-95.45000000000002,422,2,100,89,31,422,159709.3952176571
2161,-122.80000000000005,422,2,100,98,32,422,159775.63119149208
2162,-105.75,422,2,100,97,33,422,159857.5540356636
2163,-104.6,422,2,100,97,40,422,159939.14869761467
2164,-98.4,422,2,100,95,32,422,160015.17108392715
2166,-114.55000000000003,422,2,100,82,41,422,160150.70707845688
2167,-101.80000000000004,422,2,100,78,36,422,160232.20328831673
2168,-118.25000000000004,422,2,100,65,43,422,160302.75875639915
2169,-91.45,422,2,100,98,31,422,160390.4868865013
2170,-104.50000000000001,422,2,100,99,42,422,160472.714261055
2171,-98.79999999999998,422,2,100,97,28,422,160565.73560142517
2172,-136.40000000000006,422,2,100,83,28,422,160623.95802736282
2173,-102.14999999999999,422,2,100,99,29,422,160711.63184046745
2174,-116.25000000000001,422,2,100,46,43,422,160782.69385957718
2175,-105.80000000000004,422,2,100,79,36,422,160863.22196626663
2176,-100.49999999999999,422,2,100,98,22,422,160953.90645480156
2177,-108.00000000000001,422,2,100,95,36,422,161030.9976863861
2178,-118.7,422,2,100,94,38,422,161106.6535961628
2179,-114.45000000000002,422,2,100,96,31,422,161182.60664582253
2180,-101.8,422,2,100,93,28,422,161268.0886900425
2181,-105.90000000000002,422,2,100,93,34,422,161357.28019094467
2182,-104.10000000000002,422,2,100,81,38,422,161432.38321995735
2183,-112.10000000000001,422,2,100,65,30,422,161521.04446530342
2184,-104.20000000000002,422,2,100,97,44,422,161602.95699310303
2185,-114.70000000000006,422,2,100,100,38,422,161670.15629053116
2186,-88.64999999999999,422,2,100,98,31,422,161747.5672249794
2187,-112.15000000000008,422,2,100,98,45,422,161808.65374064445
2188,-120.25000000000001,422,2,100,98,27,422,161876.74472761154
2189,-101.6,422,2,100,95,20,422,161974.45528626442
2190,-105.05000000000001,422,2,100,100,39,422,162052.3520014286
2191,-113.75000000000006,422,2,100,87,41,422,162131.66888427734
2192,-131.79999999999995,422,2,100,14,40,422,162205.2006995678
2193,-113.10000000000002,422,2,100,86,42,422,162271.2778816223
2194,-92.95,422,2,100,98,25,422,162367.8035812378
2195,-109.80000000000001,422,2,100,84,32,422,162439.0745227337
2196,-106.95000000000003,422,2,100,100,41,422,162520.78440761566
2197,-101.0,422,2,100,92,28,422,162604.87517142296
2198,-96.25,422,2,100,94,31,422,162685.82135105133
2199,-101.25,422,2,100,98,35,422,162771.95940184593
2200,-101.44999999999999,422,2,100,95,23,422,162842.39087080956
2201,-101.25,422,2,100,96,27,422,162937.37490344048
2202,-110.65,422,2,100,94,35,422,163028.72688674927
2203,-99.99999999999997,422,2,100,98,24,422,163122.84201574326
2204,-112.85,422,2,100,94,39,422,163205.30805563927
2205,-114.75000000000001,422,2,100,100,37,422,163275.7838613987
2206,-115.80000000000005,422,2,100,84,32,422,163360.35791301727
2207,-104.74999999999999,422,2,100,94,25,422,163451.36897230148
2208,-114.30000000000004,422,2,100,97,46,422,163520.1586446762
2209,-101.90000000000003,422,2,100,95,38,422,163604.59355473518
2210,-107.55000000000001,422,2,100,87,37,422,163691.51166749
2211,-123.85000000000005,422,2,100,97,31,422,163757.70880913734
2212,-102.85000000000002,422,2,100,88,35,422,163841.44227814674
2213,-114.3,422,2,100,85,34,422,163929.40170049667
2215,-105.30000000000001,422,2,100,87,34,422,164089.07581305504
2216,-128.45000000000005,422,2,100,25,39,422,164158.03967952728
2218,-127.10000000000007,422,2,100,88,42,422,164276.9156205654
2219,-99.35,422,2,100,91,33,422,164367.03867387772
2220,-119.05000000000004,422,2,100,97,35,422,164442.2461400032
2221,-119.30000000000003,422,2,100,94,22,422,164495.0830245018
2222,-109.60000000000004,422,2,100,72,40,422,164569.87867188454
2223,-109.35000000000004,422,2,100,100,37,422,164655.08502674103
2224,-118.60000000000001,422,2,100,51,36,422,164725.6277127266
2225,-98.14999999999999,422,2,100,94,29,422,164816.40053772926
2226,-95.79999999999998,422,2,100,95,28,422,164907.95451903343
2227,-92.59999999999998,422,2,100,97,28,422,164994.15482449532
2228,-90.05000000000003,422,2,100,88,31,422,165076.8700222969
2229,-95.09999999999998,422,2,100,100,22,422,165186.42281341553
2230,-104.9,422,2,100,82,34,422,165286.13120913506
2231,-100.55000000000003,422,2,100,87,33,422,165387.03126120567
2232,-114.90000000000002,422,2,100,65,34,422,165479.0038819313
2233,-95.85000000000001,422,2,100,100,35,422,165575.43485975266
2234,-100.10000000000002,422,2,100,95,30,422,165663.73553824425
2235,-101.50000000000001,422,2,100,95,38,422,165746.2091743946
2236,-116.40000000000002,422,2,100,95,32,422,165804.1168255806
2237,-106.45000000000003,422,2,100,97,39,422,165891.44723534584
2238,-99.8,422,2,100,99,36,422,165973.9878666401
2239,-128.40000000000003,422,2,100,25,36,422,166052.3232178688
2240,-103.15,422,2,100,94,37,422,166137.51513886452
2241,-93.8,422,2,100,95,32,422,166216.68476462364
2242,-92.50000000000001,422,2,100,88,30,422,166295.84296488762
2243,-99.75,422,2,100,96,37,422,166385.76131415367
2244,-106.25000000000001,422,2,100,91,35,422,166461.74422502518
2245,-94.04999999999998,422,2,100,99,27,422,166552.42563652992
2246,-103.10000000000001,422,2,100,74,34,422,166627.05162596703
2247,-107.15000000000002,422,2,100,82,25,422,166699.81208896637
2248,-111.70000000000002,422,2,100,82,38,422,166782.71776628494
2249,-98.60000000000001,422,2,100,97,24,422,166855.46435689926
2250,-109.50000000000006,422,2,100,94,42,422,166912.13820266724
2251,-122.25000000000001,422,2,100,77,27,422,167005.26504588127
2252,-118.15000000000002,422,2,100,44,29,422,167092.52229118347
2253,-97.55000000000004,422,2,100,94,29,422,167175.85152959824
2255,-113.49999999999999,422,2,100,83,30,422,167322.54246640205
2256,-117.75000000000003,422,2,100,81,45,422,167403.47035980225
2258,-102.35000000000001,422,2,100,95,33,422,167576.94397830963
2259,-101.74999999999997,422,2,100,97,21,422,167673.17892313004
2260,-98.35000000000002,62,1,100,91,29,422,167733.13629221916
2261,-104.65000000000003,422,2,100,85,43,422,167798.54268050194
2262,-126.60000000000005,422,2,100,100,32,422,167852.70977711678
2263,-108.95000000000005,422,2,100,94,33,422,167928.51704001427
2265,-91.75,422,2,100,95,25,422,168080.04289412498
2266,-112.15000000000002,422,2,100,94,29,422,168152.25680565834
2267,-103.95000000000003,422,2,100,96,37,422,168218.58059191704
2268,-111.4,422,2,100,98,36,422,168281.15933179855
2269,-107.90000000000003,422,2,100,94,34,422,168345.68694353104
2270,-108.04999999999998,422,2,100,75,27,422,168417.22733402252
2271,-93.65,422,2,100,99,35,422,168502.39407730103
2272,-111.55000000000001,422,2,100,97,25,422,168592.24300932884
2273,-104.4,422,2,100,93,28,422,168685.12183856964
2274,-102.80000000000001,422,2,100,83,36,422,168778.92206215858
2275,-90.44999999999999,422,2,100,95,23,422,168872.6914484501
2276,-99.35000000000002,422,2,100,92,33,422,168961.289270401
2277,-96.65000000000003,422,2,100,96,35,422,169040.25927758217
2278,-101.25,422,2,100,90,35,422,169126.33958268166
2279,-92.95,422,2,100,94,29,422,169202.06443619728
2280,-104.7,422,2,100,86,30,422,169296.32575511932
2281,-117.44999999999999,422,2,100,51,31,422,169374.16326332092
2282,-94.25000000000001,422,2,100,81,27,422,169458.37918925285
2283,-89.05,422,2,100,90,23,422,169555.12786865234
2284,-102.95000000000003,422,2,100,86,41,422,169634.38014364243
2285,-112.55000000000005,422,2,100,100,37,422,169694.16404676437
2286,-96.15,422,2,100,94,29,422,169786.9680635929
2287,-103.80000000000001,422,2,100,86,40,422,169858.9345510006
2288,-88.85,422,2,100,91,19,422,169940.40382409096
2289,-90.25,422,2,100,89,27,422,170032.62909388542
2290,-103.80000000000001,422,2,100,96,36,422,170108.5709335804
2292,-98.20000000000003,422,2,100,90,28,422,170245.73967576027
2293,-122.00000000000007,422,2,100,44,40,422,170309.31346058846
2294,-112.05000000000004,422,2,100,89,31,422,170383.31147623062
2295,-103.35000000000002,422,2,100,95,33,422,170462.8562939167
2296,-124.20000000000007,422,2,100,56,52,422,170536.02126789093
2298,-96.55000000000001,422,2,100,97,41,422,170667.9576869011
2299,-97.9,422,2,100,100,30,422,170757.46548104286
2300,-107.85000000000004,422,2,100,95,35,422,170838.61919116974
2301,-120.25000000000001,422,2,100,95,35,422,170909.7413163185
2302,-113.60000000000005,422,2,100,96,40,422,170984.71898078918
2304,-103.89999999999999,422,2,100,83,34,422,171122.13204407692
2305,-124.4,422,2,100,98,36,422,171185.73040771484
2306,-100.35000000000004,422,2,100,98,41,422,171256.78536701202
2307,-102.80000000000004,422,2,100,69,36,422,171342.22054886818
2308,-100.2,422,2,100,100,40,422,171419.6000483036
2309,-115.50000000000006,422,2,100,100,34,422,171507.157238245
2310,-105.00000000000001,422,2,100,95,36,422,171592.97209858894
2313,-108.65000000000003,422,2,100,58,39,422,171822.766600132
2314,-99.35000000000001,422,2,100,100,37,422,171895.3890748024
2315,-107.14999999999999,422,2,100,96,25,422,171990.5641541481
2316,-102.04999999999997,422,2,100,98,31,422,172082.4651415348
2317,-98.39999999999998,422,2,100,90,28,422,172170.31014728546
2320,-112.60000000000004,422,2,100,98,40,422,172362.0387172699
2321,-111.45000000000003,422,2,100,74,31,422,172441.26253700256
2323,-121.5,422,2,100,34,30,422,172583.63150763512
2324,-113.00000000000004,422,2,100,53,32,422,172659.82173633575
2326,-91.94999999999999,422,2,100,97,25,422,172815.87178993225
2327,-98.40000000000002,422,2,100,98,36,422,172896.66132378578
2329,-106.25000000000001,422,2,100,83,27,422,173055.32608366013
2330,-99.0,422,2,100,99,32,422,173143.79079532623
2331,-108.35000000000004,422,2,100,94,37,422,173218.20506310463
2333,-103.2,422,2,100,86,24,422,173374.88607168198
2337,-99.60000000000001,422,2,100,93,28,422,173662.17949056625
2338,-99.10000000000001,422,2,100,92,30,422,173735.24737644196
2339,-106.15000000000002,422,2,100,68,29,422,173822.65234827995
2340,-114.65000000000003,62,1,100,85,39,422,173878.80099773407
2343,-104.10000000000004,422,2,100,87,38,422,174062.98589158058
2345,-113.70000000000007,422,2,100,94,38,422,174194.0532824993
2346,-127.95000000000003,422,2,100,21,41,422,174265.71835041046
2349,-126.75000000000001,422,2,100,19,41,422,174470.8440067768
2350,-125.50000000000004,62,1,100,98,30,422,174517.68141651154
2353,-118.00000000000001,422,2,100,41,32,422,174731.60082435608
2354,-130.4,422,2,100,27,24,422,174813.29868507385
2355,-110.20000000000003,422,2,100,62,36,422,174886.99171042442
2357,-95.45000000000002,422,2,100,96,39,422,175026.37811160088
2360,-101.30000000000003,62,1,100,97,30,422,175225.18488121033
2361,-96.55000000000003,422,2,100,95,37,422,175300.19876122475
2362,-101.25,422,2,100,88,35,422,175377.87854456902
2363,-98.4,422,2,100,92,40,422,175462.8693459034
2367,-101.29999999999998,422,2,100,96,34,422,175769.59216070175
2370,-94.5,62,1,100,93,22,422,175976.4831097126
2371,-107.10000000000001,422,2,100,75,30,422,176061.9384584427
2373,-117.05,422,2,100,40,39,422,176193.73466825485
2379,-97.05000000000003,422,2,100,96,47,422,176641.8573191166
2380,-99.2,62,1,100,95,28,422,176718.29727458954
2385,-94.5,422,2,100,100,38,422,177094.3279285431
2390,-103.20000000000002,62,1,100,88,32,422,177441.98500227928
2400,-101.00000000000001,62,1,100,89,28,422,178128.16166567802
2405,-131.55,422,2,100,17,37,422,178464.31848859787
2407,-101.50000000000003,422,2,100,91,38,422,178613.70137238503
2410,-115.50000000000001,62,1,100,97,34,422,178822.36316895485
2420,-107.10000000000002,62,1,100,93,34,422,179432.76451277733
2423,-106.50000000000006,422,2,100,87,46,422,179630.3731482029
2430,-105.1,62,1,100,91,34,422,180087.52787184715
2437,-90.80000000000003,422,2,100,98,40,422,180592.96703267097
2440,-96.04999999999998,62,1,100,98,31,422,180799.19485139847
2441,-126.50000000000001,422,2,100,64,34,422,180865.63584589958
2443,-122.00000000000009,422,2,100,59,44,422,181008.92198181152
2448,-125.75000000000004,422,2,100,28,49,422,181332.17170262337
2450,-87.44999999999999,422,2,100,96,31,422,181488.59866666794
2457,-126.95,422,2,100,24,37,422,181950.7935473919
2460,-117.90000000000002,422,2,100,65,30,422,182126.5328295231
2464,-102.70000000000005,422,2,100,65,38,422,182383.92334842682
2465,-110.15000000000005,422,2,100,52,41,422,182454.20144629478
2466,-96.65000000000005,422,2,100,91,43,422,182517.71531677246
2467,-89.89999999999998,422,2,100,93,30,422,182596.96054315567
2468,-110.05000000000003,422,2,100,70,31,422,182671.60527825356
2470,-109.60000000000004,422,2,100,55,36,422,182812.4553346634
2471,-109.05000000000004,422,2,100,62,35,422,182890.98016691208
2474,-94.25000000000003,422,2,100,94,35,422,183110.47647929192
2475,-127.0,422,2,100,40,32,422,183199.78084754944
2478,-87.19999999999999,422,2,100,99,24,422,183393.93035936356
2479,-108.90000000000002,422,2,100,86,30,422,183466.62635850906
2480,-87.8,422,2,100,95,24,422,183553.39802360535
2481,-114.15000000000002,422,2,100,98,37,422,183638.18577432632
2483,-134.5,422,2,100,58,34,422,183777.63506889343
2485,-94.25000000000001,422,2,100,99,31,422,183910.93372440338
2486,-90.90000000000002,422,2,100,97,30,422,184001.00290441513
2487,-90.00000000000001,422,2,100,99,20,422,184091.89747452736
2488,-100.15000000000006,422,2,100,95,45,422,184161.01789546013
2489,-102.90000000000002,422,2,100,86,30,422,184232.51059246063
2490,-104.05000000000001,422,2,100,96,35,422,184307.62498879433
2491,-102.60000000000001,422,2,100,97,36,422,184387.62735271454
2493,-107.35000000000002,422,2,100,100,25,422,184530.08450579643
2495,-92.70000000000003,422,2,100,98,42,422,184664.3807706833
2496,-114.10000000000005,422,2,100,93,42,422,184732.2606434822
2497,-125.85000000000004,422,2,100,53,47,422,184813.24205350876
2498,-133.15,422,2,100,36,41,422,184873.11065888405
2500,-92.7,62,1,100,99,26,422,184983.64430046082
2502,-112.80000000000003,422,2,100,65,40,422,185125.6134905815
2504,-109.20000000000006,422,2,100,54,44,422,185269.34862804413
2506,-127.60000000000004,422,2,100,41,40,422,185405.3734846115
2507,-115.65000000000003,422,2,100,94,43,422,185481.85031485558
2509,-104.15000000000003,422,2,100,99,29,422,185607.40357851982
2510,-113.25000000000001,422,2,100,38,31,422,185672.43950891495
2511,-105.60000000000002,422,2,100,92,44,422,185748.08067274094
2512,-119.85000000000004,422,2,100,48,39,422,185811.561542511
2513,-113.60000000000007,422,2,100,100,36,422,185875.03187274933
2515,-111.60000000000005,422,2,100,98,28,422,185998.46762919426
2516,-100.10000000000001,422,2,100,97,34,422,186081.13383293152
2517,-95.20000000000005,422,2,100,88,44,422,186143.01669168472
2518,-112.40000000000003,422,2,100,78,44,422,186208.09746456146
2519,-107.05000000000003,422,2,100,86,35,422,186284.7126672268
2520,-112.10000000000004,422,2,100,91,42,422,186348.35281777382
2521,-98.75000000000001,422,2,100,100,33,422,186429.66846132278
2522,-114.20000000000006,422,2,100,71,48,422,186506.46870183945
2523,-108.20000000000002,422,2,100,83,40,422,186581.32638430595
2524,-111.85000000000002,422,2,100,73,35,422,186656.56933808327
2525,-118.50000000000006,422,2,100,90,42,422,186729.30256271362
2526,-108.10000000000004,422,2,100,56,30,422,186809.0914068222
2527,-125.35,422,2,100,37,37,422,186873.36918115616
2528,-108.55000000000007,422,2,100,89,41,422,186942.3505408764
2529,-104.2,422,2,100,98,28,422,187026.40498280525
2530,-128.45,422,2,100,42,43,422,187095.8161585331
2531,-106.65000000000005,422,2,100,91,39,422,187158.9093773365
2532,-131.10000000000002,422,2,100,34,34,422,187228.3279914856
2533,-112.90000000000003,422,2,100,100,42,422,187301.5905032158
2534,-99.65000000000005,422,2,100,92,47,422,187372.30769181252
2536,-123.95000000000003,422,2,100,35,41,422,187493.54901719093
2537,-122.45000000000007,422,2,100,94,39,422,187569.22349333763
2538,-92.45,422,2,100,99,23,422,187666.60572338104
2539,-104.75000000000004,422,2,100,79,37,422,187751.4334745407
2540,-102.7,422,2,100,100,30,422,187844.34599924088
2541,-113.70000000000005,422,2,100,89,46,422,187931.85095715523
2542,-116.95,422,2,100,67,37,422,188028.67886424065
2543,-110.50000000000004,422,2,100,95,34,422,188118.1654586792
2544,-101.19999999999999,422,2,100,94,28,422,188224.68319821358
2545,-101.5,422,2,100,98,26,422,188324.40401816368
2546,-124.25000000000007,422,2,100,67,39,422,188410.03485703468
2547,-108.15000000000002,422,2,100,91,33,422,188502.00087547302
2548,-110.60000000000001,422,2,100,95,32,422,188584.6343524456
2549,-112.75000000000006,422,2,100,68,37,422,188681.0247991085
2550,-96.69999999999999,422,2,100,99,34,422,188761.72914743423
2551,-101.20000000000003,422,2,100,98,40,422,188838.6685988903
2554,-114.40000000000002,422,2,100,98,44,422,189071.1128540039
2555,-133.20000000000007,422,2,100,93,28,422,189136.71537470818
2557,-95.09999999999998,422,2,100,98,30,422,189295.24670290947
2559,-120.60000000000005,422,2,100,96,36,422,189407.61561584473
2560,-103.44999999999999,422,2,100,86,27,422,189491.5106549263
2561,-110.20000000000002,422,2,100,92,36,422,189588.5011382103
2562,-116.15000000000002,422,2,100,45,29,422,189683.58465886116
2563,-103.14999999999998,422,2,100,99,21,422,189795.8357348442
2564,-95.85000000000001,422,2,100,98,27,422,189896.7774055004
2565,-126.10000000000004,422,2,100,36,30,422,189982.02059960365
2566,-105.75000000000004,422,2,100,99,41,422,190069.65473008156
2567,-102.35000000000004,422,2,100,100,37,422,190156.58088374138
2568,-124.50000000000006,422,2,100,96,42,422,190232.24951601028
2569,-128.10000000000002,422,2,100,54,34,422,190312.97956347466
2570,-108.05000000000001,422,2,100,95,35,422,190402.28863883018
2571,-119.70000000000006,422,2,100,79,46,422,190463.89344906807
2572,-110.50000000000004,422,2,100,94,42,422,190524.70158576965
2573,-121.75000000000003,422,2,100,95,37,422,190592.69902157784
2574,-120.25000000000004,422,2,100,96,39,422,190678.4939339161
2575,-124.65000000000006,422,2,100,59,47,422,190742.3847105503
2576,-129.30000000000007,422,2,100,33,46,422,190810.49934959412
2577,-124.50000000000004,422,2,100,97,42,422,190883.4639363289
2578,-104.2,422,2,100,95,36,422,190958.29762029648
2579,-111.40000000000002,422,2,100,91,36,422,191038.77114963531
2580,-131.0,422,2,100,29,40,422,191106.58897852898
2581,-111.4,422,2,100,75,24,422,191185.4250547886
2582,-100.14999999999998,422,2,100,92,29,422,191282.05289649963
2583,-134.15,422,2,100,19,33,422,191356.43173456192
2585,-99.75000000000004,422,2,100,97,41,422,191506.13087439537
2586,-117.30000000000005,422,2,100,54,46,422,191573.19340491295
2587,-107.35000000000005,422,2,100,100,33,422,191644.6667842865
2588,-106.05000000000001,422,2,100,99,31,422,191720.68539237976
2589,-103.65,422,2,100,81,35,422,191808.12883591652
2590,-103.20000000000005,422,2,100,81,32,422,191879.74766731262
2591,-125.85000000000002,422,2,100,55,39,422,191961.07475829124
2592,-110.55000000000001,422,2,100,79,41,422,192036.10797548294
2593,-108.90000000000002,422,2,100,92,34,422,192115.27107572556
2594,-102.85000000000001,422,2,100,89,31,422,192191.5347313881
2595,-113.15000000000002,422,2,100,88,37,422,192273.54005885124
2596,-112.75000000000001,422,2,100,96,37,422,192358.62252354622
2597,-116.20000000000009,422,2,100,89,44,422,192432.59887099266
2598,-112.50000000000001,422,2,100,64,34,422,192521.75353717804
2599,-112.80000000000004,422,2,100,98,44,422,192597.64124584198
2600,-125.80000000000003,422,2,100,99,40,422,192672.4567477703
2601,-90.2,422,2,100,99,28,422,192764.97239899635
2602,-95.39999999999998,422,2,100,93,32,422,192857.05767822266
2603,-112.55000000000001,422,2,100,96,33,422,192935.41002607346
2604,-120.85000000000002,422,2,100,84,35,422,193007.66735482216
2605,-113.00000000000001,422,2,100,66,28,422,193097.08180594444
2606,-106.95000000000003,422,2,100,98,37,422,193183.24331855774
2607,-104.50000000000003,422,2,100,96,30,422,193254.10184931755
2608,-104.2,422,2,100,89,32,422,193342.87127804756
2609,-109.70000000000005,422,2,100,95,34,422,193409.74658751488
2610,-105.89999999999998,422,2,100,97,38,422,193495.3873207569
2611,-121.70000000000005,422,2,100,100,42,422,193574.6175892353
2613,-110.30000000000003,422,2,100,75,38,422,193713.30897331238
2614,-127.00000000000004,422,2,100,87,48,422,193781.54136538506
2615,-121.15000000000006,422,2,100,83,53,422,193850.80784225464
2617,-107.70000000000006,422,2,100,100,38,422,193976.83678364754
2619,-130.00000000000006,422,2,100,70,36,422,194101.84955501556
2620,-124.55000000000005,422,2,100,99,33,422,194167.1916396618
2621,-118.25000000000001,422,2,100,95,35,422,194239.20412659645
2622,-131.95,422,2,100,30,29,422,194311.49486851692
2625,-104.15000000000003,422,2,100,53,33,422,194510.6323158741
2626,-110.50000000000003,422,2,100,62,34,422,194591.09392738342
2627,-110.65,422,2,100,95,43,422,194678.81682133675
2629,-125.60000000000007,422,2,100,65,48,422,194807.42558908463
2630,-126.30000000000001,422,2,100,40,34,422,194869.84992694855
2631,-122.40000000000002,422,2,100,45,36,422,194957.77792072296
2632,-123.80000000000005,422,2,100,92,40,422,195018.41760396957
2633,-132.95000000000005,422,2,100,33,37,422,195084.5885310173
2635,-118.55000000000003,422,2,100,81,29,422,195212.40127635002
2636,-129.95000000000005,422,2,100,35,37,422,195272.42155361176
2637,-112.35000000000002,422,2,100,93,33,422,195346.55831718445
2640,-128.95,62,1,100,87,25,422,195513.81785273552
2641,-100.6,422,2,100,97,36,422,195604.59257030487
2642,-104.50000000000003,422,2,100,94,34,422,195684.88675045967
2643,-111.55000000000004,422,2,100,76,41,422,195759.24738526344
2644,-116.30000000000003,422,2,100,96,34,422,195840.20604729652
2645,-127.15,422,2,100,30,25,422,195910.7025308609
2647,-117.4,422,2,100,56,32,422,196032.30253863335
2648,-129.35000000000002,422,2,100,28,33,422,196090.28651309013
2649,-108.00000000000001,422,2,100,98,32,422,196166.8415696621
2650,-116.85000000000004,422,2,100,94,43,422,196233.4724779129
2651,-108.40000000000003,422,2,100,63,36,422,196298.81391978264
2652,-102.95000000000003,422,2,100,94,37,422,196382.2886390686
2654,-109.95000000000002,422,2,100,89,37,422,196493.62767505646
2655,-125.05000000000003,422,2,100,47,27,422,196552.64312195778
2656,-111.45000000000005,422,2,100,63,35,422,196616.7045366764
2658,-104.60000000000004,422,2,100,94,40,422,196735.6227786541
2659,-122.55000000000001,422,2,100,45,37,422,196795.6052751541
2660,-107.05,422,2,100,89,31,422,196874.4812989235
2661,-100.40000000000002,422,2,100,98,36,422,196945.35056447983
2662,-103.24999999999997,422,2,100,99,27,422,197041.45064258575
2663,-112.40000000000002,422,2,100,88,28,422,197113.75136351585
2664,-107.15,422,2,100,99,37,422,197194.42548203468
2665,-91.54999999999998,422,2,100,96,29,422,197274.59219789505
2666,-105.65000000000002,422,2,100,100,43,422,197346.6770312786
2667,-114.60000000000004,422,2,100,92,32,422,197416.49933362007
2668,-97.99999999999999,422,2,100,98,32,422,197506.08106160164
2669,-129.65,422,2,100,91,31,422,197568.58835172653
2670,-110.45000000000003,422,2,100,96,39,422,197643.6951930523
2671,-109.25000000000003,422,2,100,100,35,422,197704.961322546
2672,-109.15000000000002,422,2,100,97,29,422,197766.70611071587
2673,-106.10000000000001,422,2,100,91,34,422,197839.3237197399
2674,-111.55000000000004,422,2,100,66,41,422,197912.33927059174
2675,-106.35000000000002,422,2,100,94,29,422,197980.64731240273
2676,-118.35000000000002,422,2,100,37,29,422,198049.8497991562
2677,-122.10000000000002,422,2,100,95,26,422,198120.42867183685
2679,-128.05,422,2,100,73,23,422,198237.74671912193
2680,-130.40000000000003,422,2,100,28,28,422,198306.07372498512
2681,-93.55000000000001,422,2,100,96,29,422,198382.39909911156
2682,-100.70000000000002,422,2,100,91,46,422,198454.88612818718
2683,-119.8,422,2,100,90,24,422,198530.06101083755
2684,-125.40000000000005,422,2,100,82,40,422,198587.1761033535
2685,-109.55000000000001,422,2,100,97,37,422,198650.48493742943
2686,-88.25000000000001,422,2,100,87,27,422,198735.19927167892
2687,-113.50000000000004,422,2,100,71,42,422,198799.79493618011
2688,-113.85000000000002,422,2,100,74,39,422,198871.20039987564
2689,-84.29999999999998,422,2,100,97,34,422,198943.2203156948
2690,-110.14999999999999,422,2,100,80,33,422,199011.39102745056
2691,-108.15000000000002,422,2,100,78,29,422,199084.7205374241
2692,-116.95000000000003,422,2,100,37,33,422,199151.07224202156
2693,-112.85000000000004,422,2,100,84,35,422,199213.99366140366
2694,-106.55000000000001,422,2,100,93,25,422,199293.3210184574
2695,-101.95,422,2,100,88,41,422,199365.89783358574
2696,-102.40000000000005,422,2,100,98,36,422,199431.58871889114
2697,-106.05000000000001,422,2,100,90,35,422,199502.26545119286
2698,-126.85000000000002,422,2,100,24,39,422,199570.58033251762
2699,-84.79999999999998,422,2,100,98,24,422,199652.22011208534
2700,-104.49999999999999,422,2,100,92,26,422,199730.372371912
2701,-127.35000000000001,422,2,100,25,29,422,199790.68246150017
2702,-115.80000000000004,422,2,100,66,28,422,199858.44245433807
2703,-109.00000000000003,422,2,100,94,44,422,199928.4398472309
2704,-98.20000000000002,422,2,100,98,40,422,200002.76128983498
2705,-112.00000000000004,422,2,100,75,32,422,200065.1753423214
2706,-115.10000000000001,422,2,100,100,26,422,200123.46081376076
2707,-130.90000000000003,422,2,100,97,26,422,200182.29734396935
2708,-123.20000000000002,422,2,100,93,36,422,200239.56963801384
2709,-96.65000000000003,422,2,100,80,27,422,200322.02344417572
2710,-120.90000000000003,422,2,100,67,30,422,200390.57396435738
2712,-112.85000000000005,422,2,100,93,43,422,200519.12470459938
2713,-125.40000000000003,422,2,100,96,40,422,200572.0473959446
2714,-111.60000000000005,422,2,100,99,40,422,200631.8536798954
2715,-99.05000000000003,422,2,100,87,39,422,200708.5888748169
2716,-102.70000000000005,422,2,100,94,42,422,200780.2009370327
2717,-100.00000000000003,422,2,100,94,44,422,200851.42871189117
2718,-112.30000000000003,422,2,100,72,42,422,200921.37468194962
2719,-107.85000000000002,422,2,100,96,39,422,200988.76761698723
2720,-107.95,422,2,100,77,37,422,201063.37850308418
2721,-118.90000000000003,422,2,100,51,34,422,201124.58786582947
2722,-127.55000000000001,422,2,100,39,29,422,201186.72925758362
2723,-99.39999999999998,422,2,100,95,28,422,201260.43321204185
2724,-108.50000000000003,422,2,100,100,34,422,201329.78006577492
2725,-122.90000000000002,422,2,100,33,30,422,201390.28409194946
2726,-114.95000000000007,422,2,100,70,45,422,201464.77086734772
2727,-121.75000000000001,422,2,100,79,33,422,201523.2183983326
2728,-101.30000000000004,422,2,100,91,38,422,201593.43078064919
2730,-115.40000000000005,422,2,100,67,32,422,201711.792791605
2731,-101.50000000000004,422,2,100,51,38,422,201782.19747972488
2732,-132.10000000000005,422,2,100,45,34,422,201842.5916302204
2733,-100.85000000000002,422,2,100,91,39,422,201911.00831866264
2735,-109.8,422,2,100,88,28,422,202034.15580153465
2736,-118.20000000000003,422,2,100,100,32,422,202100.29739785194
2738,-108.70000000000003,422,2,100,67,42,422,202236.94129157066
2740,-111.25000000000003,422,2,100,71,39,422,202361.3536682129
2741,-91.85000000000001,422,2,100,99,31,422,202438.9724895954
2742,-110.60000000000001,422,2,100,92,36,422,202510.29160523415
2743,-110.30000000000003,422,2,100,63,38,422,202581.10699653625
2744,-104.25,422,2,100,70,31,422,202652.9831700325
2745,-107.55,422,2,100,95,37,422,202724.45989131927
2747,-119.74999999999999,422,2,100,29,25,422,202854.8116016388
2748,-95.4,422,2,100,93,28,422,202930.30909633636
2749,-112.50000000000006,422,2,100,61,42,422,203000.63578939438
2750,-102.25000000000004,422,2,100,87,43,422,203069.10056352615
2751,-126.40000000000002,422,2,100,36,36,422,203138.71480202675
2752,-126.40000000000002,422,2,100,25,36,422,203207.41012310982
2754,-109.60000000000002,422,2,100,63,36,422,203354.09804034233
2756,-127.94999999999999,422,2,100,27,29,422,203496.95276141167
2757,-122.60000000000002,422,2,100,57,32,422,203565.45512509346
2759,-135.9,422,2,100,15,26,422,203698.69507336617
2760,-107.10000000000002,62,1,100,96,22,422,203769.02600121498
2761,-109.10000000000001,422,2,100,97,30,422,203840.03559207916
2762,-119.65000000000003,422,2,100,100,35,422,203907.87576007843
2763,-116.85000000000001,422,2,100,95,35,422,203976.55951714516
2764,-121.60000000000001,422,2,100,90,32,422,204038.91463446617
2765,-94.24999999999999,422,2,100,95,23,422,204123.961104393
2766,-119.05000000000001,422,2,100,91,39,422,204191.21222043037
2767,-117.60000000000005,422,2,100,89,36,422,204256.49278569221
2768,-123.39999999999999,422,2,100,91,28,422,204323.47691607475
2769,-91.0,422,2,100,99,28,422,204398.75141692162
2770,-115.50000000000001,422,2,100,80,34,422,204468.47190713882
2771,-103.00000000000001,422,2,100,92,24,422,204546.0266981125
2772,-105.75000000000001,422,2,100,66,33,422,204621.61873459816
2773,-108.45000000000003,422,2,100,91,39,422,204696.00943946838
2774,-128.95000000000005,422,2,100,74,41,422,204760.09200048447
2775,-108.05000000000003,422,2,100,87,35,422,204840.6802096367
2776,-99.10000000000002,422,2,100,95,34,422,204913.37942385674
2777,-110.65000000000003,422,2,100,80,39,422,204971.51661252975
2778,-119.45000000000005,422,2,100,81,35,422,205038.09245371819
2779,-105.79999999999998,422,2,100,96,28,422,205118.39757990837
2780,-122.70000000000005,422,2,100,94,34,422,205176.167781353
2781,-106.34999999999998,422,2,100,92,33,422,205257.79139590263
2782,-119.55000000000004,422,2,100,85,33,422,205343.71724033356
2783,-123.35000000000004,422,2,100,95,33,422,205430.72817254066
2784,-131.35000000000002,422,2,100,38,33,422,205513.44950079918
2785,-112.70000000000002,422,2,100,99,42,422,205588.33453822136
2787,-114.45000000000002,422,2,100,100,23,422,205778.46080493927
2788,-130.70000000000005,422,2,100,83,26,422,205858.9674603939
2789,-85.70000000000003,422,2,100,92,30,422,205936.52537679672
2790,-125.50000000000004,62,1,100,93,26,422,206022.6408109665
2791,-132.75000000000003,422,2,100,15,33,422,206079.5805118084
2792,-126.15000000000005,422,2,100,82,37,422,206140.5890827179
2793,-123.20000000000007,422,2,100,73,36,422,206198.6429309845
2794,-115.00000000000006,422,2,100,88,40,422,206255.66335844994
2795,-117.15000000000008,422,2,100,83,49,422,206314.60799193382
2796,-116.25000000000004,422,2,100,97,47,422,206390.10244870186
2797,-136.45000000000002,422,2,100,37,35,422,206440.20494747162
2798,-113.15000000000003,422,2,100,67,37,422,206518.30889368057
2800,-117.55000000000001,422,2,100,94,41,422,206646.23218369484
2801,-132.05,422,2,100,77,27,422,206712.2053194046
2802,-114.75000000000003,422,2,100,91,25,422,206796.90977191925
2803,-126.30000000000003,422,2,100,71,38,422,206867.05049347878
2804,-116.39999999999999,422,2,100,91,28,422,206929.71993470192
2805,-117.20000000000002,422,2,100,81,32,422,206997.04615974426
2806,-96.55000000000001,422,2,100,91,33,422,207070.22361540794
2807,-124.10000000000004,422,2,100,96,30,422,207132.39342427254
2808,-128.20000000000002,422,2,100,91,24,422,207190.4033870697
2809,-129.95000000000002,422,2,100,42,41,422,207254.04435634613
2810,-116.70000000000005,422,2,100,93,30,422,207319.60093784332
2811,-125.65000000000002,422,2,100,33,35,422,207380.58755517006
2813,-126.10000000000005,422,2,100,88,34,422,207504.9541335106
2816,-102.45000000000003,422,2,100,87,39,422,207690.8524954319
2817,-106.85000000000002,422,2,100,91,27,422,207756.40977668762
2818,-107.35000000000001,422,2,100,96,29,422,207833.6199450493
2819,-93.55000000000003,422,2,100,95,33,422,207908.20059275627
2820,-100.35000000000001,422,2,100,90,37,422,207983.37703967094
2821,-120.05000000000003,422,2,100,92,43,422,208059.19404363632
2822,-91.95,422,2,100,96,29,422,208136.705524683
2823,-108.55000000000001,422,2,100,67,33,422,208204.3833448887
2824,-105.0,422,2,100,90,36,422,208275.06706309319
2825,-113.60000000000007,422,2,100,82,44,422,208342.65598106384
2826,-102.70000000000006,422,2,100,90,34,422,208417.6886191368
2827,-100.95000000000003,422,2,100,80,37,422,208493.82360863686
2828,-93.9,422,2,100,93,30,422,208571.33976459503
2829,-110.55000000000001,422,2,100,58,33,422,208653.81027173996
2830,-114.65,422,2,100,85,35,422,208726.75092363358
2831,-119.30000000000003,422,2,100,100,30,422,208791.19959259033
2833,-121.0,422,2,100,37,36,422,208936.63911247253
2834,-114.4,422,2,100,87,36,422,209008.50535559654
2835,-112.00000000000003,422,2,100,79,36,422,209087.54985904694
2836,-107.45000000000002,422,2,100,99,35,422,209162.39391613007
2838,-121.50000000000003,422,2,100,46,38,422,209298.64980506897
2840,-104.45000000000003,422,2,100,94,35,422,209437.47584462166
2841,-123.05000000000001,422,2,100,27,35,422,209502.89692282677
2842,-95.90000000000003,422,2,100,98,38,422,209575.42249560356
2843,-118.20000000000006,422,2,100,67,36,422,209655.98815989494
2844,-111.35000000000002,422,2,100,98,45,422,209726.2583978176
2845,-117.49999999999999,422,2,100,95,30,422,209805.93882536888
2846,-92.90000000000003,422,2,100,100,30,422,209881.20352482796
2847,-113.30000000000001,422,2,100,86,38,422,209955.79084086418
2848,-94.4,422,2,100,91,32,422,210029.66623330116
2849,-99.0,422,2,100,96,28,422,210107.48067688942
2850,-100.95,422,2,100,93,37,422,210178.66705465317
2851,-113.85000000000001,422,2,100,96,35,422,210244.77758955956
2852,-110.20000000000003,422,2,100,84,40,422,210312.28252840042
2853,-114.85000000000002,422,2,100,100,47,422,210376.9989836216
2854,-103.80000000000005,422,2,100,88,32,422,210446.93203520775
2855,-124.05000000000001,422,2,100,96,35,422,210515.00376462936
2856,-95.75000000000004,422,2,100,96,33,422,210573.37684464455
2857,-122.90000000000008,422,2,100,80,42,422,210638.48614668846
2858,-117.70000000000003,422,2,100,90,38,422,210706.56426668167
2859,-98.80000000000003,422,2,100,98,32,422,210776.388422966
2860,-114.3,422,2,100,67,38,422,210842.50822806358
2861,-134.79999999999998,422,2,100,15,28,422,210912.6161351204
2862,-124.60000000000001,422,2,100,28,36,422,210981.68389964104
2863,-108.55000000000004,422,2,100,94,41,422,211045.25497293472
2864,-128.45000000000002,422,2,100,85,31,422,211105.11649036407
2865,-118.45,422,2,100,96,31,422,211171.8937356472
2867,-91.40000000000005,422,2,100,81,32,422,211308.15558719635
2868,-117.50000000000003,422,2,100,93,30,422,211373.92953419685
2869,-120.50000000000001,422,2,100,44,34,422,211428.9927406311
2870,-116.65,422,2,100,75,43,422,211506.47102952003
2871,-101.15000000000002,422,2,100,91,33,422,211579.6482746601
2872,-118.45000000000002,422,2,100,94,35,422,211637.65318655968
2873,-132.14999999999998,422,2,100,20,25,422,211706.0367128849
2874,-121.65000000000003,422,2,100,61,35,422,211775.22735762596
2875,-107.25000000000001,422,2,100,100,35,422,211849.46758532524
2877,-109.80000000000004,422,2,100,98,36,422,211989.85144138336
2878,-103.70000000000002,422,2,100,95,22,422,212057.82427239418
2880,-101.64999999999999,422,2,100,97,27,422,212186.70826601982
2884,-124.15,422,2,100,24,41,422,212420.68473434448
2885,-124.20000000000002,422,2,100,81,40,422,212481.45757198334
2886,-114.9,422,2,100,96,34,422,212561.61416983604
2889,-120.94999999999999,422,2,100,60,29,422,212733.0380563736
2890,-121.45000000000007,422,2,100,97,39,422,212794.07136821747
2891,-119.75000000000007,422,2,100,73,45,422,212867.45081281662
2892,-116.95000000000005,422,2,100,90,33,422,212927.84278345108
2893,-109.70000000000003,422,2,100,88,42,422,213002.13405489922
2894,-100.30000000000004,422,2,100,88,42,422,213074.11262011528
2895,-97.75000000000001,422,2,100,96,33,422,213145.30773997307
2896,-116.35000000000005,422,2,100,83,45,422,213221.4089500904
2897,-124.85000000000007,422,2,100,71,35,422,213286.27635359764
2898,-131.10000000000005,422,2,100,92,34,422,213324.13484668732
2899,-116.25000000000004,422,2,100,91,35,422,213390.3502767086
2900,-112.95000000000002,422,2,100,70,37,422,213468.46964097023
2902,-111.35000000000005,422,2,100,95,45,422,213605.5597231388
2904,-103.25,422,2,100,89,31,422,213754.14599061012
2906,-106.4,422,2,100,97,36,422,213890.9434580803
2907,-116.15000000000005,422,2,100,100,37,422,213962.50918340683
2908,-98.50000000000003,422,2,100,89,38,422,214036.8719139099
2910,-113.90000000000002,62,1,100,87,26,422,214163.24271678925
2911,-125.44999999999999,422,2,100,30,31,422,214232.21951580048
2912,-105.75000000000003,422,2,100,95,29,422,214300.5226240158
2913,-119.7,422,2,100,65,34,422,214368.07431840897
2914,-115.30000000000005,422,2,100,80,34,422,214433.06525206566
2915,-114.70000000000003,422,2,100,49,30,422,214507.63543605804
2917,-109.60000000000002,422,2,100,89,32,422,214647.54113984108
2918,-122.60000000000002,422,2,100,93,36,422,214716.1623764038
2919,-114.70000000000003,422,2,100,72,34,422,214791.50726366043
2920,-102.95000000000005,422,2,100,85,33,422,214857.6139447689
2921,-121.55000000000004,422,2,100,80,37,422,214927.9994881153
2923,-110.05000000000001,422,2,100,80,27,422,215067.0401301384
2924,-132.85000000000002,422,2,100,18,39,422,215138.92555212975
2925,-120.25,422,2,100,89,35,422,215205.64496183395
2926,-116.65000000000002,422,2,100,66,35,422,215272.4385471344
2927,-102.25000000000004,422,2,100,84,35,422,215342.51583003998
2928,-109.60000000000004,422,2,100,77,36,422,215414.99074721336
2929,-109.75000000000003,422,2,100,98,29,422,215488.13054299355
2930,-99.55000000000003,422,2,100,100,33,422,215562.01864862442
2931,-101.5,422,2,100,99,30,422,215642.72342014313
2932,-115.20000000000002,422,2,100,86,36,422,215705.6679763794
2934,-101.45000000000002,422,2,100,92,31,422,215852.43939304352
2935,-90.05000000000003,422,2,100,97,31,422,215930.29088902473
2936,-125.25000000000004,422,2,100,36,39,422,216001.23413157463
2940,-132.25000000000006,62,1,100,27,31,422,216262.42382526398
2941,-132.90000000000006,422,2,100,42,34,422,216347.69315552711
2942,-92.30000000000005,422,2,100,66,38,422,216421.1392905712
2943,-115.75000000000003,422,2,100,94,41,422,216492.3938882351
2944,-103.15000000000005,422,2,100,84,33,422,216567.27681803703
2945,-95.75000000000001,422,2,100,95,25,422,216647.22340869904
2946,-110.10000000000007,422,2,100,83,38,422,216721.18179297447
2947,-111.50000000000004,422,2,100,69,46,422,216794.99726891518
2949,-112.25000000000004,422,2,100,67,43,422,216934.80463576317
2950,-90.74999999999999,422,2,100,93,33,422,217011.8135561943
2953,-125.80000000000004,422,2,100,49,36,422,217222.95055747032
2957,-116.00000000000001,422,2,100,42,28,422,217484.81339144707
2958,-132.15000000000003,422,2,100,24,45,422,217563.57128691673
2960,-113.14999999999999,422,2,100,100,37,422,217709.03099560738
2961,-111.00000000000004,422,2,100,80,24,422,217769.9901986122
2962,-112.30000000000005,422,2,100,100,46,422,217836.37692523003
2963,-118.65000000000003,422,2,100,92,43,422,217906.6749331951
2964,-121.35000000000002,422,2,100,99,41,422,217969.35967707634
2965,-124.75000000000001,422,2,100,31,45,422,218033.64962768555
2966,-126.85000000000004,422,2,100,87,39,422,218103.90696501732
2967,-128.35000000000002,422,2,100,68,33,422,218193.24394273758
2968,-125.45000000000005,422,2,100,60,39,422,218240.28809571266
2969,-99.6,422,2,100,98,36,422,218314.14600801468
2970,-129.45000000000002,422,2,100,47,31,422,218377.38813114166
2974,-122.19999999999999,422,2,100,28,28,422,218598.5143623352
2975,-122.25000000000006,422,2,100,80,43,422,218665.60131645203
2976,-109.40000000000003,422,2,100,88,36,422,218745.67823910713
2977,-117.50000000000003,422,2,100,46,42,422,218809.45296812057
2978,-106.05000000000005,422,2,100,98,43,422,218878.5714712143
2979,-120.35000000000005,422,2,100,47,33,422,218945.17906045914
2980,-122.05000000000004,422,2,100,91,31,422,218999.81803965569
2981,-110.60000000000002,422,2,100,81,40,422,219078.04353499413
2982,-119.35000000000004,422,2,100,81,37,422,219144.0867216587
2984,-122.30000000000003,422,2,100,46,34,422,219282.1310505867
2985,-109.65000000000002,422,2,100,74,35,422,219352.12790822983
2986,-116.50000000000001,422,2,100,96,34,422,219417.82314634323
2987,-122.4,422,2,100,98,32,422,219477.85966777802
2988,-108.35000000000002,422,2,100,63,41,422,219552.98578763008
2989,-121.25000000000001,422,2,100,100,39,422,219622.19079208374
2990,-103.00000000000003,422,2,100,53,28,422,219685.07500243187
2992,-125.30000000000003,422,2,100,51,34,422,219812.42712640762
2994,-102.00000000000003,422,2,100,87,40,422,219941.02933979034
2996,-130.40000000000003,422,2,100,53,32,422,220078.77021980286
2999,-133.2,422,2,100,17,40,422,220287.8008272648
3000,-110.30000000000007,422,2,100,92,46,422,220357.20251584053
3001,-113.35000000000002,422,2,100,76,37,422,220426.2568295002
3002,-108.7,422,2,100,98,42,422,220497.7518184185
3005,-105.05000000000003,422,2,100,99,31,422,220671.6439189911
3007,-130.70000000000002,422,2,100,26,42,422,220760.45587682724
3008,-131.25000000000003,422,2,100,42,39,422,220827.51327610016
3010,-120.20000000000003,422,2,100,73,40,422,220967.34176564217
3011,-125.70000000000005,422,2,100,33,38,422,221034.79574751854
3012,-106.50000000000004,422,2,100,86,42,422,221102.0238621235
3013,-126.75000000000004,422,2,100,86,33,422,221162.04577326775
3014,-138.99999999999997,422,2,100,95,24,422,221228.9559929371
3015,-119.60000000000004,422,2,100,57,28,422,221284.42133665085
3017,-130.3,422,2,100,14,38,422,221416.69430661201
3020,-140.85000000000002,62,1,100,5,15,422,221566.6344549656
3022,-114.0,422,2,100,74,44,422,221709.11211133003
3023,-123.35000000000001,422,2,100,42,41,422,221777.54865050316
3024,-93.95,422,2,100,93,29,422,221845.49672579765
3025,-113.70000000000003,422,2,100,80,38,422,221905.7574968338
3026,-114.90000000000003,422,2,100,53,26,422,221970.90389728546
3027,-100.55000000000005,422,2,100,88,37,422,222039.33201503754
3029,-121.2,422,2,100,59,44,422,222178.46312212944
3030,-118.95000000000005,422,2,100,94,33,422,222238.438911438
3031,-96.05000000000001,422,2,100,87,35,422,222307.52170348167
3032,-97.3,422,2,100,100,30,422,222371.75655674934
3034,-118.85000000000007,422,2,100,82,39,422,222504.63764095306
3035,-119.3,422,2,100,54,34,422,222574.45978093147
3037,-100.35000000000004,422,2,100,100,41,422,222659.62635564804
3038,-132.90000000000003,422,2,100,67,30,422,222711.5507121086
3039,-113.05,422,2,100,50,27,422,222792.22733283043
3040,-120.45000000000005,422,2,100,51,39,422,222863.46884679794
3041,-102.65000000000005,422,2,100,93,43,422,222939.21118569374
3042,-125.60000000000002,422,2,100,48,44,422,223007.72322559357
3043,-121.15000000000006,422,2,100,56,37,422,223082.32923221588
3044,-94.90000000000003,422,2,100,99,38,422,223157.8327987194
3045,-136.45000000000002,422,2,100,26,35,422,223228.30437088013
3046,-117.50000000000001,422,2,100,74,30,422,223291.61440825462
3047,-115.05000000000003,422,2,100,94,39,422,223364.89374923706
3048,-112.35000000000005,422,2,100,93,49,422,223438.86179327965
3049,-107.9,422,2,100,61,22,422,223500.84895300865
3050,-114.55,422,2,100,72,33,422,223565.10193824768
3051,-109.10000000000005,422,2,100,63,30,422,223621.9677181244
3052,-132.85000000000002,422,2,100,23,35,422,223688.18069934845
3053,-117.85000000000008,422,2,100,94,39,422,223748.5973918438
3054,-119.1,422,2,100,47,38,422,223821.3280494213
3056,-130.20000000000002,422,2,100,28,36,422,223911.40003609657
3058,-105.10000000000002,422,2,100,88,26,422,224040.91767930984
3059,-117.85,422,2,100,65,39,422,224110.36689329147
3060,-105.80000000000001,422,2,100,73,36,422,224171.8744430542
3061,-117.15000000000002,422,2,100,94,45,422,224229.55521774292
3062,-134.15000000000003,422,2,100,16,29,422,224274.56342959404
3063,-120.00000000000003,422,2,100,99,44,422,224341.44458317757
3065,-125.00000000000001,422,2,100,70,36,422,224474.03737688065
3066,-110.35000000000001,422,2,100,99,37,422,224539.3808939457
3067,-110.80000000000003,422,2,100,86,44,422,224621.2772810459
3068,-121.55000000000001,422,2,100,96,33,422,224685.113260746
3069,-112.45000000000002,422,2,100,73,39,422,224757.3738772869
3070,-105.70000000000003,422,2,100,73,38,422,224831.1039569378
3072,-97.45000000000003,422,2,100,98,23,422,224973.77534341812
3073,-86.29999999999998,422,2,100,96,26,422,225051.12138652802
3074,-111.80000000000004,422,2,100,99,40,422,225131.73192858696
3075,-123.90000000000002,422,2,100,79,42,422,225211.64970612526
3076,-112.2,422,2,100,64,28,422,225296.80945682526
3077,-110.14999999999999,422,2,100,94,29,422,225358.01427078247
3078,-104.24999999999999,422,2,100,100,27,422,225448.6382842064
3079,-113.55000000000001,422,2,100,79,41,422,225524.71833014488
3080,-141.6,62,1,100,14,20,422,225545.96146392822
3082,-116.85000000000002,422,2,100,95,39,422,225695.82094573975
3083,-98.85000000000002,422,2,100,78,35,422,225766.69925045967
3084,-126.10000000000002,422,2,100,50,34,422,225830.38219308853
3085,-120.55000000000004,422,2,100,98,37,422,225905.6868004799
3087,-117.40000000000002,422,2,100,48,32,422,226051.50691747665
3089,-113.25000000000006,422,2,100,90,39,422,226194.68030953407
3090,-104.09999999999997,62,1,100,97,18,422,226267.3518140316
3091,-130.90000000000003,422,2,100,34,38,422,226313.67513680458
3092,-118.00000000000003,422,2,100,79,32,422,226362.94423913956
3093,-112.65000000000008,422,2,100,80,43,422,226431.74464821815
3094,-123.70000000000003,422,2,100,95,42,422,226509.14916276932
3095,-122.15,422,2,100,69,33,422,226590.0509340763
3097,-121.00000000000004,422,2,100,74,48,422,226736.49016332626
3098,-132.20000000000002,422,2,100,9,36,422,226791.46318769455
3099,-123.9,422,2,100,31,38,422,226862.33277654648
3100,-132.85000000000002,62,1,100,24,19,422,226893.9051744938
3101,-123.35000000000002,422,2,100,99,37,422,226964.23034191132
3102,-120.20000000000003,422,2,100,79,36,422,227041.40252375603
3103,-114.0,422,2,100,86,36,422,227109.78927516937
3104,-109.70000000000002,422,2,100,99,42,422,227180.27674007416
3105,-131.15,422,2,100,40,29,422,227243.1618833542
3106,-111.80000000000001,422,2,100,67,36,422,227318.18825101852
3107,-124.15000000000005,422,2,100,89,41,422,227387.5941348076
3108,-118.15000000000003,422,2,100,94,41,422,227462.8132469654
3109,-95.40000000000008,422,2,100,98,40,422,227534.70448851585
3110,-113.2,422,2,100,83,28,422,227616.14624547958
3113,-88.95000000000002,422,2,100,96,29,422,227841.59086346626
3114,-122.65000000000003,422,2,100,83,35,422,227907.94675660133
3115,-107.20000000000002,422,2,100,72,36,422,227984.40545272827
3117,-114.00000000000006,422,2,100,47,40,422,228116.71742844582
3118,-105.75000000000001,422,2,100,68,37,422,228188.39862275124
3119,-106.6,422,2,100,90,32,422,228274.5188176632
3120,-106.04999999999998,422,2,100,92,31,422,228333.6356985569
3121,-110.20000000000002,422,2,100,88,36,422,228401.49629306793
3122,-114.80000000000004,422,2,100,93,36,422,228465.38495779037
3123,-123.75000000000004,422,2,100,59,41,422,228527.92825174332
3124,-127.30000000000005,422,2,100,85,34,422,228579.34576439857
3125,-96.9,422,2,100,82,34,422,228654.0923140049
3126,-106.00000000000004,422,2,100,92,40,422,228728.2927722931
3127,-117.30000000000001,422,2,100,97,26,422,228783.72086501122
3128,-107.65000000000003,422,2,100,95,31,422,228853.1675336361
3129,-103.95000000000003,422,2,100,78,37,422,228924.5518374443
3130,-122.55000000000004,422,2,100,88,33,422,228985.55792832375
3131,-133.0,422,2,100,41,28,422,229019.67501473427
3133,-108.90000000000002,422,2,100,97,38,422,229165.01818919182
3134,-124.30000000000001,422,2,100,44,34,422,229212.45749640465
3135,-115.65000000000005,422,2,100,86,43,422,229281.81681585312
3136,-115.20000000000005,422,2,100,100,40,422,229349.73548555374
3137,-110.25,422,2,100,84,39,422,229423.2777545452
3138,-120.14999999999999,422,2,100,56,37,422,229496.4854040146
3139,-112.7,422,2,100,77,38,422,229576.5755264759
3140,-114.25000000000003,422,2,100,66,35,422,229650.9343149662
3141,-100.74999999999999,422,2,100,97,33,422,229729.78952884674
3142,-103.60000000000004,422,2,100,99,40,422,229803.27885007858
3143,-96.65000000000003,422,2,100,84,23,422,229873.11675214767
3144,-110.00000000000001,422,2,100,79,40,422,229948.50094604492
3146,-105.35000000000002,422,2,100,98,37,422,230062.8864300251
3147,-132.35000000000002,422,2,100,27,29,422,230093.4377260208
3148,-108.55000000000007,422,2,100,89,41,422,230163.862585783
3149,-107.55000000000007,422,2,100,75,37,422,230238.76648807526
3150,-104.05000000000004,422,2,100,99,31,422,230306.688321352
3151,-107.40000000000003,422,2,100,73,24,422,230377.57904982567
3152,-119.90000000000002,422,2,100,89,34,422,230448.59259867668
3153,-104.5,422,2,100,70,34,422,230528.62494397163
3154,-124.75000000000001,422,2,100,64,37,422,230602.39259147644
3155,-108.69999999999999,422,2,100,95,22,422,230671.10087370872
3156,-99.3,422,2,100,74,34,422,230747.2958302498
3157,-104.80000000000001,422,2,100,77,32,422,230821.2078151703
3158,-78.85000000000002,422,2,100,93,27,422,230891.19520521164
3159,-129.8,422,2,100,44,40,422,230959.52409672737
3160,-111.85000000000004,422,2,100,88,31,422,231030.80524420738
3161,-107.10000000000001,422,2,100,84,34,422,231099.7942492962
3163,-100.90000000000002,422,2,100,87,26,422,231239.7713854313
3164,-109.70000000000005,422,2,100,84,34,422,231307.05479598045
3165,-103.15,422,2,100,93,33,422,231379.37341976166
3166,-102.80000000000003,422,2,100,83,36,422,231453.42504525185
3167,-102.49999999999997,422,2,100,92,18,422,231524.9164199829
3168,-94.10000000000001,422,2,100,79,22,422,231593.94445443153
3169,-125.95000000000005,422,2,100,93,33,422,231628.27893733978
3170,-141.9,62,1,100,5,14,422,231644.7518723011
3172,-115.45000000000002,422,2,100,100,39,422,231760.3323726654
3173,-106.0,422,2,100,77,40,422,231829.1436803341
3174,-90.5,422,2,100,99,26,422,231901.3276565075
3175,-99.00000000000004,422,2,100,83,32,422,231969.00352311134
3176,-121.99999999999999,422,2,100,45,28,422,232038.04090595245
3177,-115.40000000000002,422,2,100,86,32,422,232112.36573195457
3178,-94.1,422,2,100,91,26,422,232190.742729187
3179,-91.64999999999999,422,2,100,91,31,422,232260.2141675949
3180,-109.79999999999998,422,2,100,100,32,422,232334.50028395653
3181,-114.60000000000002,422,2,100,77,36,422,232406.70062065125
3182,-124.9,422,2,100,91,26,422,232468.17378044128
3183,-102.35000000000004,422,2,100,92,29,422,232540.78966641426
3185,-102.05,422,2,100,81,31,422,232645.3263630867
3186,-100.65000000000003,422,2,100,90,27,422,232718.11706280708
3187,-116.60000000000002,422,2,100,98,36,422,232784.89599061012
3188,-112.40000000000003,422,2,100,95,28,422,232853.50989103317
3189,-109.55000000000003,422,2,100,99,41,422,232926.91434931755
3190,-94.55000000000004,422,2,100,93,29,422,233003.0202524662
3191,-109.65000000000003,422,2,100,82,47,422,233084.37804055214
3192,-109.40000000000003,422,2,100,92,40,422,233152.67432546616
3193,-110.10000000000002,422,2,100,76,38,422,233228.40652608871
3194,-124.89999999999998,422,2,100,29,22,422,233296.8536515236
3195,-96.20000000000002,422,2,100,90,36,422,233377.97828173637
3196,-124.3,422,2,100,65,34,422,233444.415350914
3197,-100.60000000000004,422,2,100,71,36,422,233518.3636751175
3198,-100.89999999999999,422,2,100,95,42,422,233590.5515241623
3199,-102.20000000000002,422,2,100,94,36,422,233670.06878566742
3200,-91.55000000000003,422,2,100,99,29,422,233747.3826198578
3201,-89.14999999999999,422,2,100,94,25,422,233825.94033622742
3202,-105.55000000000003,422,2,100,92,41,422,233904.30711698532
3203,-104.20000000000002,422,2,100,71,36,422,233983.56935930252
3204,-106.70000000000005,422,2,100,81,50,422,234052.790694952
3205,-108.60000000000002,422,2,100,84,40,422,234123.3171505928
3206,-108.80000000000003,422,2,100,97,36,422,234194.36849951744
3208,-99.30000000000003,422,2,100,92,34,422,234326.35980129242
3209,-109.95,422,2,100,93,33,422,234414.0632402897
3210,-98.95000000000002,422,2,100,100,33,422,234496.28656816483
3211,-106.39999999999999,422,2,100,96,32,422,234563.2917587757
3212,-109.3,422,2,100,98,34,422,234629.6861565113
3213,-98.45000000000003,422,2,100,94,23,422,234700.88655781746
3214,-117.50000000000006,422,2,100,87,38,422,234762.72744584084
3215,-103.10000000000007,422,2,100,100,38,422,234836.0766506195
3216,-100.0,422,2,100,88,40,422,234908.27545285225
3217,-113.50000000000004,422,2,100,96,26,422,234977.96591877937
3218,-106.35000000000001,422,2,100,85,25,422,235044.4546535015
3219,-103.70000000000002,422,2,100,56,30,422,235113.87479019165
3220,-111.89999999999999,422,2,100,97,34,422,235178.56907200813
3221,-101.0,422,2,100,97,32,422,235246.2626104355
3222,-117.70000000000003,422,2,100,69,46,422,235319.73663830757
3223,-83.4,422,2,100,91,20,422,235396.09335327148
3225,-92.95,422,2,100,100,29,422,235549.95179367065
3226,-86.35,422,2,100,99,25,422,235623.21451878548
3227,-103.40000000000002,422,2,100,93,36,422,235697.9821448326
3228,-99.85000000000005,422,2,100,88,43,422,235771.69316339493
3229,-104.40000000000003,422,2,100,98,40,422,235850.2256026268
3230,-100.7,422,2,100,97,34,422,235926.93265986443
3231,-134.40000000000003,422,2,100,29,28,422,235960.48741269112
3232,-119.50000000000003,422,2,100,75,42,422,236026.99141478539
3233,-129.20000000000002,422,2,100,25,32,422,236069.03624892235
3234,-99.85000000000002,422,2,100,100,31,422,236136.30730199814
3235,-113.80000000000005,422,2,100,99,36,422,236208.59692931175
3236,-106.59999999999998,422,2,100,96,36,422,236280.9394545555
3237,-108.85000000000005,422,2,100,97,47,422,236350.17282223701
3238,-118.50000000000003,422,2,100,88,42,422,236407.00726628304
3239,-97.60000000000004,422,2,100,98,32,422,236478.73846292496
3240,-108.50000000000003,422,2,100,94,34,422,236553.7003877163
3241,-119.05000000000003,422,2,100,43,31,422,236601.6390595436
3242,-133.65,422,2,100,28,23,422,236631.44347071648
3243,-112.05000000000001,422,2,100,98,31,422,236696.63247013092
3244,-104.15,422,2,100,90,29,422,236770.23458123207
3245,-118.05000000000003,422,2,100,85,35,422,236835.23862481117
3246,-98.95000000000002,422,2,100,95,37,422,236911.71248960495
3247,-99.30000000000003,422,2,100,90,38,422,236983.4953610897
3248,-111.05000000000001,422,2,100,81,35,422,237054.19214606285
3249,-100.40000000000002,422,2,100,84,32,422,237129.9941329956
3250,-110.45000000000003,422,2,100,81,43,422,237197.3489303589
3251,-104.25000000000003,422,2,100,95,39,422,237264.58018922806
3252,-107.45000000000005,422,2,100,89,39,422,237332.36074829102
3253,-98.7,422,2,100,97,34,422,237405.14889740944
3255,-125.80000000000001,422,2,100,40,32,422,237541.0669453144
3256,-103.10000000000002,422,2,100,92,30,422,237604.10056877136
3257,-111.95,422,2,100,96,33,422,237668.43512248993
3258,-107.3,422,2,100,80,34,422,237744.76534366608
3259,-109.60000000000001,422,2,100,100,36,422,237818.56225943565
3260,-111.70000000000007,422,2,100,98,46,422,237883.44529104233
3261,-96.79999999999998,422,2,100,99,28,422,237967.2171242237
3262,-111.75000000000006,422,2,100,83,41,422,238043.94685339928
3263,-102.10000000000001,422,2,100,90,38,422,238112.87351608276
3264,-91.89999999999999,422,2,100,93,22,422,238188.4644124508
3265,-100.05,422,2,100,91,35,422,238260.86193418503
3266,-126.9,422,2,100,62,30,422,238320.13556289673
3267,-96.35000000000004,422,2,100,92,33,422,238388.3431391716
3268,-101.65000000000003,422,2,100,99,35,422,238460.8729748726
3269,-109.10000000000004,422,2,100,94,38,422,238529.541847229
3270,-118.40000000000005,422,2,100,80,40,422,238595.57644319534
3271,-128.85000000000002,422,2,100,64,27,422,238651.05855584145
3272,-112.80000000000004,422,2,100,91,44,422,238726.29343271255
3273,-115.15000000000002,422,2,100,97,45,422,238797.7455098629
3274,-108.90000000000002,422,2,100,98,42,422,238877.36393904686
3275,-118.10000000000002,422,2,100,92,34,422,238939.79203248024
3276,-120.05000000000004,422,2,100,42,39,422,239010.46894049644
3277,-112.30000000000001,422,2,100,51,34,422,239087.8970861435
3278,-102.30000000000001,422,2,100,99,42,422,239155.3167257309
3279,-107.5,422,2,100,91,30,422,239223.82927513123
3280,-96.60000000000001,422,2,100,100,32,422,239297.96841573715
3281,-112.25000000000004,422,2,100,63,43,422,239378.48458695412
3282,-90.90000000000002,422,2,100,88,30,422,239454.284263134
3283,-98.95000000000003,422,2,100,86,41,422,239523.99505972862
3284,-101.90000000000005,422,2,100,89,38,422,239594.69425415993
3285,-114.70000000000003,422,2,100,95,30,422,239663.37868475914
3286,-100.75000000000004,422,2,100,95,41,422,239731.77663946152
3287,-99.80000000000003,422,2,100,94,36,422,239804.10841012
3288,-115.15000000000002,422,2,100,64,33,422,239868.5081422329
3289,-95.45000000000002,422,2,100,99,31,422,239942.08127975464
3290,-103.95000000000002,422,2,100,95,29,422,240013.82658529282
3291,-99.25000000000004,422,2,100,94,27,422,240080.2921705246
3292,-84.75000000000001,422,2,100,99,25,422,240164.76942062378
3293,-124.70000000000003,422,2,100,66,34,422,240231.4273867607
3294,-115.90000000000002,422,2,100,67,34,422,240288.25882291794
3295,-96.75000000000006,422,2,100,95,29,422,240360.9366300106
3296,-107.00000000000003,422,2,100,98,36,422,240434.49417209625
3297,-95.5,422,2,100,98,30,422,240510.66080904007
3298,-109.65000000000005,422,2,100,83,43,422,240583.204536438
3299,-100.15000000000002,422,2,100,91,41,422,240659.1829111576
3300,-108.69999999999999,422,2,100,100,30,422,240721.6437690258
3301,-116.75000000000001,422,2,100,63,29,422,240790.05673408508
3302,-120.70000000000006,422,2,100,85,42,422,240851.21679496765
3303,-108.55000000000001,422,2,100,84,37,422,240916.60913968086
3304,-108.40000000000002,422,2,100,99,32,422,240975.2745001316
3305,-121.70000000000003,422,2,100,95,34,422,241036.22280955315
3306,-116.20000000000005,422,2,100,100,44,422,241096.14082026482
3307,-116.95000000000003,422,2,100,96,29,422,241142.2303006649
3308,-119.45,422,2,100,62,39,422,241209.51334309578
3309,-108.10000000000005,422,2,100,88,38,422,241277.91332817078
3310,-94.80000000000007,422,2,100,98,36,422,241342.87834858894
3311,-122.35000000000002,422,2,100,99,33,422,241399.48860645294
3312,-103.65000000000002,422,2,100,78,35,422,241470.4566488266
3313,-109.80000000000003,422,2,100,89,32,422,241536.61676740646
3314,-95.05000000000001,422,2,100,98,35,422,241600.4418272972
3315,-105.10000000000001,422,2,100,89,30,422,241665.6330282688
3317,-115.30000000000003,422,2,100,91,34,422,241778.7148628235
3318,-108.60000000000004,422,2,100,79,36,422,241843.4845714569
3319,-118.90000000000002,422,2,100,73,30,422,241891.0587234497
3320,-114.10000000000002,422,2,100,95,30,422,241946.5894715786
3321,-127.65000000000006,422,2,100,56,27,422,242013.6268041134
3322,-116.60000000000005,422,2,100,82,44,422,242080.1706314087
3323,-113.10000000000005,422,2,100,96,38,422,242149.78908014297
3324,-98.3,422,2,100,86,34,422,242224.90011501312
3325,-112.85000000000004,422,2,100,83,43,422,242292.9710433483
3326,-112.50000000000004,422,2,100,100,38,422,242361.71026015282
3327,-93.35,422,2,100,97,33,422,242434.27366399765
3328,-94.54999999999998,422,2,100,100,29,422,242517.86760020256
3329,-118.30000000000005,422,2,100,95,38,422,242588.2700126171
3330,-89.80000000000003,422,2,100,97,32,422,242659.7157354355
3331,-112.5,422,2,100,83,38,422,242727.23191785812
3332,-114.10000000000002,422,2,100,91,30,422,242788.4077000618
3333,-92.0,422,2,100,100,28,422,242865.06450414658
3334,-113.95000000000006,422,2,100,91,29,422,242933.8456916809
3335,-113.20000000000005,422,2,100,69,40,422,242999.01805782318
3336,-96.50000000000003,422,2,100,100,26,422,243071.3076262474
3337,-128.70000000000005,422,2,100,29,34,422,243108.75519132614
3338,-100.24999999999999,422,2,100,93,27,422,243178.51646518707
3339,-97.19999999999999,422,2,100,96,28,422,243254.40450000763
3340,-107.00000000000006,422,2,100,97,48,422,243322.38591480255
3341,-112.75000000000003,422,2,100,96,29,422,243387.58623886108
3342,-115.10000000000004,422,2,100,88,38,422,243459.6624765396
3343,-113.15000000000006,422,2,100,98,37,422,243534.7054014206
3344,-108.2,422,2,100,95,36,422,243606.82169389725
3345,-118.15000000000003,422,2,100,97,41,422,243674.06155323982
3346,-94.60000000000001,422,2,100,99,28,422,243747.3318850994
3347,-102.55000000000004,422,2,100,68,37,422,243820.18453478813
3348,-121.25,422,2,100,61,27,422,243882.0668513775
3349,-106.85000000000005,422,2,100,94,31,422,243953.06454777718
3350,-106.50000000000003,422,2,100,94,42,422,244033.63464140892
3351,-115.45000000000002,422,2,100,77,35,422,244099.29626989365
3352,-107.45000000000003,422,2,100,95,31,422,244154.55436706543
3353,-121.50000000000001,422,2,100,77,30,422,244220.62164592743
3354,-113.75000000000003,422,2,100,96,45,422,244291.35558009148
3355,-114.70000000000006,422,2,100,80,46,422,244365.86648201942
3356,-113.70000000000005,422,2,100,67,34,422,244432.91071343422
3357,-107.60000000000002,422,2,100,73,40,422,244506.46936535835
3358,-108.4,422,2,100,94,44,422,244571.1894955635
3360,-120.55000000000001,422,2,100,91,29,422,244704.58186864853
3361,-105.89999999999999,422,2,100,95,26,422,244772.52990698814
3362,-115.85000000000005,422,2,100,100,35,422,244837.1656718254
3363,-105.10000000000004,422,2,100,92,38,422,244904.34389448166
3364,-111.14999999999999,422,2,100,97,33,422,244973.10512542725
3365,-108.05000000000001,422,2,100,90,31,422,245039.0425901413
3366,-120.35000000000001,422,2,100,68,29,422,245101.33057904243
3367,-127.10000000000008,422,2,100,93,30,422,245164.65892863274
3368,-118.95000000000003,422,2,100,96,33,422,245225.90391635895
3369,-122.85000000000004,422,2,100,95,31,422,245287.89714479446
3370,-115.0,422,2,100,99,28,422,245351.95145726204
3371,-113.30000000000003,422,2,100,88,34,422,245413.91125941277
3372,-119.55000000000003,422,2,100,67,37,422,245479.97407746315
3373,-101.69999999999997,422,2,100,99,18,422,245547.89295840263
3374,-117.10000000000005,422,2,100,97,38,422,245612.28325295448
3375,-96.65000000000002,422,2,100,97,35,422,245688.6737868786
3376,-113.30000000000004,422,2,100,87,38,422,245744.26139307022
3377,-104.70000000000003,422,2,100,99,30,422,245814.05419898033
3378,-121.05000000000005,422,2,100,85,39,422,245858.19101381302
3379,-116.15,422,2,100,85,21,422,245905.6281323433
3380,-109.90000000000003,422,2,100,97,46,422,245980.0582535267
3381,-122.00000000000004,422,2,100,68,32,422,246036.5143210888
3382,-116.20000000000003,422,2,100,72,28,422,246104.4629023075
3383,-121.65000000000002,422,2,100,43,35,422,246165.97274756432
3384,-105.25000000000003,422,2,100,100,39,422,246230.79544258118
3385,-132.15,422,2,100,73,29,422,246287.28345370293
3386,-103.50000000000004,422,2,100,91,30,422,246357.52721714973
3387,-105.65000000000005,422,2,100,98,39,422,246420.55735087395
3388,-99.65000000000005,422,2,100,98,39,422,246488.9623916149
3389,-128.95,422,2,100,70,25,422,246545.57172894478
3390,-102.85000000000004,422,2,100,99,39,422,246616.3761754036
3391,-119.80000000000004,422,2,100,88,48,422,246689.42457699776
3392,-111.05000000000003,422,2,100,85,35,422,246758.52350521088
3393,-118.2,422,2,100,98,36,422,246834.29452753067
3394,-118.40000000000008,422,2,100,86,36,422,246902.46820378304
3395,-115.90000000000003,422,2,100,99,42,422,246966.84779286385
3396,-87.85000000000001,422,2,100,97,27,422,247039.1742992401
3397,-84.49999999999999,422,2,100,95,26,422,247117.96183872223
3398,-114.85000000000002,422,2,100,70,39,422,247192.17684960365
3399,-119.60000000000001,422,2,100,60,36,422,247259.22172498703
3400,-114.55000000000001,422,2,100,86,29,422,247323.93570876122
3401,-100.70000000000002,422,2,100,83,30,422,247388.52953648567
3402,-95.85000000000005,422,2,100,98,35,422,247460.02003455162
3403,-100.9,422,2,100,97,30,422,247530.2650334835
3404,-101.60000000000002,422,2,100,94,36,422,247597.48356199265
3405,-110.30000000000003,422,2,100,70,38,422,247665.5338959694
3406,-91.25,422,2,100,89,35,422,247729.37472891808
3407,-93.45,422,2,100,93,31,422,247810.79181933403
3408,-110.60000000000002,422,2,100,84,32,422,247874.51669359207
3409,-98.10000000000001,422,2,100,88,38,422,247952.41331028938
3410,-104.95,422,2,100,94,37,422,248021.32902479172
3412,-120.80000000000004,422,2,100,79,36,422,248158.45400691032
3413,-97.64999999999999,422,2,100,92,23,422,248236.6524336338
3414,-95.95,422,2,100,94,29,422,248315.4496371746
3415,-107.15000000000002,422,2,100,81,33,422,248389.1322028637
3416,-79.0,422,2,100,98,24,422,248465.27920126915
3418,-100.60000000000001,422,2,100,98,32,422,248611.49862241745
3419,-105.85000000000002,422,2,100,75,35,422,248687.27979016304
3420,-113.45000000000006,422,2,100,93,35,422,248758.65718221664
3421,-125.30000000000003,422,2,100,99,30,422,248833.3115696907
3422,-128.85000000000005,422,2,100,94,31,422,248910.14815568924
3423,-126.60000000000004,422,2,100,43,28,422,248980.5629017353
3424,-124.60000000000001,422,2,100,57,20,422,249045.9274919033
3425,-102.70000000000003,422,2,100,96,42,422,249121.1835281849
3426,-97.14999999999999,422,2,100,94,33,422,249198.87431883812
3427,-116.80000000000003,422,2,100,93,40,422,249264.05290555954
3428,-119.95,422,2,100,55,33,422,249332.7713162899
3430,-113.90000000000003,422,2,100,80,38,422,249432.18867850304
3431,-114.15,422,2,100,88,37,422,249502.86890864372
3432,-115.20000000000005,422,2,100,66,40,422,249569.4451291561
3433,-97.60000000000002,422,2,100,99,28,422,249642.0614888668
3434,-115.65,422,2,100,63,23,422,249713.45672750473
3435,-104.65000000000002,422,2,100,68,39,422,249790.0090637207
3436,-122.75000000000003,422,2,100,43,33,422,249852.83149313927
3437,-109.25000000000006,422,2,100,99,39,422,249927.3182759285
3438,-112.30000000000003,422,2,100,89,34,422,250001.51986432076
3439,-98.50000000000001,422,2,100,90,26,422,250077.1379096508
3440,-110.35000000000001,422,2,100,80,33,422,250148.67733097076
3441,-101.60000000000004,422,2,100,90,40,422,250221.9263472557
3442,-97.25000000000003,422,2,100,93,39,422,250295.92117881775
3443,-93.50000000000003,422,2,100,99,30,422,250377.04992341995
3444,-96.25,422,2,100,97,31,422,250452.05840206146
3445,-111.20000000000005,422,2,100,86,36,422,250516.72848653793
3446,-107.35000000000002,422,2,100,96,33,422,250587.57100009918
3447,-125.05,422,2,100,87,35,422,250647.57159805298
3448,-113.40000000000002,422,2,100,100,44,422,250719.6370844841
3449,-108.55000000000001,422,2,100,89,29,422,250787.82795214653
3450,-116.95000000000003,422,2,100,74,37,422,250858.89807868004
3451,-114.70000000000006,422,2,100,100,42,422,250928.82148838043
3452,-123.00000000000004,422,2,100,86,24,422,250996.33531570435
3453,-114.40000000000003,422,2,100,95,32,422,251068.24742889404
3454,-100.8,422,2,100,96,20,422,251139.61770796776
3455,-136.30000000000007,422,2,100,52,30,422,251211.8624508381
3456,-128.25000000000003,422,2,100,94,27,422,251252.99519753456
3457,-114.00000000000001,422,2,100,56,32,422,251305.15343260765
3458,-121.50000000000006,422,2,100,80,34,422,251376.9018726349
3459,-110.05000000000004,422,2,100,75,27,422,251440.1069276333
3460,-105.90000000000002,422,2,100,91,22,422,251527.2759540081
3461,-115.05000000000003,422,2,100,99,27,422,251598.70973443985
3462,-86.95000000000002,422,2,100,88,25,422,251669.14352059364
3463,-92.65000000000003,422,2,100,99,35,422,251744.13287258148
3464,-112.15,422,2,100,79,25,422,251796.82258367538
3465,-103.85,422,2,100,88,31,422,251881.2747440338
3466,-111.10000000000007,422,2,100,99,38,422,251969.14370584488
3467,-127.65000000000003,422,2,100,27,27,422,252044.73765850067
3468,-126.80000000000007,422,2,100,63,44,422,252116.57574987411
3469,-111.05000000000003,422,2,100,69,43,422,252189.0124256611
3470,-85.45000000000002,422,2,100,95,31,422,252260.14566612244
3471,-112.75000000000004,422,2,100,100,37,422,252346.59662365913
3472,-135.50000000000006,422,2,100,60,26,422,252421.73963427544
3473,-112.90000000000005,422,2,100,89,34,422,252500.72228074074
3474,-111.55000000000003,422,2,100,95,37,422,252574.06665945053
3475,-85.84999999999998,422,2,100,99,35,422,252645.7458600998
3476,-98.05000000000001,422,2,100,100,27,422,252722.91994023323
3477,-131.45000000000002,422,2,100,91,43,422,252788.73253512383
3478,-98.25000000000006,422,2,100,97,35,422,252856.7605228424
3479,-112.10000000000004,422,2,100,82,38,422,252928.87634444237
3480,-89.40000000000002,422,2,100,96,28,422,253006.12384033203
3481,-113.85000000000007,422,2,100,90,43,422,253080.1948506832
3482,-99.05000000000004,422,2,100,99,39,422,253166.73213338852
3483,-116.75000000000004,422,2,100,99,41,422,253231.60143971443
3484,-122.75000000000007,422,2,100,90,37,422,253296.745357275
3485,-97.3,422,2,100,97,34,422,253374.5775437355
3486,-112.60000000000007,422,2,100,96,40,422,253443.641828537
3487,-122.05000000000003,422,2,100,57,39,422,253518.48136496544
3488,-112.05,422,2,100,82,35,422,253604.40441274643
3489,-95.3,422,2,100,91,34,422,253693.79034113884
3490,-122.05000000000008,422,2,100,90,47,422,253767.8527920246
3491,-116.30000000000001,422,2,100,74,34,422,253829.4581439495
3492,-133.70000000000002,422,2,100,15,42,422,253901.06371092796
3493,-92.79999999999997,422,2,100,92,28,422,253977.80993533134
3494,-100.05,422,2,100,96,35,422,254051.1240081787
3495,-90.79999999999997,422,2,100,100,24,422,254125.02476000786
3496,-101.70000000000003,422,2,100,82,34,422,254195.3961877823
3497,-116.45000000000003,422,2,100,99,43,422,254268.8878004551
3498,-108.00000000000004,422,2,100,93,44,422,254339.93761730194
3499,-111.95000000000003,422,2,100,87,33,422,254411.86949706078
3500,-117.80000000000004,422,2,100,91,32,422,254478.89677619934
3501,-118.65000000000005,422,2,100,92,51,422,254546.4959976673
3502,-97.45,422,2,100,91,27,422,254625.64960479736
3503,-90.85000000000001,422,2,100,95,35,422,254697.14198231697
3504,-112.75000000000003,422,2,100,70,41,422,254764.230574131
3505,-88.75,422,2,100,92,29,422,254852.58774662018
3506,-113.65000000000003,422,2,100,81,39,422,254918.26177430153
3507,-128.50000000000003,422,2,100,73,42,422,254985.32439303398
3508,-108.80000000000005,422,2,100,95,48,422,255057.10241770744
3509,-128.30000000000007,422,2,100,93,34,422,255123.96331000328
3510,-95.70000000000002,422,2,100,97,34,422,255198.44881343842
3511,-111.85000000000008,422,2,100,92,43,422,255271.77755594254
3512,-128.1500000000001,422,2,100,58,33,422,255353.674151659
3513,-104.40000000000003,422,2,100,93,44,422,255444.07950615883
3514,-105.95000000000006,422,2,100,99,41,422,255526.5739016533
3515,-110.25000000000006,422,2,100,77,35,422,255610.3556997776
3516,-103.50000000000001,422,2,100,86,38,422,255694.92791581154
3517,-101.35000000000001,422,2,100,88,29,422,255786.45301389694
3518,-112.65000000000003,422,2,100,100,35,422,255880.3233540058
3519,-111.25000000000004,422,2,100,60,39,422,255962.517827034
3520,-113.00000000000001,422,2,100,84,32,422,256032.83196759224
3521,-110.85000000000002,422,2,100,99,47,422,256127.50676226616
3522,-113.90000000000003,422,2,100,99,34,422,256194.8166384697
3523,-105.15000000000002,422,2,100,81,37,422,256289.18684601784
3524,-123.95,422,2,100,41,33,422,256362.5488269329
3525,-116.90000000000002,422,2,100,91,34,422,256451.67296099663
3526,-129.00000000000006,422,2,100,80,48,422,256523.3784558773
3527,-108.65000000000006,422,2,100,97,39,422,256606.11266875267
3528,-100.60000000000001,422,2,100,100,36,422,256689.68424844742
3529,-86.99999999999999,422,2,100,96,20,422,256776.64988589287
3530,-132.85000000000005,422,2,100,78,39,422,256832.22930765152
3531,-98.15000000000005,422,2,100,78,29,422,256927.2703959942
3532,-95.39999999999998,422,2,100,100,32,422,257018.71576619148
3533,-111.30000000000003,422,2,100,92,34,422,257093.38904356956
3534,-97.60000000000001,422,2,100,98,32,422,257188.55057930946
3535,-115.40000000000003,422,2,100,89,32,422,257268.02256512642
3536,-104.39999999999998,422,2,100,94,32,422,257359.8945930004
3537,-99.75,422,2,100,97,33,422,257445.16404938698
3538,-104.45000000000002,422,2,100,97,43,422,257531.69548082352
3539,-104.30000000000001,422,2,100,90,34,422,257614.16683483124
3540,-90.94999999999999,422,2,100,97,25,422,257709.205909729
3541,-112.10000000000004,422,2,100,88,30,422,257800.40186190605
3542,-112.80000000000003,422,2,100,95,44,422,257881.90460395813
3543,-94.75000000000003,422,2,100,93,33,422,257966.57266044617
3544,-95.75,422,2,100,99,29,422,258055.01124835014
3545,-130.65000000000003,422,2,100,97,31,422,258126.69053721428
3546,-85.20000000000002,422,2,100,100,28,422,258212.54809188843
3547,-101.7,422,2,100,87,38,422,258278.91179060936
3548,-122.60000000000004,422,2,100,92,36,422,258355.6575911045
3549,-106.00000000000004,422,2,100,79,40,422,258453.06426882744
3550,-108.20000000000002,422,2,100,84,44,422,258568.0368452072
3551,-98.30000000000003,422,2,100,98,38,422,258685.864559412
3552,-111.80000000000005,422,2,100,84,52,422,258794.5104060173
3553,-106.45,422,2,100,79,39,422,258882.75858831406
3554,-97.70000000000002,422,2,100,98,34,422,258986.50441503525
3555,-103.65,422,2,100,97,27,422,259107.62908101082
3556,-124.45000000000006,422,2,100,71,43,422,259220.32626247406
3557,-97.10000000000001,422,2,100,99,34,422,259327.71892499924
3558,-108.30000000000005,422,2,100,77,38,422,259425.13246774673
3559,-100.89999999999999,422,2,100,95,30,422,259539.0435781479
3560,-122.50000000000001,422,2,100,95,34,422,259640.7981479168
3561,-91.74999999999999,422,2,100,94,29,422,259743.42301797867
3562,-115.10000000000007,422,2,100,53,42,422,259845.26674222946
3563,-101.70000000000002,422,2,100,100,34,422,259941.35505580902
3564,-96.90000000000005,422,2,100,97,30,422,260035.24359846115
3565,-83.55000000000003,422,2,100,97,29,422,260151.31571483612
3566,-88.40000000000003,422,2,100,76,28,422,260255.90659356117
3567,-110.20000000000003,422,2,100,90,36,422,260361.65688610077
3568,-117.75000000000004,422,2,100,92,37,422,260468.06105399132
3569,-101.45000000000005,422,2,100,94,35,422,260572.8431046009
3570,-98.35000000000002,422,2,100,91,33,422,260676.71824264526
3571,-116.15000000000006,422,2,100,89,45,422,260773.53955888748
3572,-118.25000000000006,422,2,100,99,47,422,260891.27592539787
3573,-112.10000000000004,422,2,100,85,42,422,261005.98430013657
3574,-119.30000000000001,422,2,100,96,38,422,261110.3084347248
3575,-110.40000000000003,422,2,100,76,28,422,261213.5246040821
3576,-112.45000000000005,422,2,100,100,47,422,261320.77585482597
3577,-104.39999999999998,422,2,100,92,32,422,261420.5694758892
3578,-124.65000000000003,422,2,100,46,39,422,261523.27772331238
3579,-97.40000000000002,422,2,100,89,24,422,261626.01976799965
3580,-107.55000000000001,422,2,100,86,41,422,261745.4961090088
3581,-108.4,422,2,100,97,32,422,261838.74029040337
3582,-110.55000000000001,422,2,100,70,33,422,261946.93392062187
3583,-124.40000000000005,422,2,100,95,28,422,262032.34145236015
3584,-97.90000000000003,422,2,100,95,30,422,262128.48702216148
3585,-92.4,422,2,100,95,28,422,262239.0753736496
3586,-103.55,422,2,100,80,33,422,262347.34858322144
3587,-111.90000000000003,422,2,100,94,42,422,262444.7435312271
3588,-106.75000000000003,422,2,100,94,45,422,262534.1215326786
3589,-117.40000000000005,422,2,100,39,36,422,262612.04605579376
3590,-119.40000000000005,422,2,100,93,40,422,262693.16516566277
3591,-108.35000000000001,422,2,100,82,45,422,262802.09566259384
3592,-111.00000000000003,422,2,100,96,44,422,262899.7655489445
3593,-108.70000000000003,422,2,100,90,38,422,263004.0496752262
3594,-110.60000000000004,422,2,100,88,44,422,263105.8683862686
3595,-115.05000000000001,422,2,100,100,31,422,263220.634311676
3596,-117.15000000000003,422,2,100,78,33,422,263337.73145747185
3597,-115.15000000000002,422,2,100,83,33,422,263463.6122224331
3598,-128.35000000000002,422,2,100,64,45,422,263586.76662683487
3599,-123.95000000000005,422,2,100,92,45,422,263690.4776189327
3600,-107.30000000000003,422,2,100,92,34,422,263802.9540474415
3601,-113.10000000000004,422,2,100,96,46,422,263913.90750074387
3602,-108.64999999999998,422,2,100,96,23,422,264010.45102620125
3603,-112.05000000000004,422,2,100,92,39,422,264133.2522728443
3604,-121.8000000000001,422,2,100,93,52,422,264237.1946554184
3605,-112.55,422,2,100,76,33,422,264330.17553305626
3606,-92.64999999999999,422,2,100,98,27,422,264445.7649526596
3607,-86.1,422,2,100,99,26,422,264563.82535481453
3608,-93.0,422,2,100,99,28,422,264691.95680594444
3609,-104.80000000000003,422,2,100,78,40,422,264799.4925792217
3610,-88.25,422,2,100,98,23,422,264918.29782152176
3611,-100.70000000000002,422,2,100,87,26,422,265032.16208672523
3612,-122.95000000000005,422,2,100,89,45,422,265141.3173749447
3613,-99.65,422,2,100,90,39,422,265243.16605591774
3614,-110.80000000000004,422,2,100,77,40,422,265352.56358861923
3615,-102.00000000000003,422,2,100,98,36,422,265459.5586898327
3616,-104.55000000000001,422,2,100,90,25,422,265566.87235832214
3617,-117.00000000000003,422,2,100,72,36,422,265672.9207031727
3618,-112.20000000000005,422,2,100,45,32,422,265779.7471525669
3619,-111.10000000000002,422,2,100,88,38,422,265910.5800790787
3620,-98.55,422,2,100,99,37,422,266045.5047879219
3621,-102.90000000000003,422,2,100,97,42,422,266157.75823283195
3622,-124.30000000000004,422,2,100,44,42,422,266253.8085155487
3623,-129.10000000000002,422,2,100,45,34,422,266338.21716856956
3624,-102.95,422,2,100,89,41,422,266452.9325749874
3625,-76.85000000000001,422,2,100,100,19,422,266568.61943793297
3626,-88.99999999999997,422,2,100,95,24,422,266678.0774464607
3627,-99.2,422,2,100,96,24,422,266806.51137542725
3628,-101.95,422,2,100,99,29,422,266907.31021261215
3629,-118.65000000000003,422,2,100,96,23,422,267010.0032629967
3630,-119.05000000000003,422,2,100,66,35,422,267128.3688402176
3631,-111.70000000000002,422,2,100,97,26,422,267249.6305780411
3632,-103.30000000000001,422,2,100,81,42,422,267371.1074051857
3633,-124.50000000000004,422,2,100,94,46,422,267458.931607008
3634,-99.9,422,2,100,95,30,422,267587.4270706177
3635,-113.3,422,2,100,88,38,422,267675.94243454933
3636,-113.45000000000003,422,2,100,93,43,422,267784.1384253502
3637,-104.45000000000003,422,2,100,68,27,422,267907.81489634514
3638,-114.25000000000001,422,2,100,94,39,422,268042.1554956436
3639,-127.1000000000001,422,2,100,81,42,422,268141.8622581959
3640,-121.50000000000001,422,2,100,42,42,422,268257.21328020096
3641,-111.85000000000002,422,2,100,94,39,422,268359.04980921745
3642,-94.69999999999999,422,2,100,99,34,422,268476.142352581
3643,-93.95,422,2,100,100,41,422,268589.4324734211
3645,-106.65,422,2,100,97,39,422,268766.24649095535
3646,-126.00000000000003,422,2,100,93,44,422,268840.0975587368
3647,-95.95000000000002,422,2,100,92,29,422,268950.29366755486
3648,-88.15,422,2,100,98,37,422,269051.7067232132
3649,-95.75000000000001,422,2,100,88,29,422,269156.01478147507
3650,-121.55000000000004,422,2,100,58,45,422,269252.24308395386
3651,-103.75000000000006,422,2,100,73,41,422,269367.35165166855
3652,-119.60000000000005,422,2,100,86,40,422,269461.65428447723
3653,-120.95000000000005,422,2,100,88,33,422,269541.4170999527
3654,-109.70000000000003,422,2,100,86,42,422,269643.72761297226
3655,-114.85000000000004,422,2,100,91,31,422,269737.0507853031
3656,-114.85000000000005,422,2,100,97,39,422,269808.9884414673
3657,-102.60000000000002,422,2,100,100,32,422,269909.3893523216
3658,-124.65000000000006,422,2,100,91,47,422,269986.5107264519
3659,-123.9,422,2,100,80,34,422,270068.76684093475
3660,-127.40000000000006,422,2,100,88,36,422,270161.40309619904
3661,-125.80000000000004,422,2,100,73,36,422,270231.8531937599
3662,-102.45000000000003,422,2,100,89,47,422,270318.4181113243
3664,-99.75000000000003,422,2,100,98,37,422,270519.438770771
3665,-104.55000000000003,422,2,100,73,37,422,270628.5910887718
3666,-76.65,422,2,100,95,15,422,270734.8467977047
3667,-114.40000000000005,422,2,100,40,44,422,270827.09217476845
3668,-102.80000000000003,422,2,100,80,36,422,270934.2203183174
3669,-90.5,422,2,100,93,22,422,271040.91195607185
3670,-91.94999999999999,422,2,100,94,29,422,271146.0321393013
3671,-123.65000000000005,422,2,100,100,39,422,271254.99695181847
3672,-124.65000000000002,422,2,100,96,31,422,271344.12837696075
3673,-123.65,422,2,100,45,35,422,271436.5767118931
3674,-101.45000000000003,422,2,100,91,35,422,271538.6574039459
3676,-96.54999999999998,422,2,100,85,25,422,271745.92270350456
3677,-133.05,422,2,100,9,35,422,271844.80887794495
3678,-101.55,422,2,100,94,37,422,271953.46373057365
3679,-113.60000000000004,422,2,100,94,40,422,272047.3522913456
3680,-106.85000000000004,422,2,100,86,35,422,272150.7513551712
3681,-103.45000000000005,422,2,100,78,35,422,272259.04633688927
3682,-116.40000000000002,422,2,100,82,36,422,272350.6855659485
3683,-91.94999999999999,422,2,100,98,25,422,272464.68899798393
3684,-100.45000000000003,422,2,100,70,27,422,272569.0490896702
3685,-94.25,422,2,100,95,27,422,272676.46175813675
3686,-94.70000000000005,422,2,100,99,42,422,272786.7108204365
3687,-106.85000000000004,422,2,100,72,31,422,272889.2787282467
3688,-104.25000000000001,422,2,100,100,31,422,272986.2959945202
3689,-100.05000000000001,422,2,100,88,27,422,273075.8822414875
3690,-106.10000000000001,422,2,100,97,30,422,273157.9858136177
3691,-108.39999999999999,422,2,100,100,32,422,273244.2522137165
3692,-93.60000000000001,422,2,100,98,44,422,273350.31661105156
3694,-97.50000000000004,422,2,100,97,34,422,273562.3365023136
3696,-113.55000000000005,422,2,100,63,45,422,273760.5171465874
3697,-115.30000000000004,422,2,100,50,38,422,273863.67565345764
3698,-106.65,422,2,100,94,31,422,273976.8233602047
3699,-126.55000000000005,422,2,100,91,45,422,274060.1203081608
3700,-114.25000000000001,422,2,100,74,39,422,274151.01819467545
3701,-103.85000000000002,422,2,100,88,39,422,274262.4200863838
3702,-121.20000000000002,422,2,100,59,36,422,274341.9092218876
3703,-94.75000000000001,422,2,100,98,29,422,274443.86192822456
3704,-112.80000000000003,422,2,100,96,32,422,274537.0744509697
3705,-86.44999999999997,422,2,100,96,23,422,274643.38997220993
3706,-93.25000000000004,422,2,100,91,35,422,274742.429033041
3707,-106.30000000000001,422,2,100,96,34,422,274849.4823875427
3708,-122.80000000000001,422,2,100,64,36,422,274944.78528666496
3709,-99.50000000000001,422,2,100,75,26,422,275041.66589331627
3710,-108.79999999999998,422,2,100,96,28,422,275134.83343815804
3711,-128.05,422,2,100,71,31,422,275218.81325888634
3712,-117.90000000000002,422,2,100,83,42,422,275307.15404748917
3713,-112.00000000000004,422,2,100,81,40,422,275408.86176252365
3714,-115.10000000000004,422,2,100,98,38,422,275508.47651839256
3715,-99.45,422,2,100,89,39,422,275618.94334602356
3716,-110.65000000000006,422,2,100,84,43,422,275715.8055717945
3717,-103.15,422,2,100,80,29,422,275822.0669345856
3718,-100.70000000000002,422,2,100,82,34,422,275922.0507860184
3719,-111.55,422,2,100,93,29,422,276020.7262289524
3720,-107.95000000000003,422,2,100,98,33,422,276111.437851429
3721,-110.10000000000001,422,2,100,90,34,422,276239.1345438957
3722,-102.45000000000002,422,2,100,93,43,422,276354.16956686974
3723,-94.29999999999998,422,2,100,94,34,422,276473.0350847244
3724,-106.00000000000003,422,2,100,96,40,422,276571.0847952366
3725,-103.8,422,2,100,92,32,422,276682.61002612114
3726,-97.80000000000001,422,2,100,93,32,422,276785.62540364265
3727,-95.15,422,2,100,100,37,422,276886.02505373955
3728,-99.0,422,2,100,95,28,422,276993.24471354485
3729,-116.20000000000003,422,2,100,57,40,422,277097.52577614784
3730,-94.45,422,2,100,96,31,422,277215.16936039925
3731,-117.85000000000004,422,2,100,91,35,422,277312.26344561577
3732,-116.45,422,2,100,93,35,422,277417.8382732868
3733,-98.95000000000003,422,2,100,99,37,422,277526.7870378494
3734,-104.20000000000003,422,2,100,98,40,422,277622.83091425896
3735,-107.7,422,2,100,100,30,422,277723.5731289387
3736,-112.20000000000003,422,2,100,77,40,422,277837.2635848522
3737,-85.65000000000002,422,2,100,97,35,422,277952.66352939606
3738,-109.50000000000001,422,2,100,61,38,422,278059.56181001663
3739,-97.05,422,2,100,100,39,422,278177.4506583214
3740,-121.50000000000004,422,2,100,66,42,422,278286.2869017124
3741,-86.89999999999999,422,2,100,97,26,422,278414.5267817974
3742,-117.40000000000003,422,2,100,99,28,422,278522.15957021713
3743,-100.9,422,2,100,94,30,422,278627.1464858055
3744,-83.19999999999997,422,2,100,99,28,422,278728.13564920425
3745,-101.60000000000002,422,2,100,95,40,422,278825.10851335526
3746,-94.1,422,2,100,91,26,422,278938.9019243717
3747,-104.20000000000005,422,2,100,92,32,422,279053.01963853836
3748,-116.45000000000005,422,2,100,87,43,422,279138.57775616646
3749,-110.04999999999998,422,2,100,93,39,422,279252.2755982876
3750,-118.05000000000003,422,2,100,94,35,422,279343.4668507576
3752,-123.20000000000009,422,2,100,89,44,422,279548.2506854534
3753,-98.8,422,2,100,96,32,422,279642.21664881706
3754,-99.05000000000004,422,2,100,99,35,422,279742.1945607662
3755,-115.35000000000004,422,2,100,53,37,422,279853.5168688297
3756,-128.00000000000003,422,2,100,99,32,422,279938.65705776215
3757,-92.94999999999999,422,2,100,88,33,422,280043.37140607834
3758,-96.35,422,2,100,94,29,422,280179.5048816204
3759,-106.25000000000003,422,2,100,66,39,422,280281.98745799065
3760,-116.05000000000004,422,2,100,53,43,422,280390.91402316093
3761,-87.15,422,2,100,98,29,422,280504.44448280334
3762,-99.70000000000002,422,2,100,79,34,422,280611.5508749485
3763,-93.15000000000002,422,2,100,77,29,422,280706.6058716774
3764,-95.60000000000004,422,2,100,97,36,422,280817.10123205185
3765,-96.85,422,2,100,97,27,422,280912.026525259
3766,-95.8,422,2,100,98,28,422,281014.84306263924
3767,-111.65000000000005,422,2,100,100,39,422,281112.9617946148
3768,-123.30000000000003,422,2,100,45,42,422,281197.70712447166
3769,-110.35000000000002,422,2,100,100,33,422,281273.2204065323
3770,-102.55000000000003,422,2,100,94,37,422,281367.5918619633
3771,-105.9,422,2,100,68,30,422,281475.2879064083
3772,-122.50000000000006,422,2,100,56,42,422,281586.0409448147
3773,-94.25,422,2,100,99,31,422,281697.12042593956
3774,-125.65000000000002,422,2,100,98,39,422,281793.7493598461
3775,-122.60000000000002,422,2,100,68,36,422,281905.6008913517
3777,-110.55000000000005,422,2,100,91,37,422,282101.1312248707
3778,-102.55000000000003,422,2,100,98,33,422,282201.3048634529
3779,-108.05000000000004,422,2,100,92,31,422,282309.83396935463
3780,-104.65000000000005,422,2,100,88,39,422,282404.5844428539
3781,-114.90000000000005,422,2,100,98,42,422,282505.16145420074
3782,-111.40000000000003,422,2,100,93,40,422,282620.57963466644
3783,-101.30000000000004,422,2,100,95,34,422,282720.0831553936
3784,-105.20000000000002,422,2,100,98,36,422,282848.59739637375
3785,-93.10000000000001,422,2,100,99,38,422,282962.16016340256
3786,-102.95,422,2,100,87,29,422,283081.1579005718
3787,-104.35000000000002,422,2,100,90,37,422,283191.62223625183
3788,-99.39999999999999,422,2,100,94,32,422,283310.19854927063
3789,-88.39999999999999,422,2,100,97,24,422,283422.617528677
3790,-103.15,422,2,100,97,33,422,283541.2578470707
3791,-115.85000000000002,422,2,100,70,35,422,283640.41052007675
3792,-131.10000000000002,422,2,100,18,38,422,283734.28735613823
3793,-89.0,422,2,100,99,20,422,283845.415692091
3794,-112.55,422,2,100,93,37,422,283947.32799100876
3795,-123.40000000000003,422,2,100,48,44,422,284051.39761805534
3796,-116.85000000000002,422,2,100,77,35,422,284142.54720568657
3797,-91.8,422,2,100,96,24,422,284254.50783634186
3798,-111.05000000000004,422,2,100,95,43,422,284350.6101658344
3799,-96.00000000000001,422,2,100,95,28,422,284459.87088370323
3800,-100.05000000000003,422,2,100,93,35,422,284561.92700624466
3801,-105.60000000000002,422,2,100,88,28,422,284653.63083195686
3802,-96.49999999999999,422,2,100,98,34,422,284753.94533252716
3803,-97.64999999999999,422,2,100,97,31,422,284841.3130404949
3804,-105.75000000000001,422,2,100,76,33,422,284938.49960279465
3805,-86.74999999999999,422,2,100,92,21,422,285037.5900197029
3806,-115.19999999999999,422,2,100,99,24,422,285113.50332808495
3807,-100.54999999999997,422,2,100,100,33,422,285203.458889246
3808,-92.15000000000002,422,2,100,94,29,422,285311.3352842331
3809,-106.55000000000003,422,2,100,85,33,422,285426.21920990944
3810,-97.35000000000001,422,2,100,87,29,422,285525.5014138222
3811,-99.75000000000003,422,2,100,97,37,422,285633.7605724335
3812,-103.35,422,2,100,93,21,422,285737.0215268135
3813,-121.60000000000002,422,2,100,66,36,422,285832.98288083076
3814,-106.45000000000005,422,2,100,97,43,422,285942.91289138794
3815,-106.85000000000002,422,2,100,77,31,422,286041.4607422352
3816,-120.80000000000003,422,2,100,54,28,422,286115.54559731483
3817,-102.75000000000001,422,2,100,95,41,422,286218.5645122528
3818,-125.64999999999999,422,2,100,96,23,422,286295.738114357
3819,-113.7,422,2,100,93,26,422,286413.8034603596
3820,-104.55000000000003,422,2,100,75,25,422,286519.7196087837
3821,-101.25000000000001,422,2,100,97,39,422,286652.6503095627
3822,-104.15000000000002,422,2,100,90,41,422,286774.98351335526
3823,-129.85000000000002,422,2,100,83,31,422,286862.1798403263
3824,-111.30000000000005,422,2,100,82,34,422,286972.70960998535
3825,-103.95000000000002,422,2,100,97,37,422,287100.90473914146
3826,-127.9,422,2,100,73,26,422,287190.1005477905
3827,-112.85,422,2,100,98,31,422,287276.3261516094
3828,-124.20000000000006,422,2,100,94,40,422,287369.5427622795
3829,-98.45,422,2,100,85,39,422,287490.8840992451
3830,-102.50000000000003,422,2,100,95,42,422,287579.0058603287
3831,-98.30000000000003,422,2,100,98,42,422,287691.8540728092
3832,-113.80000000000001,422,2,100,94,28,422,287818.36840486526
3833,-107.35000000000001,422,2,100,93,29,422,287937.51765704155
3834,-115.95000000000003,422,2,100,88,45,422,288059.5495262146
3835,-107.55,422,2,100,94,37,422,288171.7090475559
3836,-111.05000000000005,422,2,100,98,35,422,288293.5747618675
3837,-85.54999999999998,422,2,100,99,21,422,288396.1861612797
3838,-79.40000000000002,422,2,100,100,24,422,288516.2257692814
3839,-93.09999999999998,422,2,100,94,30,422,288633.14530181885
3840,-96.25000000000001,422,2,100,95,43,422,288745.42206811905
3841,-104.25000000000003,422,2,100,96,39,422,288850.71253323555
3842,-106.50000000000003,422,2,100,95,34,422,288953.99308753014
3843,-98.8,422,2,100,100,32,422,289065.17424082756
3844,-114.55,422,2,100,93,37,422,289176.61941480637
3845,-102.49999999999999,422,2,100,84,26,422,289292.33593702316
3846,-108.40000000000003,422,2,100,95,36,422,289386.45414972305
3847,-94.3,422,2,100,98,26,422,289516.15126132965
3848,-102.19999999999999,422,2,100,97,28,422,289636.96667027473
3849,-90.44999999999999,422,2,100,99,31,422,289754.543330431
3850,-95.39999999999999,422,2,100,87,28,422,289864.395624876
3851,-95.14999999999998,422,2,100,99,25,422,289979.50511169434
3852,-97.1,422,2,100,92,26,422,290090.8401966095
3853,-93.9,422,2,100,100,42,422,290212.69835686684
3854,-109.0,422,2,100,75,40,422,290311.812674284
3855,-107.65,422,2,100,99,35,422,290415.5822238922
3856,-103.39999999999996,422,2,100,99,24,422,290537.9130151272
3857,-100.70000000000002,422,2,100,99,42,422,290645.26323986053
3858,-87.0,422,2,100,98,28,422,290749.91906380653
3859,-100.95000000000003,422,2,100,100,45,422,290869.44436860085
3860,-90.25000000000001,422,2,100,89,31,422,290983.370446682
3861,-106.75000000000003,422,2,100,100,37,422,291095.6589820385
3862,-100.20000000000003,422,2,100,96,32,422,291206.80845212936
3863,-102.95000000000005,422,2,100,95,33,422,291300.9738538265
3864,-104.74999999999999,422,2,100,96,33,422,291420.33959650993
3865,-98.89999999999998,422,2,100,100,26,422,291525.9998886585
3866,-92.94999999999999,422,2,100,96,29,422,291625.58290958405
3867,-94.55000000000003,422,2,100,98,29,422,291734.2338645458
3868,-98.10000000000002,422,2,100,99,34,422,291835.6766731739
3869,-82.64999999999999,422,2,100,98,19,422,291957.90563464165
3870,-97.30000000000001,422,2,100,90,30,422,292071.5006222725
3871,-101.35000000000001,422,2,100,86,33,422,292169.1167354584
3872,-117.05000000000005,422,2,100,93,39,422,292238.4425795078
3873,-94.14999999999998,422,2,100,100,33,422,292340.2888813019
3874,-105.04999999999998,422,2,100,94,35,422,292438.8667244911
3875,-106.90000000000006,422,2,100,95,42,422,292540.43968462944
3876,-103.25000000000001,422,2,100,88,31,422,292668.2851111889
3877,-83.1,422,2,100,96,22,422,292778.9834842682
3878,-114.25000000000003,422,2,100,91,39,422,292894.2709209919
3879,-99.70000000000002,422,2,100,92,34,422,292998.66267347336
3880,-101.85,422,2,100,90,27,422,293097.8762087822
3881,-119.35000000000002,422,2,100,93,41,422,293184.3962583542
3882,-115.65000000000002,422,2,100,86,31,422,293276.56638789177
3883,-119.00000000000006,422,2,100,81,40,422,293369.1325109005
3884,-116.90000000000002,422,2,100,96,38,422,293474.56461167336
3885,-94.85000000000002,422,2,100,97,23,422,293594.8127424717
3886,-92.75000000000001,422,2,100,92,33,422,293695.52906036377
3887,-114.20000000000003,422,2,100,79,36,422,293790.4133133888
3888,-100.15,422,2,100,94,37,422,293888.8866763115
3889,-117.20000000000005,422,2,100,59,36,422,293988.685536623
3890,-110.5,422,2,100,96,38,422,294088.9331998825
3891,-105.05,422,2,100,94,35,422,294213.24929094315
3892,-97.7,422,2,100,97,34,422,294324.76527523994
3893,-94.3,422,2,100,96,26,422,294456.3300037384
3894,-106.3,422,2,100,99,34,422,294571.49811577797
3895,-107.05000000000001,422,2,100,85,35,422,294690.79786634445
3896,-98.19999999999997,422,2,100,94,20,422,294827.3705482483
3897,-98.05000000000003,422,2,100,93,31,422,294949.8415119648
3898,-99.34999999999998,422,2,100,96,25,422,295084.99612760544
3899,-95.14999999999999,422,2,100,98,29,422,295210.80281472206
3900,-92.50000000000001,422,2,100,100,30,422,295317.3126215935
3901,-115.30000000000004,422,2,100,80,38,422,295411.99816036224
3902,-114.10000000000005,422,2,100,96,38,422,295518.5593473911
3903,-124.55000000000003,422,2,100,27,33,422,295612.11688375473
3904,-110.95000000000003,422,2,100,42,37,422,295712.45505046844
3905,-115.60000000000008,422,2,100,100,48,422,295815.63678336143
3906,-117.85000000000005,422,2,100,100,43,422,295911.76348018646
3907,-87.89999999999999,422,2,100,96,22,422,296025.6861925125
3908,-119.30000000000003,422,2,100,92,46,422,296119.47678399086
3910,-96.39999999999999,422,2,100,94,28,422,296327.85881233215
3911,-119.7,422,2,100,83,30,422,296421.82568764687
3912,-108.80000000000003,422,2,100,67,36,422,296530.95374178886
3913,-90.20000000000003,422,2,100,98,36,422,296623.14311122894
3915,-113.10000000000004,422,2,100,61,34,422,296818.3802819252
3917,-115.10000000000001,422,2,100,99,26,422,297002.3057150841
3918,-120.90000000000003,422,2,100,50,34,422,297086.5573222637
3919,-95.59999999999998,422,2,100,99,28,422,297190.291315794
3920,-110.20000000000002,422,2,100,95,28,422,297287.9442882538
3921,-121.25000000000003,422,2,100,50,35,422,297371.5454380512
3922,-120.30000000000003,422,2,100,59,38,422,297448.48808145523
3923,-106.7,422,2,100,88,26,422,297533.07766342163
3924,-129.65000000000003,422,2,100,88,23,422,297608.3206400871
3925,-107.85000000000004,422,2,100,98,35,422,297701.91489958763
3926,-103.05000000000004,422,2,100,91,35,422,297794.67708301544
3927,-101.95000000000003,422,2,100,98,33,422,297897.3490307331
3928,-113.40000000000005,422,2,100,93,32,422,297984.69140839577
3929,-106.6,422,2,100,80,36,422,298077.9008214474
3930,-111.80000000000005,422,2,100,95,32,422,298163.9811477661
3931,-93.3,422,2,100,92,22,422,298264.4096441269
3932,-122.75000000000001,422,2,100,84,41,422,298363.62211465836
3933,-114.10000000000004,422,2,100,99,38,422,298468.3039917946
3934,-117.25000000000003,422,2,100,96,39,422,298564.60865950584
3935,-101.05000000000003,422,2,100,95,31,422,298665.2913262844
3936,-93.75,422,2,100,98,33,422,298775.50942373276
3937,-109.85000000000001,422,2,100,50,31,422,298869.0814459324
3938,-127.95000000000003,422,2,100,68,25,422,298952.03608083725
3939,-99.0,422,2,100,94,28,422,299057.74341106415
3940,-111.70000000000003,422,2,100,85,38,422,299154.3002483845
3941,-103.25000000000001,422,2,100,94,31,422,299256.4464740753
3942,-78.35,422,2,100,96,21,422,299348.1257660389
3943,-91.04999999999998,422,2,100,100,27,422,299449.2080373764
3944,-111.45000000000005,422,2,100,91,39,422,299560.0284934044
3945,-100.55,422,2,100,98,33,422,299658.82363033295
3946,-99.6,422,2,100,94,36,422,299769.7911117077
3947,-107.45000000000002,422,2,100,97,31,422,299865.0985555649
3948,-107.1,422,2,100,96,34,422,299979.2676305771
3949,-109.94999999999999,422,2,100,96,29,422,300075.4023063183
3950,-113.50000000000003,422,2,100,98,42,422,300177.5389215946
3951,-129.95,422,2,100,99,33,422,300260.5711069107
3952,-111.30000000000003,422,2,100,54,30,422,300354.0895321369
3953,-120.25000000000003,422,2,100,96,23,422,300457.7173383236
3954,-97.35000000000002,422,2,100,98,33,422,300559.40913438797
3955,-104.39999999999999,422,2,100,100,24,422,300651.4364185333
3956,-122.25000000000003,422,2,100,93,23,422,300736.9333150387
3957,-105.7,422,2,100,80,30,422,300838.5654256344
3958,-119.30000000000001,422,2,100,73,34,422,300925.35723257065
3959,-103.05000000000003,422,2,100,65,35,422,301031.5489578247
3960,-96.70000000000002,422,2,100,98,30,422,301144.35838770866
3961,-129.00000000000003,422,2,100,33,40,422,301253.08471894264
3962,-105.4,422,2,100,79,24,422,301352.53060007095
3963,-118.00000000000003,422,2,100,59,40,422,301440.8089084625
3964,-103.65000000000003,422,2,100,95,31,422,301545.4277319908
3965,-96.8,422,2,100,97,28,422,301646.5110883713
3966,-107.55000000000001,422,2,100,95,33,422,301762.16791558266
3967,-101.84999999999998,422,2,100,93,39,422,301886.8284652233
3968,-96.90000000000002,422,2,100,97,30,422,302005.43755984306
3969,-96.85,422,2,100,84,27,422,302104.63889980316
3970,-105.65,422,2,100,90,31,422,302216.1617991924
3972,-107.95000000000005,422,2,100,78,37,422,302408.69571876526
3973,-112.70000000000002,422,2,100,90,38,422,302508.1096637249
3974,-113.05000000000004,422,2,100,62,43,422,302606.2278416157
3975,-116.95,422,2,100,47,29,422,302692.5309524536
3976,-108.60000000000004,422,2,100,63,36,422,302803.805562973
3977,-94.95000000000002,422,2,100,94,37,422,302934.5105624199
3978,-100.25000000000001,422,2,100,93,35,422,303040.80225777626
3979,-94.30000000000003,422,2,100,97,30,422,303142.7877237797
3980,-95.9,422,2,100,76,22,422,303236.59049654007
3981,-113.9,422,2,100,89,38,422,303326.57755565643
3982,-94.74999999999999,422,2,100,95,25,422,303421.93001127243
3983,-104.25000000000004,422,2,100,96,43,422,303530.2718629837
3984,-104.60000000000005,422,2,100,94,44,422,303624.47811961174
3985,-96.39999999999999,422,2,100,89,24,422,303761.57044386864
3986,-101.15000000000003,422,2,100,99,41,422,303873.21339035034
3987,-106.70000000000003,422,2,100,99,30,422,303961.17659163475
3988,-118.95000000000005,422,2,100,97,41,422,304072.73681259155
3989,-123.10000000000002,422,2,100,48,38,422,304176.3006980419
3990,-114.95000000000002,422,2,100,58,37,422,304276.5617823601
3991,-110.25,422,2,100,97,31,422,304380.6473124027
3992,-92.45,422,2,100,87,27,422,304480.7092990875
3993,-132.70000000000005,422,2,100,14,38,422,304573.53452181816
3994,-91.9,422,2,100,91,30,422,304682.22034811974
3995,-94.30000000000003,422,2,100,94,38,422,304777.40123963356
3996,-107.90000000000003,422,2,100,65,38,422,304878.76893877983
3997,-95.85000000000001,422,2,100,92,27,422,304990.82056999207
3998,-114.95000000000002,422,2,100,92,41,422,305096.9563302994
3999,-78.85000000000001,422,2,100,100,27,422,305198.066382885
4000,-100.8,422,2,100,99,28,422,305292.5023751259
4001,-97.85000000000004,422,2,100,73,35,422,305398.35062503815
4002,-116.95000000000002,422,2,100,96,33,422,305480.792791605
4003,-87.25,422,2,100,95,27,422,305595.28569722176
4004,-97.45,422,2,100,100,27,422,305698.6772572994
4005,-127.00000000000003,422,2,100,24,36,422,305808.0472071171
4006,-106.20000000000002,422,2,100,69,28,422,305905.630808115
4007,-125.85000000000005,422,2,100,47,43,422,306006.03307056427
4008,-110.00000000000006,422,2,100,77,44,422,306109.0299935341
4010,-84.24999999999999,422,2,100,99,27,422,306295.85997867584
4011,-119.50000000000003,422,2,100,84,30,422,306391.9400742054
4012,-109.55000000000004,422,2,100,46,37,422,306489.6145672798
4013,-112.1,422,2,100,96,30,422,306580.10003209114
4014,-118.00000000000004,422,2,100,93,40,422,306667.67693543434
4015,-112.30000000000004,422,2,100,54,42,422,306776.1735301018
4016,-119.50000000000004,422,2,100,41,42,422,306870.18040561676
4017,-105.14999999999999,422,2,100,92,37,422,306973.2410824299
4018,-100.55000000000001,422,2,100,100,33,422,307087.3587219715
4019,-115.4,422,2,100,53,24,422,307176.4440178871
4020,-91.74999999999997,422,2,100,95,25,422,307273.79929828644
4021,-106.20000000000003,422,2,100,96,32,422,307371.325394392
4022,-89.64999999999998,422,2,100,93,31,422,307478.3661658764
4023,-100.39999999999999,422,2,100,94,36,422,307581.2837922573
4024,-110.85000000000004,422,2,100,95,31,422,307699.60408854485
4025,-95.35000000000002,422,2,100,82,29,422,307799.9136300087
4026,-112.20000000000007,422,2,100,99,44,422,307896.5636405945
4027,-129.60000000000005,422,2,100,95,32,422,307974.074767828
4028,-107.69999999999999,422,2,100,84,30,422,308071.2470090389
4029,-117.25000000000001,422,2,100,76,35,422,308161.5648665428
4030,-105.55,422,2,100,96,33,422,308267.1773967743
4031,-115.15000000000003,422,2,100,84,33,422,308357.7074558735
4032,-105.7,422,2,100,99,30,422,308447.6806511879
4033,-110.85,422,2,100,95,35,422,308544.485629797
4034,-90.5,422,2,100,98,30,422,308665.76690506935
4035,-108.35000000000005,422,2,100,95,37,422,308757.181678772
4036,-107.15000000000005,422,2,100,69,37,422,308835.7977414131
4037,-87.05,422,2,100,99,27,422,308939.37750434875
4038,-101.99999999999999,422,2,100,91,28,422,309038.5797395706
4039,-110.05000000000004,422,2,100,100,35,422,309133.7238640785
4040,-111.15000000000003,422,2,100,99,45,422,309230.7191796303
4041,-126.05000000000005,422,2,100,47,51,422,309320.28079485893
4042,-98.45,422,2,100,100,27,422,309415.86368608475
4043,-115.85000000000002,422,2,100,50,39,422,309531.12430143356
4044,-104.15,422,2,100,94,37,422,309614.4578602314
4045,-94.60000000000001,422,2,100,95,28,422,309721.9076793194
4046,-104.45,422,2,100,83,31,422,309848.3931491375
4047,-99.7,422,2,100,98,26,422,309959.32291817665
4048,-112.10000000000007,422,2,100,98,46,422,310062.27915096283
4049,-123.50000000000001,422,2,100,93,34,422,310153.09385704994
4050,-104.8,422,2,100,95,32,422,310269.6369147301
4051,-105.90000000000003,422,2,100,98,34,422,310374.21009778976
4052,-94.94999999999999,422,2,100,94,29,422,310480.21899700165
4053,-97.20000000000002,422,2,100,99,32,422,310572.4838461876
4054,-99.34999999999998,422,2,100,89,29,422,310670.2292609215
4055,-95.5,422,2,100,91,26,422,310782.7444934845
4056,-85.55,422,2,100,93,21,422,310897.3213791847
4057,-111.60000000000004,422,2,100,98,40,422,310999.2032330036
4058,-96.15000000000002,422,2,100,89,25,422,311112.4606499672
4059,-110.85000000000005,422,2,100,91,35,422,311213.97232604027
4060,-99.55000000000003,422,2,100,86,37,422,311314.2117164135
4061,-117.90000000000003,422,2,100,91,46,422,311413.3368420601
4062,-116.45000000000003,422,2,100,81,43,422,311528.51407909393
4063,-108.90000000000002,422,2,100,96,42,422,311651.99362921715
4064,-94.6,422,2,100,96,24,422,311781.4103934765
4065,-95.25000000000001,422,2,100,88,31,422,311888.6356050968
4066,-96.59999999999998,422,2,100,94,28,422,312010.5631182194
4067,-110.35000000000001,422,2,100,85,29,422,312114.67059254646
4068,-116.10000000000002,422,2,100,95,42,422,312212.0063867569
4069,-116.65,422,2,100,75,35,422,312322.48115992546
4070,-101.1,422,2,100,96,30,422,312438.83068084717
4071,-105.50000000000004,422,2,100,100,34,422,312534.58559155464
4072,-110.64999999999999,422,2,100,98,31,422,312650.61563539505
4073,-112.30000000000001,422,2,100,96,26,422,312765.1467652321
4074,-107.99999999999997,422,2,100,94,28,422,312889.88532209396
4075,-113.10000000000001,422,2,100,64,26,422,313015.8637588024
4076,-101.39999999999999,422,2,100,94,28,422,313124.3000867367
4077,-89.35,422,2,100,99,21,422,313218.1143629551
4078,-105.10000000000001,422,2,100,99,38,422,313344.16837620735
4079,-109.40000000000003,422,2,100,68,40,422,313450.23431420326
4080,-113.35000000000002,422,2,100,99,37,422,313557.96812939644
4081,-108.75000000000001,422,2,100,75,29,422,313685.1261334419
4082,-100.10000000000001,422,2,100,95,34,422,313796.41964769363
4083,-103.7,422,2,100,96,34,422,313898.48135471344
4084,-104.15000000000003,422,2,100,97,37,422,313992.44820570946
4085,-113.30000000000001,422,2,100,53,26,422,314110.546779871
4086,-105.5,422,2,100,99,26,422,314198.54316210747
4087,-102.65,422,2,100,90,31,422,314316.64968800545
4088,-99.19999999999999,422,2,100,97,28,422,314410.1482474804
4089,-97.49999999999999,422,2,100,96,26,422,314522.3167500496
4090,-103.7,422,2,100,95,34,422,314623.85282993317
4091,-84.55,422,2,100,96,25,422,314735.74124884605
4092,-87.85000000000001,422,2,100,95,27,422,314847.9115495682
4093,-105.00000000000001,422,2,100,75,28,422,314953.9254119396
4094,-109.40000000000003,422,2,100,55,40,422,315057.43315529823
4095,-94.05000000000003,422,2,100,89,31,422,315154.45028972626
4096,-120.00000000000004,422,2,100,43,40,422,315241.8907930851
4097,-90.05000000000001,422,2,100,97,27,422,315347.81485795975
4098,-109.45000000000005,422,2,100,58,35,422,315442.78647851944
4099,-87.64999999999999,422,2,100,93,23,422,315534.9169726372
4100,-92.25,422,2,100,94,27,422,315644.5650303364
4101,-103.10000000000001,422,2,100,86,42,422,315735.9371652603
4102,-92.44999999999999,422,2,100,98,27,422,315846.877620697
4103,-98.90000000000002,422,2,100,97,34,422,315947.48442816734
4104,-102.35000000000002,422,2,100,86,37,422,316041.04520869255
4105,-124.75000000000003,422,2,100,94,37,422,316126.9012966156
4106,-92.69999999999999,422,2,100,97,30,422,316245.9127192497
4107,-121.95000000000009,422,2,100,66,37,422,316337.7319560051
4109,-89.00000000000001,422,2,100,85,28,422,316500.02218198776
4110,-113.45,422,2,100,96,31,422,316597.3452498913
4111,-93.09999999999998,422,2,100,99,30,422,316699.2194211483
4112,-113.55000000000003,422,2,100,81,33,422,316820.3420460224
4113,-102.50000000000001,422,2,100,95,30,422,316951.14384651184
4114,-103.20000000000002,422,2,100,87,20,422,317090.4671189785
4115,-92.75000000000001,422,2,100,97,25,422,317208.47664260864
4116,-85.35000000000001,422,2,100,85,25,422,317314.36707377434
4117,-107.05000000000003,422,2,100,80,35,422,317409.5590672493
4118,-95.05,422,2,100,97,31,422,317516.16545176506
4119,-117.55000000000001,422,2,100,82,33,422,317628.9223163128
4120,-90.25000000000001,422,2,100,97,27,422,317732.1250219345
4121,-95.05,422,2,100,96,23,422,317863.197719574
4122,-83.5,422,2,100,100,22,422,317995.96604681015
4123,-104.29999999999997,422,2,100,96,34,422,318111.1475906372
4124,-105.54999999999997,422,2,100,85,29,422,318236.93991851807
4125,-107.55000000000001,422,2,100,98,41,422,318334.29484415054
4126,-108.60000000000002,422,2,100,97,40,422,318432.2059164047
4127,-96.49999999999999,422,2,100,94,30,422,318542.8097653389
4128,-113.35000000000004,422,2,100,64,29,422,318668.966663599
4129,-115.20000000000005,422,2,100,63,40,422,318778.7330610752
4130,-106.39999999999998,422,2,100,93,28,422,318900.56654810905
4131,-104.05,422,2,100,94,31,422,319012.0765199661
4132,-94.10000000000001,422,2,100,91,38,422,319111.13327407837
4133,-112.40000000000003,422,2,100,97,44,422,319216.2118525505
4134,-82.5,422,2,100,98,22,422,319328.14449357986
4135,-112.35000000000001,422,2,100,90,37,422,319440.82855057716
4136,-82.9,422,2,100,95,26,422,319543.3213207722
4137,-97.30000000000003,422,2,100,86,30,422,319647.02323031425
4138,-85.25,422,2,100,99,27,422,319774.9061796665
4139,-111.30000000000004,422,2,100,87,34,422,319875.3330667019
4140,-105.0,422,2,100,99,36,422,319973.02988123894
4141,-104.40000000000002,422,2,100,95,32,422,320092.06221961975
4142,-104.55000000000001,422,2,100,98,29,422,320193.02443909645
4143,-103.70000000000002,422,2,100,92,30,422,320299.60147595406
4144,-101.75000000000003,422,2,100,82,33,422,320402.45786857605
4145,-117.50000000000003,422,2,100,100,42,422,320508.18138098717
4146,-109.55000000000001,422,2,100,99,33,422,320605.00221705437
4147,-96.4,422,2,100,98,32,422,320707.3091006279
4148,-97.85000000000002,422,2,100,84,31,422,320816.63470578194
4149,-116.39999999999999,422,2,100,47,24,422,320939.3500649929
4150,-98.75000000000006,422,2,100,92,37,422,321045.21749567986
4151,-99.85,422,2,100,87,31,422,321153.4299585819
4152,-101.0,422,2,100,99,32,422,321259.6383459568
4153,-102.7,422,2,100,83,34,422,321358.96849823
4154,-116.45,422,2,100,95,31,422,321473.16971969604
4155,-98.80000000000001,422,2,100,97,32,422,321567.7173836231
4156,-91.94999999999999,422,2,100,92,21,422,321658.8737990856
4158,-89.75000000000004,422,2,100,79,29,422,321856.92980504036
4159,-113.85000000000004,422,2,100,65,39,422,321966.39379143715
4160,-114.95000000000002,422,2,100,64,33,422,322051.6002781391
4161,-96.85000000000004,422,2,100,100,31,422,322156.116117239
4162,-92.25,422,2,100,100,23,422,322246.0634319782
4163,-84.64999999999998,422,2,100,98,27,422,322366.1508052349
4164,-75.10000000000001,422,2,100,97,22,422,322464.8562283516
4165,-81.14999999999999,422,2,100,92,21,422,322570.7129397392
4166,-86.99999999999999,422,2,100,99,28,422,322676.8129873276
4167,-106.00000000000003,422,2,100,94,36,422,322773.1281106472
4168,-96.10000000000001,422,2,100,95,38,422,322864.7015092373
4169,-98.05000000000003,422,2,100,99,35,422,322957.1484410763
4170,-110.20000000000002,422,2,100,97,36,422,323078.08533120155
4171,-80.49999999999999,422,2,100,100,22,422,323198.8995358944
4172,-94.75,422,2,100,93,33,422,323309.4605932236
4173,-103.60000000000002,422,2,100,100,36,422,323404.70852565765
4174,-106.3,422,2,100,96,34,422,323501.0775771141
4175,-86.75000000000001,422,2,100,87,21,422,323610.3252775669
4176,-105.15000000000003,422,2,100,86,37,422,323713.8042318821
4177,-81.94999999999999,422,2,100,100,25,422,323817.8153119087
4178,-70.50000000000001,422,2,100,98,18,422,323914.9691827297
4179,-107.50000000000001,422,2,100,93,38,422,324011.4948673248
4180,-104.8,422,2,100,96,32,422,324091.5689647198
4181,-109.39999999999999,422,2,100,100,36,422,324191.7864201069
4182,-121.7,422,2,100,70,34,422,324261.76322865486
4183,-80.35,422,2,100,100,25,422,324362.0040612221
4184,-99.75000000000003,422,2,100,88,33,422,324468.4738793373
4185,-94.00000000000001,422,2,100,79,32,422,324569.13524508476
4186,-119.60000000000005,422,2,100,94,36,422,324655.10421800613
4187,-88.65,422,2,100,100,27,422,324770.6983487606
4188,-131.90000000000003,422,2,100,10,30,422,324859.2194828987
4189,-118.3,422,2,100,100,30,422,324956.0514755249
4190,-95.80000000000001,422,2,100,99,32,422,325045.9060661793
4191,-116.15000000000003,422,2,100,99,33,422,325148.5670027733
4192,-99.10000000000002,422,2,100,87,30,422,325254.3529729843
4193,-105.25000000000001,422,2,100,94,35,422,325368.05152249336
4194,-107.55,422,2,100,93,29,422,325472.7325091362
4195,-98.40000000000002,422,2,100,92,32,422,325588.0488715172
4196,-87.05,422,2,100,93,31,422,325689.12044787407
4197,-109.9,422,2,100,98,38,422,325783.8563013077
4198,-101.55,422,2,100,99,33,422,325877.7529978752
4199,-106.75,422,2,100,70,33,422,325976.12682414055
4200,-103.25000000000006,422,2,100,93,39,422,326075.32923316956
4201,-107.8,422,2,100,68,28,422,326169.85218310356
4202,-97.75,422,2,100,93,21,422,326274.6976892948
4203,-95.34999999999998,422,2,100,100,29,422,326378.83509135246
4204,-95.49999999999999,422,2,100,99,30,422,326484.1209657192
4205,-96.80000000000001,422,2,100,93,24,422,326618.3492679596
4206,-106.65,422,2,100,90,31,422,326699.9171524048
4208,-104.45000000000002,422,2,100,84,31,422,326893.2113263607
4209,-97.24999999999999,422,2,100,93,31,422,326991.3058667183
4210,-91.54999999999998,422,2,100,97,37,422,327088.0825419426
4211,-94.80000000000001,422,2,100,100,32,422,327189.8076853752
4212,-111.10000000000001,422,2,100,97,30,422,327281.40325737
4213,-111.20000000000002,422,2,100,87,36,422,327365.2925553322
4214,-105.65,422,2,100,82,35,422,327470.68587327003
4215,-97.65,422,2,100,94,35,422,327568.03068089485
4216,-72.05,422,2,100,97,15,422,327665.98733973503
4217,-122.60000000000007,422,2,100,68,40,422,327757.91098690033
4218,-111.89999999999999,422,2,100,93,34,422,327836.01987814903
4219,-113.00000000000004,422,2,100,58,44,422,327944.1539771557
4220,-105.95000000000002,422,2,100,93,33,422,328041.187305212
4221,-102.60000000000001,422,2,100,79,24,422,328143.82567310333
4222,-88.05000000000003,422,2,100,94,27,422,328268.99329686165
4223,-99.10000000000004,422,2,100,97,38,422,328376.20763230324
4224,-96.64999999999999,422,2,100,97,35,422,328488.11722278595
4225,-104.6,422,2,100,93,24,422,328589.85197877884
4226,-118.40000000000002,422,2,100,66,32,422,328661.24008226395
4227,-94.35,422,2,100,95,25,422,328770.53178453445
4228,-95.44999999999996,422,2,100,95,31,422,328854.39567518234
4229,-102.55000000000003,422,2,100,99,33,422,328932.34096837044
4230,-96.25000000000003,422,2,100,88,31,422,329025.04363918304
4231,-111.35,422,2,100,91,33,422,329123.28790426254
4232,-98.55000000000001,422,2,100,92,29,422,329231.3150610924
4233,-104.70000000000002,422,2,100,86,34,422,329340.2101814747
4234,-91.14999999999999,422,2,100,97,25,422,329430.1108586788
4235,-111.80000000000001,422,2,100,69,40,422,329539.0992310047
4236,-94.00000000000003,422,2,100,99,32,422,329628.11917209625
4237,-106.45,422,2,100,98,35,422,329724.88203668594
4238,-91.29999999999998,422,2,100,100,22,422,329811.1117153168
4239,-109.90000000000003,422,2,100,68,46,422,329907.05191612244
4240,-112.30000000000004,422,2,100,68,38,422,330017.41111421585
4241,-115.30000000000003,422,2,100,98,38,422,330126.8014743328
4242,-111.75000000000001,422,2,100,70,37,422,330244.3739044666
4243,-98.75000000000001,422,2,100,100,33,422,330346.16853260994
4244,-107.95,422,2,100,91,37,422,330449.3894548416
4245,-108.4,422,2,100,97,32,422,330565.1400973797
4246,-104.00000000000001,422,2,100,84,36,422,330681.72404384613
4247,-111.85000000000004,422,2,100,56,39,422,330784.4683716297
4248,-96.7,422,2,100,99,34,422,330904.9039006233
4249,-77.85000000000001,422,2,100,96,19,422,331015.2792043686
4250,-108.80000000000001,422,2,100,95,28,422,331141.9163482189
4251,-106.65000000000003,422,2,100,99,51,422,331233.92538022995
4252,-99.00000000000001,422,2,100,81,28,422,331329.2278661728
4253,-82.69999999999999,422,2,100,100,22,422,331442.6367456913
4254,-107.20000000000003,422,2,100,98,40,422,331531.26504969597
4255,-99.20000000000003,422,2,100,90,36,422,331639.3080508709
4256,-97.64999999999999,422,2,100,97,23,422,331736.209086895
4257,-118.45000000000003,422,2,100,72,35,422,331824.8307981491
4258,-84.6,422,2,100,99,28,422,331931.75478863716
4259,-117.75000000000003,422,2,100,79,33,422,332019.34959220886
4260,-98.84999999999997,422,2,100,97,27,422,332110.81812024117
4261,-113.05000000000003,422,2,100,71,43,422,332214.0428774357
4262,-96.20000000000003,422,2,100,92,32,422,332325.4933629036
4263,-88.8,422,2,100,97,32,422,332433.7378516197
4264,-91.5,422,2,100,96,22,422,332559.780431509
4265,-113.80000000000003,422,2,100,82,36,422,332668.75781679153
4266,-104.55000000000003,422,2,100,94,25,422,332780.74236369133
4267,-98.65000000000002,422,2,100,88,35,422,332883.0269191265
4268,-99.3,422,2,100,99,30,422,332988.7399995327
4269,-81.19999999999999,422,2,100,100,28,422,333092.12773513794
4270,-91.39999999999999,422,2,100,100,24,422,333219.24611997604
4271,-86.35000000000001,422,2,100,90,25,422,333323.1393351555
4272,-84.85000000000002,422,2,100,98,23,422,333440.3792922497
4273,-91.64999999999998,422,2,100,94,27,422,333545.7591946125
4274,-106.5,422,2,100,96,38,422,333651.0547349453
4275,-101.99999999999997,422,2,100,99,28,422,333760.764909029
4276,-114.40000000000003,422,2,100,81,36,422,333856.7874414921
4277,-86.89999999999998,422,2,100,97,22,422,333971.7056655884
4278,-102.60000000000001,422,2,100,97,28,422,334081.98409581184
4279,-111.30000000000001,422,2,100,91,38,422,334171.1166000366
4280,-102.85000000000001,422,2,100,96,35,422,334268.0912780762
4281,-86.2,422,2,100,96,28,422,334375.9667034149
4282,-95.69999999999999,422,2,100,95,34,422,334475.76400208473
4283,-118.95000000000003,422,2,100,61,33,422,334581.3954195976
4284,-106.10000000000001,422,2,100,63,26,422,334691.9144170284
4285,-94.25,422,2,100,94,27,422,334796.66893458366
4286,-80.65,422,2,100,92,23,422,334903.9269311428
4287,-110.54999999999998,422,2,100,92,33,422,335020.2147870064
4288,-119.1,422,2,100,91,26,422,335115.0111808777
4289,-112.15000000000002,422,2,100,96,37,422,335210.7842261791
4290,-110.1,422,2,100,84,34,422,335307.2208724022
4291,-114.25,422,2,100,52,27,422,335421.6695821285
4292,-84.29999999999998,422,2,100,97,34,422,335515.74390769005
4293,-117.10000000000005,422,2,100,97,34,422,335609.7805800438
4294,-106.05,422,2,100,91,31,422,335713.61497449875
4295,-93.75000000000004,422,2,100,81,29,422,335813.18625473976
4296,-106.45000000000005,422,2,100,94,39,422,335916.6928949356
4297,-96.70000000000002,422,2,100,100,34,422,336009.91359853745
4298,-77.95000000000002,422,2,100,91,17,422,336111.9887573719
4299,-84.44999999999999,422,2,100,94,23,422,336214.2199151516
4300,-90.74999999999997,422,2,100,95,25,422,336311.33522987366
4301,-99.45000000000005,422,2,100,99,39,422,336422.156863451
4302,-98.30000000000001,422,2,100,100,30,422,336523.4162893295
4303,-120.30000000000001,422,2,100,100,30,422,336655.3439359665
4304,-111.45,422,2,100,99,23,422,336770.84056425095
4305,-98.8,422,2,100,97,28,422,336885.9303255081
4306,-116.70000000000005,422,2,100,44,38,422,336972.5922174454
4307,-108.14999999999998,422,2,100,77,33,422,337058.2430691719
4308,-106.05000000000003,422,2,100,72,35,422,337179.6153550148
4309,-95.7,422,2,100,86,38,422,337275.8136806488
4310,-102.89999999999999,422,2,100,99,34,422,337383.8902385235
4311,-103.50000000000003,422,2,100,97,34,422,337487.4464073181
4312,-103.25000000000001,422,2,100,99,39,422,337581.39266586304
4313,-114.30000000000001,422,2,100,79,38,422,337667.90670466423
4314,-104.85000000000004,422,2,100,98,27,422,337750.3847711086
4315,-100.25,422,2,100,96,23,422,337843.24742388725
4316,-100.90000000000005,422,2,100,100,38,422,337942.22787451744
4317,-102.05,422,2,100,85,31,422,338022.32026958466
4318,-106.39999999999999,422,2,100,87,24,422,338123.62821507454
4319,-101.90000000000002,422,2,100,96,30,422,338235.00959706306
4320,-110.90000000000003,422,2,100,95,34,422,338328.8169710636
4321,-110.00000000000003,422,2,100,90,40,422,338416.2918140888
4322,-89.39999999999999,422,2,100,93,20,422,338511.4481692314
4323,-98.60000000000002,422,2,100,95,32,422,338606.3877518177
4324,-119.25000000000001,422,2,100,95,39,422,338716.266535759
4325,-112.4,422,2,100,99,32,422,338818.6853969097
4326,-100.85,422,2,100,95,31,422,338911.4092259407
4327,-94.35,422,2,100,100,29,422,339035.25922727585
4328,-114.85000000000004,422,2,100,96,35,422,339149.2880487442
4329,-100.2,422,2,100,98,28,422,339255.0982012749
4330,-107.80000000000001,422,2,100,96,28,422,339347.78357458115
4331,-124.35000000000002,422,2,100,62,37,422,339477.75801324844
4332,-96.2,422,2,100,99,28,422,339590.8491766453
4333,-95.85000000000001,422,2,100,90,27,422,339707.9881205559
4334,-82.8,422,2,100,94,20,422,339806.9561190605
4335,-87.85000000000001,422,2,100,93,23,422,339915.65445041656
4336,-93.44999999999999,422,2,100,100,23,422,340033.2946228981
4337,-95.54999999999998,422,2,100,93,25,422,340153.200206995
4338,-127.20000000000002,422,2,100,77,36,422,340270.64347338676
4339,-105.6,422,2,100,92,28,422,340396.7940878868
4340,-109.45,422,2,100,94,27,422,340523.1524488926
4341,-108.69999999999999,422,2,100,93,26,422,340595.03065252304
4342,-98.99999999999997,422,2,100,95,28,422,340696.57632255554
4343,-81.95,422,2,100,97,21,422,340812.73543930054
4344,-115.50000000000001,422,2,100,95,30,422,340925.79654574394
4345,-105.80000000000001,422,2,100,89,40,422,341019.48577070236
4346,-86.75,422,2,100,97,33,422,341124.51193737984
4347,-109.75,422,2,100,75,33,422,341220.73680973053
4348,-106.69999999999999,422,2,100,93,30,422,341348.6284375191
4349,-95.4,422,2,100,91,32,422,341448.98942804337
4350,-99.94999999999999,422,2,100,84,29,422,341553.2521522045
4351,-105.60000000000004,422,2,100,88,36,422,341658.1481666565
4352,-106.0,422,2,100,85,28,422,341770.9836809635
4353,-117.40000000000002,422,2,100,75,36,422,341868.68494558334
4354,-96.59999999999998,422,2,100,96,32,422,341980.4745864868
4355,-97.55,422,2,100,99,29,422,342103.1281373501
4356,-96.45000000000002,422,2,100,99,31,422,342209.5428009033
4357,-105.10000000000004,422,2,100,83,38,422,342310.8429465294
4358,-115.00000000000003,422,2,100,99,36,422,342416.4070034027
4359,-98.40000000000003,422,2,100,78,32,422,342516.37530469894
4360,-99.79999999999998,422,2,100,92,24,422,342633.8481063843
4361,-90.1,422,2,100,97,26,422,342744.44112610817
4362,-103.35000000000001,422,2,100,97,29,422,342852.1093072891
4363,-98.05000000000004,422,2,100,96,31,422,342948.29071617126
4364,-94.20000000000003,422,2,100,97,28,422,343050.92380809784
4365,-98.45000000000002,422,2,100,76,35,422,343165.57957959175
4366,-87.0,422,2,100,96,32,422,343265.44699048996
4367,-105.8,422,2,100,84,32,422,343383.8868877888
4368,-97.50000000000003,422,2,100,99,34,422,343484.33818888664
4369,-114.00000000000004,422,2,100,93,36,422,343575.4711301327
4370,-86.54999999999997,422,2,100,100,21,422,343689.12530469894
4371,-94.05,422,2,100,97,27,422,343796.78054738045
4372,-111.35,422,2,100,95,25,422,343909.18276143074
4373,-95.50000000000004,422,2,100,100,34,422,344016.078851223
4374,-98.95,422,2,100,99,33,422,344127.46315073967
4375,-86.24999999999999,422,2,100,100,27,422,344239.232383728
4376,-111.35000000000001,422,2,100,89,33,422,344339.5447676182
4377,-97.00000000000001,422,2,100,95,28,422,344454.53979706764
4378,-84.49999999999997,422,2,100,100,34,422,344563.9789235592
4379,-96.3,422,2,100,94,34,422,344676.27160191536
4380,-101.45000000000002,422,2,100,75,27,422,344767.638248682
4381,-101.54999999999998,422,2,100,94,29,422,344894.32537150383
4382,-98.2,422,2,100,95,28,422,345005.89869856834
4383,-101.2,422,2,100,91,28,422,345126.70371699333
4384,-103.7,422,2,100,95,34,422,345241.41004633904
4385,-96.05,422,2,100,100,27,422,345370.7087943554
4386,-101.30000000000003,422,2,100,95,34,422,345497.7906765938
4387,-98.55,422,2,100,96,29,422,345623.65452599525
4388,-105.60000000000001,422,2,100,83,36,422,345750.5611898899
4389,-97.74999999999999,422,2,100,94,29,422,345868.8778266907
4390,-85.6,422,2,100,99,20,422,345984.38044142723
4391,-90.35000000000002,422,2,100,96,29,422,346083.8505115509
4392,-113.2,422,2,100,98,32,422,346201.1524531841
4393,-97.85000000000004,422,2,100,86,31,422,346307.52381539345
4394,-93.70000000000002,422,2,100,92,30,422,346420.7721493244
4395,-98.65000000000003,422,2,100,99,35,422,346516.1648721695
4396,-105.55000000000003,422,2,100,78,33,422,346614.68894672394
4397,-95.99999999999997,422,2,100,93,24,422,346709.7250521183
4398,-103.24999999999999,422,2,100,86,23,422,346831.2655029297
4399,-83.8,422,2,100,96,20,422,346948.59257125854
4400,-114.4,422,2,100,98,36,422,347059.84164595604
