episode,reward,max_height,max_level,actions,actions_to_max_height,unique_positions,best_height_ever,time_seconds
5,-139.75000000000003,62,1,100,88,37,62,213.2915904521942
10,-145.14999999999998,-298,0,100,0,37,62,441.72647881507874
20,-145.1,-298,0,100,0,38,62,1023.1458213329315
30,-145.10000000000002,-298,0,100,0,38,62,1607.0298445224762
40,-145.30000000000007,-298,0,100,0,34,62,2155.1430575847626
50,-145.20000000000005,-298,0,100,0,36,62,2763.484310388565
60,-145.5,-298,0,100,0,30,62,3374.0332584381104
70,-145.05000000000007,-298,0,100,0,39,62,3929.749546289444
80,-145.45000000000005,-298,0,100,0,31,62,4427.008946180344
90,-145.10000000000002,-298,0,100,0,38,62,4980.054580450058
100,-145.4,-298,0,100,0,32,62,5529.739019870758
104,-141.39999999999998,62,1,100,100,32,62,5722.644800186157
110,-145.20000000000005,-298,0,100,0,36,62,6031.324350357056
120,-145.40000000000003,-298,0,100,0,32,62,6649.292410612106
130,-145.05000000000004,-298,0,100,0,39,62,7231.763690471649
140,-145.3,-298,0,100,0,34,62,7818.313271760941
150,-145.55,-298,0,100,0,29,62,8436.517502069473
160,-145.45,-298,0,100,0,31,62,9057.182965517044
170,-145.45000000000002,-298,0,100,0,31,62,9725.6303794384
180,-145.8,-298,0,100,0,24,62,10336.788907527924
190,-145.95000000000002,-298,0,100,0,21,62,11047.996677160263
200,-145.74999999999997,-298,0,100,0,25,62,11786.345619440079
210,-145.80000000000004,-298,0,100,0,24,62,12611.381032705307
220,-146.1,-298,0,100,0,18,62,13425.780920267105
230,-146.20000000000002,-298,0,100,0,16,62,14247.820472717285
240,-146.3,-298,0,100,0,14,62,15000.950693368912
250,-146.10000000000002,-298,0,100,0,18,62,15744.008340358734
260,-146.35000000000002,-298,0,100,0,13,62,16494.743150234222
270,-146.59999999999997,-298,0,100,0,8,62,17248.22015285492
280,-146.60000000000002,-298,0,100,0,8,62,18000.749012947083
290,-146.20000000000002,-298,0,100,0,16,62,18788.714697360992
300,-146.45,-298,0,100,0,11,62,19520.409418344498
310,-146.60000000000002,-298,0,100,0,8,62,20293.74879360199
320,-146.6,-298,0,100,0,8,62,21074.202464342117
330,-145.90000000000003,-298,0,100,0,22,62,21792.200043201447
340,-146.4,-298,0,100,0,12,62,22536.932678699493
350,-146.35000000000002,-298,0,100,0,13,62,23273.18211913109
360,-145.70000000000005,-298,0,100,0,26,62,24005.51917409897
370,-146.05,-298,0,100,0,19,62,24752.06327009201
380,-146.5,-298,0,100,0,10,62,25514.59915471077
390,-146.5,-298,0,100,0,10,62,26298.855040073395
400,-146.69999999999996,-298,0,100,0,6,62,27073.136836528778
410,-146.55,-298,0,100,0,9,62,27843.92285633087
420,-146.85,-298,0,100,0,3,62,28622.85071825981
430,-146.65,-298,0,100,0,7,62,29365.288643598557
440,-146.65,-298,0,100,0,7,62,30150.05712747574
450,-146.85,-298,0,100,0,3,62,30960.16166329384
460,-146.8,-298,0,100,0,4,62,31749.407794713974
470,-146.9,-298,0,100,0,2,62,32533.510284662247
480,-146.9,-298,0,100,0,2,62,33313.60851287842
490,-146.8,-298,0,100,0,4,62,34083.52603530884
500,-146.8,-298,0,100,0,4,62,34848.644193172455
510,-146.40000000000003,-298,0,100,0,12,62,35598.30084609985
520,-145.50000000000003,-298,0,100,0,30,62,36373.622129678726
530,-146.0,-298,0,100,0,20,62,37150.70090675354
540,-145.8,-298,0,100,0,24,62,37993.57757592201
550,-145.55,-298,0,100,0,29,62,38824.783692359924
560,-145.75000000000006,-298,0,100,0,25,62,39602.82859492302
570,-145.8,-298,0,100,0,24,62,40408.22121500969
580,-145.35000000000002,-298,0,100,0,33,62,41207.83622598648
590,-145.35000000000002,-298,0,100,0,33,62,42054.86784815788
592,-140.00000000000003,62,1,100,35,32,62,42240.326483011246
600,-145.55000000000007,-298,0,100,0,29,62,42874.11670708656
607,-139.0,62,1,100,56,22,62,43415.99132871628
610,-145.70000000000005,-298,0,100,0,26,62,43666.73905420303
620,-145.60000000000002,-298,0,100,0,28,62,44512.84320759773
630,-145.60000000000002,-298,0,100,0,28,62,45298.816405534744
640,-138.70000000000005,62,1,100,74,26,62,46052.91612005234
650,-145.70000000000002,-298,0,100,0,26,62,46916.16145467758
660,-145.60000000000002,-298,0,100,0,28,62,47755.30767536163
661,-139.90000000000003,62,1,100,39,34,62,47838.941037893295
670,-145.50000000000006,-298,0,100,0,30,62,48615.79909992218
680,-145.25000000000006,-298,0,100,0,35,62,49462.88606572151
690,-145.75000000000003,-298,0,100,0,25,62,50258.12094116211
699,-138.55000000000004,62,1,100,65,29,62,50998.538927555084
700,-145.45000000000005,-298,0,100,0,31,62,51071.95794701576
701,-138.05000000000004,62,1,100,10,33,62,51173.16098737717
703,-138.60000000000002,62,1,100,86,28,62,51342.74023771286
704,-138.90000000000003,62,1,100,51,22,62,51423.37620139122
705,-140.05,62,1,100,52,31,62,51510.8392598629
707,-139.3,62,1,100,15,14,62,51672.19921207428
708,-138.94999999999993,62,1,100,94,21,62,51783.861634492874
709,-136.45000000000005,62,1,100,17,33,62,51869.08266186714
710,-139.05,62,1,100,34,19,62,51964.13688349724
711,-138.45,62,1,100,91,31,62,52049.92092132568
713,-139.4,62,1,100,13,12,62,52230.847272634506
714,-137.10000000000002,62,1,100,10,20,62,52317.080778598785
715,-138.70000000000002,62,1,100,57,26,62,52409.11596083641
716,-137.05,62,1,100,19,21,62,52510.47899842262
718,-138.85000000000002,62,1,100,54,23,62,52689.52744650841
719,-138.75000000000003,62,1,100,49,25,62,52789.39168334007
720,-139.0,62,1,100,37,20,62,52889.007804870605
721,-137.3,62,1,100,10,16,62,52984.96124172211
722,-139.55,62,1,100,9,9,62,53074.308119535446
723,-138.8,62,1,100,49,24,62,53175.58542537689
724,-134.75,62,1,100,19,29,62,53279.97800779343
725,-139.65,62,1,100,7,7,62,53369.820011138916
726,-137.35000000000002,62,1,100,7,15,62,53467.506997823715
727,-136.85000000000002,62,1,100,7,25,62,53563.98537015915
728,-136.05,62,1,100,12,23,62,53668.0845785141
729,-134.8,62,1,100,7,28,62,53765.95993971825
730,-137.40000000000003,62,1,100,7,14,62,53860.73837399483
731,-136.55,62,1,100,6,31,62,53955.74511384964
732,-135.05,62,1,100,10,23,62,54051.76719522476
733,-138.89999999999998,62,1,100,7,16,62,54167.49492049217
734,-130.75000000000006,62,1,100,10,33,62,54269.573746442795
735,-136.25,62,1,100,19,31,62,54393.290586948395
736,-136.85000000000002,62,1,100,37,25,62,54486.10975766182
737,-137.00000000000003,62,1,100,7,22,62,54588.76124000549
738,-139.5,62,1,100,7,10,62,54683.68055820465
739,-134.30000000000004,62,1,100,7,32,62,54798.50676941872
740,-133.1,62,1,100,7,24,62,54904.99358201027
741,-138.3,62,1,100,7,28,62,54995.89251160622
742,-138.55,62,1,100,66,29,62,55089.84682583809
743,-135.20000000000005,62,1,100,7,20,62,55195.653767347336
744,-137.3,62,1,100,11,16,62,55292.561517715454
745,-139.65,62,1,100,7,7,62,55386.06018328667
746,-136.95,62,1,100,7,23,62,55477.78736257553
747,-139.5,62,1,100,10,10,62,55574.25513625145
748,-139.4,62,1,100,13,12,62,55664.95486330986
749,-137.1,62,1,100,7,20,62,55764.500370025635
750,-134.70000000000005,62,1,100,12,30,62,55861.56430053711
751,-131.05000000000004,62,1,100,7,27,62,55969.496074676514
752,-132.95000000000002,62,1,100,7,27,62,56070.29349112511
753,-137.35,62,1,100,7,15,62,56167.365312337875
754,-137.10000000000002,62,1,100,7,20,62,56279.848845005035
755,-139.65,62,1,100,7,7,62,56367.57365655899
756,-135.05,62,1,100,7,23,62,56484.85786008835
757,-139.65,62,1,100,7,7,62,56575.781438589096
758,-140.79999999999998,62,1,100,7,16,62,56676.21203041077
759,-139.65,62,1,100,7,7,62,56769.7512485981
760,-139.65,62,1,100,7,7,62,56868.64583039284
761,-137.05,62,1,100,7,21,62,56963.373185396194
762,-139.5,62,1,100,7,10,62,57055.77980709076
763,-139.0,62,1,100,20,20,62,57151.67348885536
764,-137.15000000000003,62,1,100,7,19,62,57249.46527385712
765,-139.20000000000002,62,1,100,10,16,62,57347.96338582039
766,-134.95,62,1,100,16,25,62,57457.52341532707
767,-140.79999999999995,62,1,100,13,16,62,57552.75831580162
768,-137.25,62,1,100,10,17,62,57649.94910573959
769,-139.5,62,1,100,7,10,62,57750.03229928017
770,-137.39999999999998,62,1,100,7,14,62,57856.78953003883
771,-137.05,62,1,100,7,21,62,57952.61431193352
772,-135.3,62,1,100,7,18,62,58064.88317203522
773,-132.90000000000003,62,1,100,7,28,62,58168.02975845337
774,-131.3,62,1,100,10,22,62,58276.02361083031
775,-137.45000000000002,62,1,100,7,13,62,58380.48595356941
776,-136.40000000000003,62,1,100,7,30,62,58493.06411409378
777,-129.45000000000002,62,1,100,7,21,62,58605.74353504181
778,-127.55000000000001,62,1,100,7,21,62,58720.70091176033
779,-133.55,62,1,100,7,31,62,58844.628997564316
780,-124.14999999999999,62,1,100,7,15,62,58983.38856983185
781,-130.60000000000002,62,1,100,7,30,62,59101.36630797386
782,-126.45000000000002,62,1,100,7,25,62,59218.03966712952
783,-130.05,62,1,100,10,23,62,59341.256882190704
784,-126.10000000000001,62,1,100,7,28,62,59481.71918988228
785,-127.19999999999997,62,1,100,5,24,62,59611.07829618454
786,-125.05000000000003,62,1,100,7,27,62,59731.54194045067
787,-123.5,62,1,100,5,20,62,59862.636479616165
788,-125.55,62,1,100,7,25,62,59990.214945077896
789,-128.7,62,1,100,21,30,62,60113.47892665863
790,-124.74999999999999,62,1,100,5,15,62,60246.04072642326
791,-123.64999999999998,62,1,100,7,17,62,60374.00722646713
792,-126.50000000000003,62,1,100,5,26,62,60509.59282922745
793,-131.7,62,1,100,6,30,62,60647.385347127914
794,-123.69999999999999,62,1,100,5,16,62,60796.727679252625
795,-124.79999999999997,62,1,100,5,16,62,60926.77885270119
796,-133.75000000000003,62,1,100,5,27,62,61034.070155620575
797,-126.79999999999998,62,1,100,5,20,62,61156.595464468
798,-123.69999999999997,62,1,100,5,16,62,61284.78099679947
799,-128.25000000000003,62,1,100,5,23,62,61415.562410354614
800,-125.74999999999997,62,1,100,7,15,62,61541.00413632393
801,-132.75,62,1,100,5,29,62,61667.28916501999
802,-123.14999999999999,62,1,100,7,17,62,61806.07107925415
803,-123.6,62,1,100,5,18,62,61937.266276836395
804,-124.79999999999998,62,1,100,5,16,62,62082.54270219803
805,-123.24999999999999,62,1,100,5,15,62,62233.80909156799
806,-126.95,62,1,100,5,27,62,62372.34350681305
807,-124.84999999999997,62,1,100,5,15,62,62511.15982079506
808,-122.69999999999999,62,1,100,5,24,62,62651.395282268524
809,-126.49999999999999,62,1,100,5,26,62,62776.43375706673
810,-124.94999999999997,62,1,100,5,13,62,62908.541451215744
811,-122.94999999999997,62,1,100,5,13,62,63052.686225652695
812,-123.29999999999998,62,1,100,5,24,62,63186.81687283516
813,-123.64999999999999,62,1,100,5,17,62,63322.69937992096
814,-121.29999999999998,62,1,100,5,14,62,63459.685049533844
815,-124.84999999999998,62,1,100,5,15,62,63595.54189705849
816,-124.94999999999997,62,1,100,5,13,62,63734.562208890915
817,-124.5,62,1,100,5,20,62,63869.57273745537
818,-123.6,62,1,100,5,18,62,64006.1023747921
819,-126.3,62,1,100,5,24,62,64141.69821834564
820,-123.55,62,1,100,5,19,62,64275.364790678024
821,-123.04999999999998,62,1,100,7,17,62,64405.236325502396
822,-125.6,62,1,100,5,18,62,64533.56062555313
823,-124.89999999999998,62,1,100,5,14,62,64664.231620550156
824,-122.99999999999997,62,1,100,5,12,62,64808.56461119652
825,-123.6,62,1,100,5,18,62,64946.52612423897
826,-126.34999999999997,62,1,100,5,23,62,65082.31369113922
827,-122.99999999999997,62,1,100,5,12,62,65221.24230122566
828,-123.24999999999999,62,1,100,5,15,62,65354.33897471428
829,-122.99999999999997,62,1,100,5,12,62,65500.26991558075
830,-122.99999999999997,62,1,100,5,12,62,65640.71021294594
831,-126.6,62,1,100,5,18,62,65776.08192849159
832,-124.39999999999999,62,1,100,5,22,62,65911.34021568298
833,-122.99999999999997,62,1,100,5,12,62,66061.09211301804
834,-124.84999999999998,62,1,100,5,15,62,66208.6561229229
835,-122.99999999999997,62,1,100,5,12,62,66349.71640396118
836,-122.99999999999997,62,1,100,5,12,62,66485.8052020073
837,-122.19999999999997,62,1,100,5,16,62,66623.43152022362
838,-123.64999999999998,62,1,100,5,17,62,66761.42514300346
839,-124.79999999999998,62,1,100,5,16,62,66914.31319308281
840,-122.99999999999997,62,1,100,5,12,62,67073.18375444412
841,-122.99999999999997,62,1,100,5,12,62,67211.4509177208
842,-122.99999999999997,62,1,100,5,12,62,67343.58144903183
843,-122.15,62,1,100,5,17,62,67479.22965192795
844,-123.79999999999997,62,1,100,5,14,62,67625.1893043518
845,-124.89999999999999,62,1,100,5,20,62,67752.78099393845
846,-122.99999999999997,62,1,100,5,12,62,67890.87518763542
847,-122.99999999999997,62,1,100,5,12,62,68027.55224323273
848,-122.99999999999999,62,1,100,5,12,62,68172.14774298668
849,-122.99999999999999,62,1,100,5,12,62,68318.79583621025
850,-122.89999999999998,62,1,100,5,14,62,68464.15086340904
851,-122.99999999999999,62,1,100,5,12,62,68604.02831315994
852,-122.99999999999999,62,1,100,5,12,62,68741.0428416729
853,-123.19999999999997,62,1,100,5,8,62,68879.2624323368
854,-123.69999999999999,62,1,100,5,16,62,69016.8536040783
855,-122.99999999999997,62,1,100,5,12,62,69163.54116892815
856,-123.19999999999997,62,1,100,5,8,62,69315.3726117611
857,-122.99999999999999,62,1,100,5,12,62,69475.2363755703
858,-123.19999999999997,62,1,100,5,8,62,69614.62609601021
859,-124.94999999999997,62,1,100,5,13,62,69767.5080382824
860,-122.05,62,1,100,5,19,62,69902.072524786
861,-122.99999999999999,62,1,100,5,12,62,70040.3101477623
862,-122.24999999999999,62,1,100,5,15,62,70173.14884352684
863,-123.19999999999997,62,1,100,5,8,62,70312.84298706055
864,-123.19999999999997,62,1,100,5,8,62,70446.79168510437
865,-125.04999999999998,62,1,100,5,11,62,70586.63646507263
866,-121.29999999999998,62,1,100,8,14,62,70724.30431032181
867,-121.39999999999999,62,1,100,5,12,62,70864.0289375782
868,-123.14999999999998,62,1,100,5,9,62,71003.25919485092
869,-122.89999999999999,62,1,100,5,14,62,71140.48021292686
870,-122.99999999999999,62,1,100,5,12,62,71277.61072921753
871,-123.14999999999998,62,1,100,5,9,62,71416.77144503593
872,-123.19999999999997,62,1,100,5,8,62,71553.54877138138
873,-123.19999999999997,62,1,100,5,8,62,71690.31145310402
874,-123.19999999999997,62,1,100,5,8,62,71827.39776206017
875,-123.19999999999997,62,1,100,5,8,62,71978.61175704002
876,-123.19999999999997,62,1,100,5,8,62,72122.68578672409
877,-123.19999999999997,62,1,100,5,8,62,72258.27307224274
878,-123.19999999999997,62,1,100,5,8,62,72395.57256865501
879,-122.99999999999999,62,1,100,5,12,62,72534.158577919
880,-122.99999999999997,62,1,100,5,12,62,72670.53172850609
881,-123.19999999999997,62,1,100,5,8,62,72807.92918896675
882,-121.39999999999999,62,1,100,5,12,62,72946.12229514122
883,-123.04999999999997,62,1,100,5,11,62,73078.99338054657
884,-122.99999999999999,62,1,100,5,12,62,73217.2085442543
885,-122.15,62,1,100,5,17,62,73365.98587155342
886,-123.19999999999997,62,1,100,5,8,62,73511.6693110466
887,-123.19999999999997,62,1,100,5,8,62,73643.4430296421
888,-122.99999999999997,62,1,100,5,12,62,73781.91729736328
889,-125.14999999999998,62,1,100,5,9,62,73916.55879807472
890,-122.94999999999997,62,1,100,5,13,62,74052.80726027489
891,-122.99999999999999,62,1,100,5,12,62,74191.08457708359
892,-123.19999999999997,62,1,100,5,8,62,74323.34718823433
893,-123.19999999999997,62,1,100,5,8,62,74464.52314639091
894,-124.04999999999998,62,1,100,5,11,62,74598.48330712318
895,-123.05,62,1,100,5,19,62,74741.87128567696
896,-122.89999999999999,62,1,100,5,14,62,74874.65454316139
897,-123.04999999999997,62,1,100,5,11,62,75012.93732881546
898,-123.19999999999997,62,1,100,5,8,62,75146.242654562
899,-122.99999999999997,62,1,100,5,12,62,75279.07811880112
900,-125.04999999999998,62,1,100,5,11,62,75416.30270171165
901,-123.19999999999997,62,1,100,5,8,62,75561.59151601791
902,-123.19999999999997,62,1,100,5,8,62,75701.58308720589
903,-123.19999999999997,62,1,100,5,8,62,75833.11518383026
904,-123.19999999999997,62,1,100,5,8,62,75982.34913539886
905,-123.19999999999997,62,1,100,5,8,62,76120.82868218422
906,-123.19999999999997,62,1,100,5,8,62,76252.26163387299
907,-122.99999999999999,62,1,100,5,12,62,76388.99544072151
908,-123.19999999999997,62,1,100,5,8,62,76543.24817061424
909,-122.99999999999997,62,1,100,5,12,62,76679.76195573807
910,-123.19999999999997,62,1,100,5,8,62,76814.7168662548
911,-122.39999999999998,62,1,100,5,12,62,76958.25275731087
912,-123.19999999999997,62,1,100,5,8,62,77124.23497533798
913,-123.19999999999997,62,1,100,5,8,62,77299.50635385513
914,-122.99999999999997,62,1,100,5,12,62,77462.26353430748
915,-123.19999999999997,62,1,100,5,8,62,77613.41976761818
916,-122.89999999999999,62,1,100,5,14,62,77759.199406147
917,-122.99999999999997,62,1,100,5,12,62,77903.82162642479
918,-123.19999999999997,62,1,100,5,8,62,78099.63670563698
919,-123.19999999999997,62,1,100,5,8,62,78238.84597206116
920,-123.19999999999997,62,1,100,5,8,62,78376.7776184082
921,-123.19999999999997,62,1,100,5,8,62,78518.04394316673
922,-123.19999999999997,62,1,100,5,8,62,78655.12074232101
923,-123.19999999999997,62,1,100,5,8,62,78791.61349344254
924,-123.19999999999997,62,1,100,5,8,62,78937.97991323471
925,-123.19999999999997,62,1,100,5,8,62,79085.2310423851
926,-123.19999999999997,62,1,100,5,8,62,79241.92377233505
927,-123.19999999999997,62,1,100,5,8,62,79400.22166252136
928,-123.19999999999997,62,1,100,5,8,62,79541.91741490364
929,-123.19999999999997,62,1,100,5,8,62,79695.2901353836
930,-122.99999999999999,62,1,100,5,12,62,79841.09440588951
931,-123.19999999999997,62,1,100,5,8,62,79991.55061078072
932,-123.19999999999997,62,1,100,5,8,62,80126.86159729958
933,-123.14999999999998,62,1,100,5,9,62,80263.57813549042
934,-123.19999999999997,62,1,100,5,8,62,80402.78106689453
935,-123.19999999999997,62,1,100,5,8,62,80557.04598426819
936,-123.19999999999997,62,1,100,5,8,62,80694.05989527702
937,-123.09999999999998,62,1,100,5,10,62,80831.29331040382
938,-123.19999999999997,62,1,100,5,8,62,80967.3883087635
939,-122.99999999999999,62,1,100,5,12,62,81106.83477663994
940,-123.19999999999997,62,1,100,5,8,62,81249.1807770729
941,-123.19999999999997,62,1,100,5,8,62,81387.02327346802
942,-123.19999999999997,62,1,100,5,8,62,81524.36996507645
943,-123.19999999999997,62,1,100,5,8,62,81663.85171556473
944,-123.19999999999997,62,1,100,5,8,62,81805.32285475731
945,-122.39999999999999,62,1,100,5,12,62,81946.5201845169
946,-123.19999999999997,62,1,100,5,8,62,82088.85430240631
947,-123.14999999999998,62,1,100,5,9,62,82236.7806212902
948,-124.14999999999998,62,1,100,5,9,62,82393.61951613426
949,-123.19999999999997,62,1,100,5,8,62,82539.79179739952
950,-122.99999999999997,62,1,100,5,12,62,82678.55169248581
951,-123.19999999999997,62,1,100,5,8,62,82814.75530600548
952,-122.99999999999999,62,1,100,5,12,62,82957.86095070839
953,-122.15,62,1,100,5,17,62,83111.67056322098
954,-122.99999999999999,62,1,100,5,12,62,83248.80000519753
955,-123.19999999999997,62,1,100,5,8,62,83383.86799764633
956,-123.19999999999997,62,1,100,5,8,62,83524.80500006676
957,-123.19999999999997,62,1,100,5,8,62,83673.42759919167
958,-123.19999999999997,62,1,100,5,8,62,83811.5085105896
959,-123.19999999999997,62,1,100,5,8,62,83947.05655431747
960,-123.19999999999997,62,1,100,5,8,62,84080.12570643425
961,-123.19999999999997,62,1,100,5,8,62,84222.86184072495
962,-122.99999999999999,62,1,100,5,12,62,84360.57516741753
963,-123.50000000000001,62,1,100,5,20,62,84493.00511431694
964,-123.19999999999997,62,1,100,5,8,62,84627.80214643478
965,-123.19999999999997,62,1,100,5,8,62,84762.61479902267
966,-123.19999999999997,62,1,100,5,8,62,84895.67291259766
967,-122.99999999999999,62,1,100,5,12,62,85031.53382658958
968,-123.19999999999997,62,1,100,5,8,62,85174.37426662445
969,-123.19999999999997,62,1,100,5,8,62,85310.22819018364
970,-123.19999999999997,62,1,100,5,8,62,85444.06435847282
971,-122.99999999999997,62,1,100,5,12,62,85586.99947428703
972,-123.19999999999997,62,1,100,5,8,62,85727.67257213593
973,-123.19999999999997,62,1,100,5,8,62,85873.12563252449
974,-123.19999999999997,62,1,100,5,8,62,86010.9678030014
975,-123.19999999999997,62,1,100,5,8,62,86148.10154891014
976,-123.19999999999997,62,1,100,5,8,62,86297.9223742485
977,-123.19999999999997,62,1,100,5,8,62,86436.85720300674
978,-122.99999999999997,62,1,100,5,12,62,86583.91258192062
979,-123.19999999999997,62,1,100,5,8,62,86724.90171384811
980,-123.19999999999997,62,1,100,5,8,62,86860.04446315765
981,-123.19999999999997,62,1,100,5,8,62,87006.47301506996
982,-123.19999999999997,62,1,100,5,8,62,87152.59616947174
983,-123.19999999999997,62,1,100,5,8,62,87300.81096410751
984,-123.19999999999997,62,1,100,5,8,62,87476.46827936172
985,-123.19999999999997,62,1,100,5,8,62,87622.9456140995
986,-123.19999999999997,62,1,100,5,8,62,87780.3991932869
987,-123.19999999999997,62,1,100,5,8,62,87927.08486795425
988,-123.19999999999997,62,1,100,5,8,62,88064.78177714348
989,-123.19999999999997,62,1,100,5,8,62,88219.46045517921
990,-123.19999999999997,62,1,100,5,8,62,88372.6609082222
991,-124.94999999999999,62,1,100,5,13,62,88534.3897368908
992,-123.19999999999997,62,1,100,5,8,62,88673.39737796783
993,-123.19999999999997,62,1,100,5,8,62,88833.91923546791
994,-123.19999999999997,62,1,100,5,8,62,89003.71164655685
995,-123.19999999999997,62,1,100,5,8,62,89151.02219700813
996,-123.19999999999997,62,1,100,5,8,62,89318.63292050362
997,-123.19999999999997,62,1,100,5,8,62,89462.68192386627
998,-123.19999999999997,62,1,100,5,8,62,89608.86519265175
999,-123.19999999999997,62,1,100,5,8,62,89747.36875343323
1000,-123.19999999999997,62,1,100,5,8,62,89890.03794574738
1001,-123.19999999999997,62,1,100,5,8,62,90030.81904792786
1002,-123.19999999999997,62,1,100,5,8,62,90162.8838531971
1003,-123.19999999999997,62,1,100,5,8,62,90301.56571602821
1004,-124.94999999999997,62,1,100,5,13,62,90436.93447780609
1005,-123.19999999999997,62,1,100,5,8,62,90571.50406956673
1006,-123.19999999999997,62,1,100,5,8,62,90700.55833649635
1007,-123.19999999999997,62,1,100,5,8,62,90832.84298825264
1008,-123.19999999999997,62,1,100,5,8,62,90973.6314907074
1009,-123.19999999999997,62,1,100,5,8,62,91107.7128868103
1010,-123.19999999999997,62,1,100,5,8,62,91259.36678862572
1011,-123.19999999999997,62,1,100,5,8,62,91408.30411577225
1012,-123.19999999999997,62,1,100,5,8,62,91579.09451460838
1013,-123.19999999999997,62,1,100,5,8,62,91724.02779841423
1014,-123.19999999999997,62,1,100,5,8,62,91863.95318937302
1015,-123.19999999999997,62,1,100,5,8,62,92003.40191268921
1016,-123.19999999999997,62,1,100,5,8,62,92149.24544167519
1017,-123.19999999999997,62,1,100,5,8,62,92303.73617005348
1018,-123.19999999999997,62,1,100,5,8,62,92440.14703249931
1019,-123.19999999999997,62,1,100,5,8,62,92578.0851085186
1020,-123.19999999999997,62,1,100,5,8,62,92716.58575296402
1021,-123.19999999999997,62,1,100,5,8,62,92856.13076210022
1022,-123.19999999999997,62,1,100,5,8,62,92999.90469193459
1023,-123.19999999999997,62,1,100,5,8,62,93151.09506583214
1024,-123.19999999999997,62,1,100,5,8,62,93296.12353420258
1025,-123.19999999999997,62,1,100,5,8,62,93433.80468416214
1026,-123.19999999999997,62,1,100,5,8,62,93572.39448142052
1027,-123.19999999999997,62,1,100,5,8,62,93704.70141386986
1028,-123.19999999999997,62,1,100,5,8,62,93844.64470028877
1029,-123.09999999999998,62,1,100,5,10,62,93977.70851397514
1030,-123.19999999999997,62,1,100,5,8,62,94122.695592165
1031,-123.19999999999997,62,1,100,5,8,62,94266.49969005585
1032,-123.04999999999998,62,1,100,5,11,62,94400.26275539398
1033,-123.19999999999997,62,1,100,5,8,62,94538.80423569679
1034,-123.04999999999998,62,1,100,5,11,62,94671.40425825119
1035,-123.19999999999997,62,1,100,5,8,62,94814.47379016876
1036,-123.19999999999997,62,1,100,5,8,62,94962.53636717796
1037,-123.19999999999997,62,1,100,5,8,62,95101.69641065598
1038,-122.99999999999997,62,1,100,5,12,62,95248.11880803108
1039,-123.19999999999997,62,1,100,5,8,62,95396.57109975815
1040,-123.19999999999997,62,1,100,5,8,62,95538.41557574272
1041,-123.19999999999997,62,1,100,5,8,62,95675.79165530205
1042,-123.19999999999997,62,1,100,5,8,62,95813.02175617218
1043,-123.19999999999997,62,1,100,5,8,62,95944.61724114418
1044,-123.19999999999997,62,1,100,5,8,62,96094.05135679245
1045,-123.19999999999997,62,1,100,5,8,62,96231.92834281921
1046,-123.19999999999997,62,1,100,5,8,62,96365.01696968079
1047,-123.19999999999997,62,1,100,5,8,62,96504.398884058
1048,-123.19999999999997,62,1,100,5,8,62,96661.32980203629
1049,-123.19999999999997,62,1,100,5,8,62,96800.79902601242
1050,-123.19999999999997,62,1,100,5,8,62,96937.83250236511
1051,-123.19999999999997,62,1,100,5,8,62,97071.24804639816
1052,-123.19999999999997,62,1,100,5,8,62,97207.2988781929
1053,-123.19999999999997,62,1,100,5,8,62,97343.58908772469
1054,-123.19999999999997,62,1,100,5,8,62,97478.08890414238
1055,-123.19999999999997,62,1,100,5,8,62,97625.08686208725
1056,-123.19999999999997,62,1,100,5,8,62,97761.65538954735
1057,-123.19999999999997,62,1,100,5,8,62,97892.77001786232
1058,-123.19999999999997,62,1,100,5,8,62,98025.68784070015
1059,-122.39999999999998,62,1,100,5,12,62,98158.65737557411
1060,-123.19999999999997,62,1,100,5,8,62,98288.80250906944
1061,-123.09999999999998,62,1,100,5,10,62,98418.3358078003
1062,-123.19999999999997,62,1,100,5,8,62,98555.62178254128
1063,-123.19999999999997,62,1,100,5,8,62,98691.32667374611
1064,-123.19999999999997,62,1,100,5,8,62,98830.33831048012
1065,-123.19999999999997,62,1,100,5,8,62,98962.79209136963
1066,-121.39999999999999,62,1,100,5,12,62,99090.41354894638
1067,-123.19999999999997,62,1,100,5,8,62,99246.34799647331
1068,-123.19999999999997,62,1,100,5,8,62,99394.93832468987
1069,-123.19999999999997,62,1,100,5,8,62,99532.25998926163
1070,-123.19999999999997,62,1,100,5,8,62,99665.51861286163
1071,-123.19999999999997,62,1,100,5,8,62,99799.85381793976
1072,-121.39999999999999,62,1,100,5,12,62,99938.45603752136
1073,-122.39999999999999,62,1,100,5,12,62,100073.64281225204
1074,-125.04999999999998,62,1,100,5,11,62,100217.80844926834
1075,-123.19999999999997,62,1,100,5,8,62,100349.57936429977
1076,-123.19999999999997,62,1,100,5,8,62,100494.09104800224
1077,-123.19999999999997,62,1,100,5,8,62,100643.47664427757
1078,-123.19999999999997,62,1,100,5,8,62,100782.90330672264
1079,-122.39999999999999,62,1,100,5,12,62,100911.0653591156
1080,-123.19999999999997,62,1,100,5,8,62,101051.97079753876
1081,-123.19999999999997,62,1,100,5,8,62,101190.50223088264
1082,-123.19999999999997,62,1,100,5,8,62,101321.71177148819
1083,-123.19999999999997,62,1,100,5,8,62,101451.36646795273
1084,-123.19999999999997,62,1,100,5,8,62,101581.06327819824
1085,-123.19999999999997,62,1,100,5,8,62,101713.8256316185
1086,-123.19999999999997,62,1,100,5,8,62,101852.05570816994
1087,-123.19999999999997,62,1,100,5,8,62,101983.57156562805
1088,-123.19999999999997,62,1,100,5,8,62,102113.00180912018
1089,-123.19999999999997,62,1,100,5,8,62,102246.82074451447
1090,-123.19999999999997,62,1,100,5,8,62,102392.58346962929
1091,-123.19999999999997,62,1,100,5,8,62,102530.80340480804
1092,-123.19999999999997,62,1,100,5,8,62,102667.38705039024
1093,-123.19999999999997,62,1,100,5,8,62,102801.62091469765
1094,-123.19999999999997,62,1,100,5,8,62,102938.87063026428
1095,-123.19999999999997,62,1,100,5,8,62,103070.27333712578
1096,-123.19999999999997,62,1,100,5,8,62,103198.9701731205
1097,-123.19999999999997,62,1,100,5,8,62,103333.4152200222
1098,-123.19999999999997,62,1,100,5,8,62,103462.68463349342
1099,-123.19999999999997,62,1,100,5,8,62,103597.72250056267
1100,-123.19999999999997,62,1,100,5,8,62,103727.22715854645
1101,-123.19999999999997,62,1,100,5,8,62,103865.0080666542
1102,-123.19999999999997,62,1,100,5,8,62,103997.00538086891
1103,-123.19999999999997,62,1,100,5,8,62,104144.2493801117
1104,-123.19999999999997,62,1,100,5,8,62,104285.59535980225
1105,-123.19999999999997,62,1,100,5,8,62,104425.74030041695
1106,-123.19999999999997,62,1,100,5,8,62,104556.37063121796
1107,-123.19999999999997,62,1,100,5,8,62,104686.7187423706
1108,-123.19999999999997,62,1,100,5,8,62,104819.86048483849
1109,-123.19999999999997,62,1,100,5,8,62,104948.42833805084
1110,-123.19999999999997,62,1,100,5,8,62,105080.10512566566
1111,-123.19999999999997,62,1,100,5,8,62,105208.89404010773
1112,-123.19999999999997,62,1,100,5,8,62,105342.6290113926
1113,-123.19999999999997,62,1,100,5,8,62,105476.41554641724
1114,-123.19999999999997,62,1,100,5,8,62,105605.46638965607
1115,-123.19999999999997,62,1,100,5,8,62,105736.37377786636
1116,-123.19999999999997,62,1,100,5,8,62,105867.74123477936
1117,-123.19999999999997,62,1,100,5,8,62,106005.20106387138
1118,-123.19999999999997,62,1,100,5,8,62,106135.10945916176
1119,-123.19999999999997,62,1,100,5,8,62,106273.84800243378
1120,-123.19999999999997,62,1,100,5,8,62,106405.23622965813
1121,-123.19999999999997,62,1,100,5,8,62,106542.28235244751
1122,-123.19999999999997,62,1,100,5,8,62,106672.90926170349
1123,-123.19999999999997,62,1,100,5,8,62,106801.65758657455
1124,-123.19999999999997,62,1,100,5,8,62,106934.63001561165
1125,-123.19999999999997,62,1,100,5,8,62,107064.41914653778
1126,-123.19999999999997,62,1,100,5,8,62,107202.45814585686
1127,-123.19999999999997,62,1,100,5,8,62,107339.53510451317
1128,-123.19999999999997,62,1,100,5,8,62,107472.97076249123
1129,-123.19999999999997,62,1,100,5,8,62,107609.4319331646
1130,-123.19999999999997,62,1,100,5,8,62,107736.14077496529
1131,-123.19999999999997,62,1,100,5,8,62,107871.23316812515
1132,-121.39999999999999,62,1,100,5,12,62,108006.99772334099
1133,-123.19999999999997,62,1,100,5,8,62,108138.02286529541
1134,-123.19999999999997,62,1,100,5,8,62,108266.79107737541
1135,-123.19999999999997,62,1,100,5,8,62,108403.97850441933
1136,-123.19999999999997,62,1,100,5,8,62,108534.6013276577
1137,-123.19999999999997,62,1,100,5,8,62,108667.35430932045
1138,-123.19999999999997,62,1,100,5,8,62,108799.28744506836
1139,-122.39999999999998,62,1,100,5,12,62,108932.41972136497
1140,-122.39999999999998,62,1,100,5,12,62,109064.08049917221
1141,-123.19999999999997,62,1,100,5,8,62,109199.28761482239
1142,-123.19999999999997,62,1,100,5,8,62,109330.10005068779
1143,-123.19999999999997,62,1,100,5,8,62,109459.1206548214
1144,-123.19999999999997,62,1,100,5,8,62,109597.08502268791
1145,-123.19999999999997,62,1,100,5,8,62,109738.30229616165
1146,-123.19999999999997,62,1,100,5,8,62,109871.20774888992
1147,-123.19999999999997,62,1,100,5,8,62,110013.10195636749
1148,-123.19999999999997,62,1,100,5,8,62,110146.70842838287
1149,-123.19999999999997,62,1,100,5,8,62,110288.86013579369
1150,-123.19999999999997,62,1,100,5,8,62,110426.35169696808
1151,-123.19999999999997,62,1,100,5,8,62,110559.2340452671
1152,-123.19999999999997,62,1,100,5,8,62,110686.0067050457
1153,-123.94999999999999,62,1,100,5,11,62,110814.81979346275
1154,-123.19999999999997,62,1,100,5,8,62,110952.40363430977
1155,-123.19999999999997,62,1,100,5,8,62,111083.865275383
1156,-123.19999999999997,62,1,100,5,8,62,111223.52581763268
1157,-123.19999999999997,62,1,100,5,8,62,111353.64109063148
1158,-123.19999999999997,62,1,100,5,8,62,111486.3755850792
1159,-123.19999999999997,62,1,100,5,8,62,111622.96561551094
1160,-123.19999999999997,62,1,100,5,8,62,111756.59013199806
1161,-123.19999999999997,62,1,100,5,8,62,111901.36440587044
1162,-123.19999999999997,62,1,100,5,8,62,112029.38431954384
1163,-123.19999999999997,62,1,100,5,8,62,112163.29365897179
1164,-123.19999999999997,62,1,100,5,8,62,112300.4464302063
1165,-123.19999999999997,62,1,100,5,8,62,112436.41182041168
1166,-123.19999999999997,62,1,100,5,8,62,112566.07962203026
1167,-123.19999999999997,62,1,100,5,8,62,112700.86739182472
1168,-123.19999999999997,62,1,100,5,8,62,112831.05230855942
1169,-123.19999999999997,62,1,100,5,8,62,112960.96175193787
1170,-123.19999999999997,62,1,100,5,8,62,113111.23268580437
1171,-123.19999999999997,62,1,100,5,8,62,113240.68883609772
1172,-123.19999999999997,62,1,100,5,8,62,113375.24998116493
1173,-123.19999999999997,62,1,100,5,8,62,113511.05886268616
1174,-123.19999999999997,62,1,100,5,8,62,113644.61479377747
1175,-123.19999999999997,62,1,100,5,8,62,113773.92912244797
1176,-123.19999999999997,62,1,100,5,8,62,113903.75472283363
1177,-123.19999999999997,62,1,100,5,8,62,114039.56941390038
1178,-123.19999999999997,62,1,100,5,8,62,114175.80585432053
1179,-123.19999999999997,62,1,100,5,8,62,114303.77343249321
1180,-123.19999999999997,62,1,100,5,8,62,114434.63840556145
1181,-123.19999999999997,62,1,100,5,8,62,114567.27814030647
1182,-123.19999999999997,62,1,100,5,8,62,114698.33118486404
1183,-123.19999999999997,62,1,100,5,8,62,114829.06935453415
1184,-123.19999999999997,62,1,100,5,8,62,114959.76838541031
1185,-123.19999999999997,62,1,100,5,8,62,115096.681599617
1186,-123.19999999999997,62,1,100,5,8,62,115226.62744188309
1187,-123.19999999999997,62,1,100,5,8,62,115356.74014759064
1188,-123.19999999999997,62,1,100,5,8,62,115485.60117554665
1189,-123.19999999999997,62,1,100,5,8,62,115623.47241592407
1190,-123.19999999999997,62,1,100,5,8,62,115759.0892856121
1191,-123.19999999999997,62,1,100,5,8,62,115901.60986924171
1192,-123.19999999999997,62,1,100,5,8,62,116030.689889431
1193,-122.99999999999999,62,1,100,5,12,62,116159.32000756264
1194,-123.19999999999997,62,1,100,5,8,62,116287.72227740288
1195,-122.99999999999999,62,1,100,5,12,62,116435.03257799149
1196,-123.19999999999997,62,1,100,5,8,62,116572.52238225937
1197,-123.19999999999997,62,1,100,5,8,62,116712.91016626358
1198,-123.19999999999997,62,1,100,5,8,62,116842.0346519947
1199,-123.19999999999997,62,1,100,5,8,62,116974.23420071602
1200,-123.19999999999997,62,1,100,5,8,62,117109.10633039474
1201,-123.19999999999997,62,1,100,5,8,62,117253.86189627647
1202,-123.19999999999997,62,1,100,5,8,62,117382.84625029564
1203,-123.19999999999997,62,1,100,5,8,62,117514.8451962471
1204,-123.19999999999997,62,1,100,5,8,62,117658.40411782265
1205,-123.19999999999997,62,1,100,5,8,62,117785.26578855515
1206,-123.19999999999997,62,1,100,5,8,62,117921.6967356205
1207,-123.19999999999997,62,1,100,5,8,62,118053.52144026756
1208,-123.19999999999997,62,1,100,5,8,62,118179.04914093018
1209,-123.19999999999997,62,1,100,5,8,62,118330.87840533257
1210,-123.19999999999997,62,1,100,5,8,62,118457.21359992027
1211,-123.14999999999998,62,1,100,5,9,62,118590.35365509987
1212,-122.99999999999999,62,1,100,5,12,62,118714.73918414116
1213,-123.19999999999997,62,1,100,5,8,62,118842.67581510544
1214,-123.19999999999997,62,1,100,5,8,62,118977.31495857239
1215,-123.19999999999997,62,1,100,5,8,62,119104.74886035919
1216,-123.19999999999997,62,1,100,5,8,62,119230.71651649475
1217,-123.19999999999997,62,1,100,5,8,62,119359.58648395538
1218,-123.19999999999997,62,1,100,5,8,62,119492.63589024544
1219,-123.19999999999997,62,1,100,5,8,62,119622.19759011269
1220,-123.19999999999997,62,1,100,5,8,62,119747.23313760757
1221,-123.19999999999997,62,1,100,5,8,62,119873.1241800785
1222,-123.19999999999997,62,1,100,5,8,62,120011.21255493164
1223,-123.19999999999997,62,1,100,5,8,62,120136.32843708992
1224,-123.19999999999997,62,1,100,5,8,62,120269.32685375214
1225,-123.19999999999997,62,1,100,5,8,62,120397.75529193878
1226,-123.19999999999997,62,1,100,5,8,62,120524.24987053871
1227,-122.39999999999998,62,1,100,5,12,62,120654.4092001915
1228,-123.19999999999997,62,1,100,5,8,62,120791.20357513428
1229,-123.19999999999997,62,1,100,5,8,62,120919.32047009468
1230,-123.19999999999997,62,1,100,5,8,62,121043.62404537201
1231,-123.19999999999997,62,1,100,5,8,62,121186.64880728722
1232,-123.19999999999997,62,1,100,5,8,62,121318.85774350166
1233,-123.19999999999997,62,1,100,5,8,62,121451.63857650757
1234,-123.19999999999997,62,1,100,5,8,62,121578.3081548214
1235,-123.19999999999997,62,1,100,5,8,62,121704.99056386948
1236,-123.19999999999997,62,1,100,5,8,62,121848.73996090889
1237,-123.19999999999997,62,1,100,5,8,62,121981.64231777191
1238,-123.19999999999997,62,1,100,5,8,62,122114.76141619682
1239,-123.19999999999997,62,1,100,5,8,62,122241.91159391403
1240,-123.19999999999997,62,1,100,5,8,62,122370.81514024734
1241,-123.19999999999997,62,1,100,5,8,62,122499.46255254745
1242,-123.19999999999997,62,1,100,5,8,62,122630.11691761017
1243,-123.19999999999997,62,1,100,5,8,62,122767.75284910202
1244,-123.19999999999997,62,1,100,5,8,62,122892.05060601234
1245,-123.19999999999997,62,1,100,5,8,62,123025.34546136856
1246,-123.19999999999997,62,1,100,5,8,62,123152.38104915619
1247,-123.19999999999997,62,1,100,5,8,62,123289.96955013275
1248,-122.99999999999997,62,1,100,5,12,62,123418.0373942852
1249,-123.19999999999997,62,1,100,5,8,62,123546.56972789764
1250,-123.19999999999997,62,1,100,5,8,62,123674.9197564125
1251,-123.19999999999997,62,1,100,5,8,62,123809.0268266201
1252,-123.19999999999997,62,1,100,5,8,62,123944.04437994957
1253,-123.19999999999997,62,1,100,5,8,62,124070.59978032112
1254,-123.19999999999997,62,1,100,5,8,62,124203.52510285378
1255,-123.19999999999997,62,1,100,5,8,62,124335.48075246811
1256,-123.19999999999997,62,1,100,5,8,62,124462.80027532578
1257,-123.19999999999997,62,1,100,5,8,62,124597.77012372017
1258,-124.14999999999998,62,1,100,5,9,62,124730.92695045471
1259,-123.19999999999997,62,1,100,5,8,62,124866.05794453621
1260,-123.19999999999997,62,1,100,5,8,62,124998.23093509674
1261,-123.19999999999997,62,1,100,5,8,62,125126.05774593353
1262,-123.19999999999997,62,1,100,5,8,62,125253.20656013489
1263,-123.19999999999997,62,1,100,5,8,62,125382.22292780876
1264,-123.19999999999997,62,1,100,5,8,62,125525.68649816513
1265,-123.19999999999997,62,1,100,5,8,62,125659.16094303131
1266,-123.19999999999997,62,1,100,5,8,62,125792.37416791916
1267,-123.19999999999997,62,1,100,5,8,62,125916.94551301003
1268,-123.19999999999997,62,1,100,5,8,62,126046.37070655823
1269,-123.19999999999997,62,1,100,5,8,62,126182.79076647758
1270,-123.19999999999997,62,1,100,5,8,62,126315.30188965797
1271,-123.19999999999997,62,1,100,5,8,62,126440.57063055038
1272,-123.19999999999997,62,1,100,5,8,62,126568.12751150131
1273,-123.19999999999997,62,1,100,5,8,62,126700.64709091187
1274,-123.19999999999997,62,1,100,5,8,62,126827.25916194916
1275,-123.19999999999997,62,1,100,5,8,62,126953.83613157272
1276,-123.19999999999997,62,1,100,5,8,62,127078.37507200241
1277,-123.19999999999997,62,1,100,5,8,62,127209.78654527664
1278,-123.19999999999997,62,1,100,5,8,62,127337.85408401489
1279,-123.19999999999997,62,1,100,5,8,62,127479.79360771179
1280,-123.19999999999997,62,1,100,5,8,62,127604.05637717247
1281,-123.19999999999997,62,1,100,5,8,62,127735.3315589428
1282,-123.19999999999997,62,1,100,5,8,62,127860.61591911316
1283,-123.19999999999997,62,1,100,5,8,62,127995.25703310966
1284,-123.19999999999997,62,1,100,5,8,62,128127.77882671356
1285,-123.19999999999997,62,1,100,5,8,62,128253.83719182014
1286,-123.19999999999997,62,1,100,5,8,62,128392.82918310165
1287,-123.19999999999997,62,1,100,5,8,62,128529.61491012573
1288,-123.19999999999997,62,1,100,5,8,62,128667.77060985565
1289,-123.19999999999997,62,1,100,5,8,62,128799.01609277725
1290,-123.19999999999997,62,1,100,5,8,62,128923.22797346115
1291,-123.19999999999997,62,1,100,5,8,62,129052.21892738342
1292,-123.19999999999997,62,1,100,5,8,62,129186.559071064
1293,-123.19999999999997,62,1,100,5,8,62,129310.16395139694
1294,-123.19999999999997,62,1,100,5,8,62,129433.77923774719
1295,-123.19999999999997,62,1,100,5,8,62,129570.95304894447
1296,-123.19999999999997,62,1,100,5,8,62,129703.87793183327
1297,-123.19999999999997,62,1,100,5,8,62,129831.61249113083
1298,-123.19999999999997,62,1,100,5,8,62,129960.79442358017
1299,-123.19999999999997,62,1,100,5,8,62,130086.57656431198
1300,-123.19999999999997,62,1,100,5,8,62,130213.14779543877
1301,-123.19999999999997,62,1,100,5,8,62,130351.59217047691
1302,-123.19999999999997,62,1,100,5,8,62,130488.4028775692
1303,-123.19999999999997,62,1,100,5,8,62,130614.38237166405
1304,-123.19999999999997,62,1,100,5,8,62,130746.28295469284
1305,-123.19999999999997,62,1,100,5,8,62,130877.50498247147
1306,-123.19999999999997,62,1,100,5,8,62,131004.04434299469
1307,-123.19999999999997,62,1,100,5,8,62,131133.39734768867
1308,-123.19999999999997,62,1,100,5,8,62,131258.3669271469
1309,-123.19999999999997,62,1,100,5,8,62,131392.18957948685
1310,-123.19999999999997,62,1,100,5,8,62,131527.39487814903
1311,-123.19999999999997,62,1,100,5,8,62,131667.98579597473
1312,-123.19999999999997,62,1,100,5,8,62,131803.05339479446
1313,-123.19999999999997,62,1,100,5,8,62,131950.16205310822
1314,-123.19999999999997,62,1,100,5,8,62,132093.91560053825
1315,-123.19999999999997,62,1,100,5,8,62,132248.81108355522
1316,-123.19999999999997,62,1,100,5,8,62,132399.4983804226
1317,-123.19999999999997,62,1,100,5,8,62,132534.57052016258
1318,-123.19999999999997,62,1,100,5,8,62,132672.99913072586
1319,-123.19999999999997,62,1,100,5,8,62,132808.69688272476
1320,-123.19999999999997,62,1,100,5,8,62,132955.99426174164
1321,-123.19999999999997,62,1,100,5,8,62,133092.15151166916
1322,-123.19999999999997,62,1,100,5,8,62,133228.19240927696
1323,-123.19999999999997,62,1,100,5,8,62,133357.2250676155
1324,-123.19999999999997,62,1,100,5,8,62,133501.9390349388
1325,-123.19999999999997,62,1,100,5,8,62,133661.26698470116
1326,-123.19999999999997,62,1,100,5,8,62,133797.87347841263
1327,-123.19999999999997,62,1,100,5,8,62,133945.12074398994
1328,-123.14999999999998,62,1,100,5,9,62,134084.7126238346
1329,-123.19999999999997,62,1,100,5,8,62,134225.33219099045
1330,-123.19999999999997,62,1,100,5,8,62,134380.76621580124
1331,-123.19999999999997,62,1,100,5,8,62,134523.12819457054
1332,-123.19999999999997,62,1,100,5,8,62,134683.6566441059
1333,-123.19999999999997,62,1,100,5,8,62,134824.58636713028
1334,-123.19999999999997,62,1,100,5,8,62,134972.66772079468
1335,-123.19999999999997,62,1,100,5,8,62,135117.2723543644
1336,-123.19999999999997,62,1,100,5,8,62,135259.73924708366
1337,-123.19999999999997,62,1,100,5,8,62,135407.6855187416
1338,-123.19999999999997,62,1,100,5,8,62,135560.72691178322
1339,-123.19999999999997,62,1,100,5,8,62,135711.52100729942
1340,-123.19999999999997,62,1,100,5,8,62,135851.53525972366
1341,-123.19999999999997,62,1,100,5,8,62,135991.89084529877
1342,-123.19999999999997,62,1,100,5,8,62,136130.8924293518
1343,-123.19999999999997,62,1,100,5,8,62,136274.59048175812
1344,-123.19999999999997,62,1,100,5,8,62,136419.85538578033
1345,-123.19999999999997,62,1,100,5,8,62,136555.405919075
1346,-123.19999999999997,62,1,100,5,8,62,136695.83476805687
1347,-123.19999999999997,62,1,100,5,8,62,136846.25438570976
1348,-123.19999999999997,62,1,100,5,8,62,136990.58561134338
1349,-123.19999999999997,62,1,100,5,8,62,137121.0201678276
1350,-123.19999999999997,62,1,100,5,8,62,137256.59470558167
1351,-123.19999999999997,62,1,100,5,8,62,137389.75459456444
1352,-123.19999999999997,62,1,100,5,8,62,137532.7938258648
1353,-123.19999999999997,62,1,100,5,8,62,137676.56260347366
1354,-123.19999999999997,62,1,100,5,8,62,137831.10102128983
1355,-123.19999999999997,62,1,100,5,8,62,137981.81094241142
1356,-123.19999999999997,62,1,100,5,8,62,138138.50830984116
1357,-123.19999999999997,62,1,100,5,8,62,138280.3405315876
1358,-123.19999999999997,62,1,100,5,8,62,138414.548255682
1359,-123.19999999999997,62,1,100,5,8,62,138556.11909723282
1360,-123.19999999999997,62,1,100,5,8,62,138699.43069338799
1361,-123.19999999999997,62,1,100,5,8,62,138835.60042405128
1362,-123.19999999999997,62,1,100,5,8,62,138985.90061616898
1363,-123.19999999999997,62,1,100,5,8,62,139117.986869812
1364,-123.19999999999997,62,1,100,5,8,62,139265.3395564556
1365,-123.19999999999997,62,1,100,5,8,62,139415.22332787514
1366,-123.19999999999997,62,1,100,5,8,62,139560.05723643303
1367,-123.19999999999997,62,1,100,5,8,62,139704.65962076187
1368,-123.19999999999997,62,1,100,5,8,62,139865.7321691513
1369,-123.19999999999997,62,1,100,5,8,62,140010.55396723747
1370,-123.19999999999997,62,1,100,5,8,62,140162.98597049713
1371,-123.19999999999997,62,1,100,5,8,62,140308.92489361763
1372,-123.19999999999997,62,1,100,5,8,62,140441.6513209343
1373,-123.19999999999997,62,1,100,5,8,62,140581.77611756325
1374,-123.19999999999997,62,1,100,5,8,62,140718.75338673592
1375,-123.19999999999997,62,1,100,5,8,62,140859.94252109528
1376,-123.19999999999997,62,1,100,5,8,62,140994.26356816292
1377,-123.19999999999997,62,1,100,5,8,62,141161.3237001896
1378,-123.19999999999997,62,1,100,5,8,62,141319.3944797516
1379,-123.19999999999997,62,1,100,5,8,62,141491.81324863434
1380,-123.19999999999997,62,1,100,5,8,62,141639.72333574295
1381,-123.19999999999997,62,1,100,5,8,62,141786.9501452446
1382,-123.19999999999997,62,1,100,5,8,62,141953.70760440826
1383,-123.19999999999997,62,1,100,5,8,62,142098.18061208725
1384,-123.19999999999997,62,1,100,5,8,62,142255.14690828323
1385,-123.19999999999997,62,1,100,5,8,62,142410.70757627487
1386,-123.19999999999997,62,1,100,5,8,62,142549.61424827576
1387,-123.19999999999997,62,1,100,5,8,62,142682.5473599434
1388,-123.19999999999997,62,1,100,5,8,62,142819.0051906109
1389,-123.19999999999997,62,1,100,5,8,62,142957.7776017189
1390,-123.19999999999997,62,1,100,5,8,62,143104.1323800087
1391,-123.19999999999997,62,1,100,5,8,62,143265.90312719345
1392,-123.19999999999997,62,1,100,5,8,62,143404.7535495758
1393,-123.19999999999997,62,1,100,5,8,62,143561.51024270058
1394,-123.19999999999997,62,1,100,5,8,62,143708.12931656837
1395,-123.19999999999997,62,1,100,5,8,62,143841.88318562508
1396,-123.19999999999997,62,1,100,5,8,62,143987.7504324913
1397,-123.19999999999997,62,1,100,5,8,62,144135.5574748516
1398,-123.19999999999997,62,1,100,5,8,62,144289.7331776619
1399,-123.19999999999997,62,1,100,5,8,62,144438.61260199547
1400,-123.19999999999997,62,1,100,5,8,62,144576.36676883698
1401,-123.19999999999997,62,1,100,5,8,62,144727.81236314774
1402,-123.19999999999997,62,1,100,5,8,62,144867.08095097542
1403,-123.19999999999997,62,1,100,5,8,62,145028.64242577553
1404,-123.19999999999997,62,1,100,5,8,62,145185.81156754494
1405,-123.19999999999997,62,1,100,5,8,62,145329.43793582916
1406,-123.19999999999997,62,1,100,5,8,62,145470.6652123928
1407,-123.19999999999997,62,1,100,5,8,62,145609.17656970024
1408,-123.19999999999997,62,1,100,5,8,62,145746.39500164986
1409,-123.19999999999997,62,1,100,5,8,62,145904.5227584839
1410,-123.19999999999997,62,1,100,5,8,62,146046.47668147087
1411,-123.19999999999997,62,1,100,5,8,62,146191.88560533524
1412,-123.19999999999997,62,1,100,5,8,62,146338.41544437408
1413,-123.19999999999997,62,1,100,5,8,62,146472.41552090645
1414,-123.19999999999997,62,1,100,5,8,62,146616.1928665638
1415,-123.19999999999997,62,1,100,5,8,62,146757.72211956978
1416,-123.19999999999997,62,1,100,5,8,62,146894.36712551117
1417,-123.19999999999997,62,1,100,5,8,62,147032.96026015282
1418,-123.19999999999997,62,1,100,5,8,62,147167.14864969254
1419,-123.19999999999997,62,1,100,5,8,62,147312.60157895088
1420,-123.19999999999997,62,1,100,5,8,62,147447.27587795258
1421,-123.19999999999997,62,1,100,5,8,62,147590.24322748184
1422,-123.19999999999997,62,1,100,5,8,62,147733.7476773262
1423,-123.19999999999997,62,1,100,5,8,62,147870.74908161163
1424,-123.19999999999997,62,1,100,5,8,62,148006.98660588264
1425,-123.19999999999997,62,1,100,5,8,62,148143.2914814949
1426,-123.14999999999998,62,1,100,5,17,62,148296.52198815346
1427,-122.39999999999999,62,1,100,5,12,62,148439.68457579613
1428,-122.39999999999999,62,1,100,5,12,62,148593.89509296417
1429,-122.39999999999999,62,1,100,5,12,62,148755.31629252434
1430,-123.89999999999999,62,1,100,5,12,62,148908.5830705166
1431,-124.1,62,1,100,5,16,62,149056.88753557205
1432,-122.39999999999999,62,1,100,5,12,62,149211.77280688286
1433,-123.14999999999998,62,1,100,5,9,62,149369.0583677292
1434,-122.39999999999998,62,1,100,5,12,62,149521.43698239326
1435,-122.39999999999999,62,1,100,5,12,62,149673.29558682442
1436,-129.7,62,1,100,5,12,62,149812.52195811272
1437,-129.7,62,1,100,5,12,62,149955.0134513378
1438,-127.69999999999997,62,1,100,5,12,62,150084.61123156548
1439,-129.7,62,1,100,5,12,62,150218.05023789406
1440,-129.7,62,1,100,5,12,62,150352.44455313683
1441,-129.7,62,1,100,5,12,62,150488.37368559837
1442,-127.69999999999999,62,1,100,5,12,62,150617.54808998108
1443,-129.7,62,1,100,5,12,62,150745.4533455372
1444,-129.7,62,1,100,5,12,62,150880.0353474617
1445,-125.64999999999999,62,1,100,5,15,62,151020.78761148453
1446,-125.69999999999999,62,1,100,5,14,62,151152.3986902237
1447,-123.89999999999996,62,1,100,5,12,62,151287.88776922226
1448,-123.19999999999997,62,1,100,5,8,62,151426.80683588982
1449,-123.19999999999997,62,1,100,5,8,62,151565.6651453972
1450,-123.19999999999997,62,1,100,5,8,62,151699.3708639145
1451,-123.19999999999997,62,1,100,5,8,62,151837.2373354435
1452,-123.19999999999997,62,1,100,5,8,62,151979.6548395157
1453,-123.19999999999997,62,1,100,5,8,62,152115.72966885567
1454,-123.19999999999997,62,1,100,5,8,62,152251.95228862762
1455,-123.19999999999997,62,1,100,5,8,62,152398.56066322327
1456,-123.19999999999997,62,1,100,5,8,62,152540.42131590843
1457,-122.39999999999999,62,1,100,5,12,62,152674.0513176918
1458,-123.19999999999997,62,1,100,5,8,62,152810.26359009743
1459,-123.19999999999997,62,1,100,5,8,62,152944.4525153637
1460,-123.19999999999997,62,1,100,5,8,62,153090.8734126091
1461,-123.19999999999997,62,1,100,5,8,62,153229.151979208
1462,-123.19999999999997,62,1,100,5,8,62,153364.45306491852
1463,-123.19999999999997,62,1,100,5,8,62,153498.88786816597
1464,-123.19999999999997,62,1,100,5,8,62,153636.47262883186
1465,-123.19999999999997,62,1,100,5,8,62,153773.70368933678
1466,-123.19999999999997,62,1,100,5,8,62,153914.15098023415
1467,-123.19999999999997,62,1,100,5,8,62,154057.43053102493
1468,-123.19999999999997,62,1,100,5,8,62,154191.23222231865
1469,-123.19999999999997,62,1,100,5,8,62,154335.0723528862
1470,-125.04999999999998,62,1,100,5,11,62,154475.83953499794
1471,-123.19999999999997,62,1,100,5,8,62,154613.01309990883
1472,-123.19999999999997,62,1,100,5,8,62,154748.2184267044
1473,-123.19999999999997,62,1,100,5,8,62,154886.40089416504
1474,-123.19999999999997,62,1,100,5,8,62,155028.95052170753
1475,-123.19999999999997,62,1,100,5,8,62,155171.0117828846
1476,-123.19999999999997,62,1,100,5,8,62,155312.3578169346
1477,-123.19999999999997,62,1,100,5,8,62,155457.32172870636
1478,-123.19999999999997,62,1,100,5,8,62,155593.768086195
1479,-123.19999999999997,62,1,100,5,8,62,155748.881888628
1480,-123.19999999999997,62,1,100,5,8,62,155893.0803360939
1481,-123.19999999999997,62,1,100,5,8,62,156034.47276234627
1482,-123.19999999999997,62,1,100,5,8,62,156176.1973850727
1483,-123.04999999999998,62,1,100,5,11,62,156320.58753323555
1484,-123.19999999999997,62,1,100,5,8,62,156461.66625070572
1485,-123.19999999999997,62,1,100,5,8,62,156598.78101611137
1486,-123.19999999999997,62,1,100,5,8,62,156736.13720059395
1487,-123.19999999999997,62,1,100,5,8,62,156894.86631083488
1488,-123.19999999999997,62,1,100,5,8,62,157037.73023366928
1489,-124.04999999999998,62,1,100,5,11,62,157173.94006371498
1490,-123.19999999999997,62,1,100,5,8,62,157327.90105628967
1491,-123.19999999999997,62,1,100,5,8,62,157486.72149300575
1492,-123.19999999999997,62,1,100,5,8,62,157630.9184370041
1493,-123.19999999999997,62,1,100,5,8,62,157778.73829960823
1494,-123.19999999999997,62,1,100,5,8,62,157957.50392842293
1495,-123.19999999999997,62,1,100,5,8,62,158097.67909812927
1496,-123.19999999999997,62,1,100,5,8,62,158249.83296823502
1497,-123.19999999999997,62,1,100,5,8,62,158415.17759537697
1498,-123.19999999999997,62,1,100,5,8,62,158563.4902098179
1499,-123.19999999999997,62,1,100,5,8,62,158712.19141077995
1500,-123.19999999999997,62,1,100,5,8,62,158849.8150703907
1501,-123.19999999999997,62,1,100,5,8,62,158999.54989290237
1502,-123.19999999999997,62,1,100,5,8,62,159138.32343912125
1503,-123.19999999999997,62,1,100,5,8,62,159279.81204509735
1504,-123.19999999999997,62,1,100,5,8,62,159433.4452331066
1505,-123.19999999999997,62,1,100,5,8,62,159582.83288955688
1506,-123.19999999999997,62,1,100,5,8,62,159727.237303257
1507,-123.19999999999997,62,1,100,5,8,62,159868.51885437965
1508,-123.19999999999997,62,1,100,5,8,62,160010.71887397766
1509,-123.19999999999997,62,1,100,5,8,62,160151.23850131035
1510,-123.19999999999997,62,1,100,5,8,62,160293.29680132866
1511,-123.19999999999997,62,1,100,5,8,62,160443.64789509773
1512,-123.19999999999997,62,1,100,5,8,62,160585.87738204002
1513,-123.19999999999997,62,1,100,5,8,62,160743.69039320946
1514,-123.19999999999997,62,1,100,5,8,62,160887.66604971886
1515,-123.19999999999997,62,1,100,5,8,62,161024.82485938072
1516,-123.19999999999997,62,1,100,5,8,62,161177.669785738
1517,-123.19999999999997,62,1,100,5,8,62,161318.4230453968
1518,-123.19999999999997,62,1,100,5,8,62,161463.33205533028
1519,-123.19999999999997,62,1,100,5,8,62,161605.21280646324
1520,-123.19999999999997,62,1,100,5,8,62,161744.67237448692
1521,-123.19999999999997,62,1,100,5,8,62,161901.00035953522
1522,-123.19999999999997,62,1,100,5,8,62,162039.7670791149
1523,-123.19999999999997,62,1,100,5,8,62,162173.86634540558
1524,-123.19999999999997,62,1,100,5,8,62,162325.58862113953
1525,-123.19999999999997,62,1,100,5,8,62,162479.3462972641
1526,-123.19999999999997,62,1,100,5,8,62,162615.17948770523
1527,-123.19999999999997,62,1,100,5,8,62,162761.22217059135
1528,-123.19999999999997,62,1,100,5,8,62,162902.54101753235
1529,-123.19999999999997,62,1,100,5,8,62,163048.12769460678
1530,-123.19999999999997,62,1,100,5,8,62,163185.7297952175
1531,-123.19999999999997,62,1,100,5,8,62,163325.19825029373
1532,-123.19999999999997,62,1,100,5,8,62,163459.53152871132
1533,-123.19999999999997,62,1,100,5,8,62,163605.1391274929
1534,-123.19999999999997,62,1,100,5,8,62,163744.6706750393
1535,-123.19999999999997,62,1,100,5,8,62,163903.44263482094
1536,-123.19999999999997,62,1,100,5,8,62,164049.25214338303
1537,-123.19999999999997,62,1,100,5,8,62,164194.45291137695
1538,-123.19999999999997,62,1,100,5,8,62,164346.54850292206
1539,-123.19999999999997,62,1,100,5,8,62,164484.61543655396
1540,-123.19999999999997,62,1,100,5,8,62,164624.24578785896
1541,-123.19999999999997,62,1,100,5,8,62,164759.75287127495
1542,-123.19999999999997,62,1,100,5,8,62,164904.0011074543
1543,-123.19999999999997,62,1,100,5,8,62,165050.9312400818
1544,-123.19999999999997,62,1,100,5,8,62,165200.23655700684
1545,-123.19999999999997,62,1,100,5,8,62,165347.71618032455
1546,-123.19999999999997,62,1,100,5,8,62,165503.0152862072
1547,-123.19999999999997,62,1,100,5,8,62,165655.78112578392
1548,-123.19999999999997,62,1,100,5,8,62,165792.92107009888
1549,-123.19999999999997,62,1,100,5,8,62,165934.9724035263
1550,-123.19999999999997,62,1,100,5,8,62,166069.07227993011
1551,-123.19999999999997,62,1,100,5,8,62,166205.4867939949
1552,-123.19999999999997,62,1,100,5,8,62,166351.01304221153
1553,-123.19999999999997,62,1,100,5,8,62,166499.91681671143
1554,-123.19999999999997,62,1,100,5,8,62,166648.84278535843
1555,-123.19999999999997,62,1,100,5,8,62,166785.49666810036
1556,-123.19999999999997,62,1,100,5,8,62,166928.05703496933
1557,-123.19999999999997,62,1,100,5,8,62,167071.01971960068
1558,-123.19999999999997,62,1,100,5,8,62,167216.91221308708
1559,-123.19999999999997,62,1,100,5,8,62,167358.9189581871
1560,-123.19999999999997,62,1,100,5,8,62,167506.8887410164
1561,-123.19999999999997,62,1,100,5,8,62,167665.20039629936
1562,-123.19999999999997,62,1,100,5,8,62,167801.8129441738
1563,-123.19999999999997,62,1,100,5,8,62,167944.90344715118
1564,-123.19999999999997,62,1,100,5,8,62,168095.6478805542
1565,-123.19999999999997,62,1,100,5,8,62,168237.2195353508
1566,-123.19999999999997,62,1,100,5,8,62,168383.39043331146
1567,-123.19999999999997,62,1,100,5,8,62,168520.74439311028
1568,-123.19999999999997,62,1,100,5,8,62,168658.60610818863
1569,-123.19999999999997,62,1,100,5,8,62,168809.33825302124
1570,-123.19999999999997,62,1,100,5,8,62,168953.6139407158
1571,-123.19999999999997,62,1,100,5,8,62,169110.0000269413
1572,-123.19999999999997,62,1,100,5,8,62,169253.67972564697
1573,-123.19999999999997,62,1,100,5,8,62,169393.79963445663
1574,-123.19999999999997,62,1,100,5,8,62,169538.0967285633
1575,-123.19999999999997,62,1,100,5,8,62,169679.41321396828
1576,-123.19999999999997,62,1,100,5,8,62,169837.121727705
1577,-123.19999999999997,62,1,100,5,8,62,169985.90668988228
1578,-123.19999999999997,62,1,100,5,8,62,170127.41043877602
1579,-123.19999999999997,62,1,100,5,8,62,170283.10401177406
1580,-123.19999999999997,62,1,100,5,8,62,170420.25236415863
1581,-123.04999999999998,62,1,100,5,11,62,170555.28692793846
1582,-123.19999999999997,62,1,100,5,8,62,170694.53642606735
1583,-123.19999999999997,62,1,100,5,8,62,170834.34271979332
1584,-123.19999999999997,62,1,100,5,8,62,170970.58617138863
1585,-123.19999999999997,62,1,100,5,8,62,171110.96157360077
1586,-123.19999999999997,62,1,100,5,8,62,171246.3750936985
1587,-123.19999999999997,62,1,100,5,8,62,171380.40281772614
1588,-123.19999999999997,62,1,100,5,8,62,171525.59237527847
1589,-123.19999999999997,62,1,100,5,8,62,171676.68601059914
1590,-123.19999999999997,62,1,100,5,8,62,171836.8443417549
1591,-123.19999999999997,62,1,100,5,8,62,171975.01202607155
1592,-123.19999999999997,62,1,100,5,8,62,172129.08443140984
1593,-123.19999999999997,62,1,100,5,8,62,172266.55673146248
1594,-123.19999999999997,62,1,100,5,8,62,172409.0081293583
1595,-123.19999999999997,62,1,100,5,8,62,172552.25339341164
1596,-123.19999999999997,62,1,100,5,8,62,172688.41395306587
1597,-123.19999999999997,62,1,100,5,8,62,172831.8562631607
1598,-123.19999999999997,62,1,100,5,8,62,172973.97550797462
1599,-123.19999999999997,62,1,100,5,8,62,173112.8200519085
1600,-123.19999999999997,62,1,100,5,8,62,173246.1248164177
1601,-123.19999999999997,62,1,100,5,8,62,173383.33076262474
1602,-123.19999999999997,62,1,100,5,8,62,173531.13214826584
1603,-123.19999999999997,62,1,100,5,8,62,173672.04137659073
1604,-123.19999999999997,62,1,100,5,8,62,173808.9921350479
1605,-123.19999999999997,62,1,100,5,8,62,173948.51748728752
1606,-123.19999999999997,62,1,100,5,8,62,174098.3938920498
1607,-123.19999999999997,62,1,100,5,8,62,174243.4732015133
1608,-123.19999999999997,62,1,100,5,8,62,174389.65018701553
1609,-123.19999999999997,62,1,100,5,8,62,174531.54736828804
1610,-123.19999999999997,62,1,100,5,8,62,174665.32852816582
1611,-123.19999999999997,62,1,100,5,8,62,174802.040422678
1612,-123.19999999999997,62,1,100,5,8,62,174940.96249198914
1613,-123.19999999999997,62,1,100,5,8,62,175085.78429627419
1614,-123.19999999999997,62,1,100,5,8,62,175234.16761684418
1615,-123.19999999999997,62,1,100,5,8,62,175382.18720078468
1616,-123.19999999999997,62,1,100,5,8,62,175536.3359336853
1617,-123.19999999999997,62,1,100,5,8,62,175674.44654726982
1618,-122.39999999999999,62,1,100,5,12,62,175811.67192459106
1619,-123.19999999999997,62,1,100,5,8,62,175947.74690508842
1620,-123.19999999999997,62,1,100,5,8,62,176092.0301220417
1621,-123.19999999999997,62,1,100,5,8,62,176240.11887288094
1622,-123.19999999999997,62,1,100,5,8,62,176375.31275367737
1623,-123.19999999999997,62,1,100,5,8,62,176508.8425269127
1624,-123.19999999999997,62,1,100,5,8,62,176650.06212735176
1625,-123.19999999999997,62,1,100,5,8,62,176788.5089223385
1626,-123.19999999999997,62,1,100,5,8,62,176931.09244513512
1627,-123.19999999999997,62,1,100,5,8,62,177069.58125710487
1628,-123.19999999999997,62,1,100,5,8,62,177209.11871123314
1629,-123.19999999999997,62,1,100,5,8,62,177348.7655735016
1630,-123.19999999999997,62,1,100,5,8,62,177488.52518630028
1631,-123.19999999999997,62,1,100,5,8,62,177630.72774982452
1632,-123.19999999999997,62,1,100,5,8,62,177767.00572395325
1633,-123.19999999999997,62,1,100,5,8,62,177904.15803718567
1634,-123.19999999999997,62,1,100,5,8,62,178053.83305954933
1635,-123.19999999999997,62,1,100,5,8,62,178193.41274619102
1636,-123.19999999999997,62,1,100,5,8,62,178329.93391513824
1637,-123.19999999999997,62,1,100,5,8,62,178472.394436121
1638,-123.19999999999997,62,1,100,5,8,62,178610.26946163177
1639,-123.19999999999997,62,1,100,5,8,62,178750.5075571537
1640,-122.99999999999999,62,1,100,5,12,62,178888.65611743927
1641,-123.19999999999997,62,1,100,5,8,62,179028.75991487503
1642,-123.19999999999997,62,1,100,5,8,62,179165.02841877937
1643,-123.19999999999997,62,1,100,5,8,62,179301.0851252079
1644,-123.19999999999997,62,1,100,5,8,62,179439.84467339516
1645,-123.19999999999997,62,1,100,5,8,62,179575.5899348259
1646,-123.19999999999997,62,1,100,5,8,62,179710.44531464577
1647,-123.19999999999997,62,1,100,5,8,62,179857.46618032455
1648,-123.19999999999997,62,1,100,5,8,62,180004.05130887032
1649,-123.19999999999997,62,1,100,5,8,62,180160.1412127018
1650,-123.19999999999997,62,1,100,5,8,62,180300.36072158813
1651,-123.19999999999997,62,1,100,5,8,62,180435.3698887825
1652,-123.19999999999997,62,1,100,5,8,62,180581.08255434036
1653,-123.19999999999997,62,1,100,5,8,62,180715.46849536896
1654,-123.19999999999997,62,1,100,5,8,62,180851.4941420555
1655,-123.19999999999997,62,1,100,5,8,62,180984.75049614906
1656,-123.19999999999997,62,1,100,5,8,62,181134.90168333054
1657,-123.19999999999997,62,1,100,5,8,62,181270.0427148342
1658,-123.19999999999997,62,1,100,5,8,62,181402.95388817787
1659,-123.19999999999997,62,1,100,5,8,62,181544.65358924866
1660,-123.19999999999997,62,1,100,5,8,62,181678.62348246574
1661,-123.19999999999997,62,1,100,5,8,62,181822.1768436432
1662,-123.19999999999997,62,1,100,5,8,62,181965.13278913498
1663,-123.19999999999997,62,1,100,5,8,62,182100.19550704956
1664,-123.19999999999997,62,1,100,5,8,62,182234.58783268929
1665,-123.19999999999997,62,1,100,5,8,62,182377.63654398918
1666,-123.19999999999997,62,1,100,5,8,62,182514.02969384193
1667,-123.19999999999997,62,1,100,5,8,62,182652.31901216507
1668,-123.19999999999997,62,1,100,5,8,62,182785.66694545746
1669,-123.19999999999997,62,1,100,5,8,62,182917.4143924713
1670,-123.19999999999997,62,1,100,5,8,62,183058.0560209751
1671,-123.19999999999997,62,1,100,5,8,62,183202.97618556023
1672,-123.19999999999997,62,1,100,5,8,62,183341.5159318447
1673,-123.19999999999997,62,1,100,5,8,62,183475.89546370506
1674,-123.19999999999997,62,1,100,5,8,62,183609.43059563637
1675,-123.19999999999997,62,1,100,5,8,62,183752.46990084648
1676,-123.19999999999997,62,1,100,5,8,62,183899.6532421112
1677,-123.19999999999997,62,1,100,5,8,62,184052.5519926548
1678,-123.19999999999997,62,1,100,5,8,62,184183.53392863274
1679,-123.19999999999997,62,1,100,5,8,62,184322.08088707924
1680,-123.19999999999997,62,1,100,5,8,62,184456.4544532299
1681,-123.19999999999997,62,1,100,5,8,62,184589.10338974
1682,-123.19999999999997,62,1,100,5,8,62,184726.06207847595
1683,-123.19999999999997,62,1,100,5,8,62,184860.297539711
1684,-123.19999999999997,62,1,100,5,8,62,184994.75272202492
1685,-123.19999999999997,62,1,100,5,8,62,185126.88261151314
1686,-123.19999999999997,62,1,100,5,8,62,185259.71455168724
1687,-123.19999999999997,62,1,100,5,8,62,185391.46321582794
1688,-123.19999999999997,62,1,100,5,8,62,185528.71866250038
1689,-123.19999999999997,62,1,100,5,8,62,185661.7357416153
1690,-123.19999999999997,62,1,100,5,8,62,185808.634288311
1691,-123.19999999999997,62,1,100,5,8,62,185958.94477653503
1692,-123.19999999999997,62,1,100,5,8,62,186090.4224407673
1693,-123.19999999999997,62,1,100,5,8,62,186225.5407423973
1694,-123.19999999999997,62,1,100,5,8,62,186359.9358780384
1695,-123.19999999999997,62,1,100,5,8,62,186490.51522874832
1696,-123.19999999999997,62,1,100,5,8,62,186619.62491965294
1697,-123.19999999999997,62,1,100,5,8,62,186754.55006957054
1698,-123.19999999999997,62,1,100,5,8,62,186886.90230607986
1699,-123.19999999999997,62,1,100,5,8,62,187020.33182024956
1700,-123.19999999999997,62,1,100,5,8,62,187153.42308306694
1701,-123.19999999999997,62,1,100,5,8,62,187287.3980679512
1702,-123.19999999999997,62,1,100,5,8,62,187420.31953310966
1703,-123.19999999999997,62,1,100,5,8,62,187557.72642970085
1704,-123.19999999999997,62,1,100,5,8,62,187694.71793150902
1705,-123.19999999999997,62,1,100,5,8,62,187827.38939785957
1706,-123.19999999999997,62,1,100,5,8,62,187966.11359477043
1707,-123.19999999999997,62,1,100,5,8,62,188106.60647630692
1708,-123.19999999999997,62,1,100,5,8,62,188245.20100283623
1709,-123.19999999999997,62,1,100,5,8,62,188382.6648952961
1710,-123.19999999999997,62,1,100,5,8,62,188513.73046183586
1711,-123.19999999999997,62,1,100,5,8,62,188647.4999461174
1712,-123.19999999999997,62,1,100,5,8,62,188787.49577474594
1713,-123.19999999999997,62,1,100,5,8,62,188923.42860627174
1714,-123.19999999999997,62,1,100,5,8,62,189053.96430706978
1715,-123.19999999999997,62,1,100,5,8,62,189185.0912616253
1716,-123.19999999999997,62,1,100,5,8,62,189321.41182613373
1717,-123.19999999999997,62,1,100,5,8,62,189454.32664203644
1718,-123.19999999999997,62,1,100,5,8,62,189591.66497516632
1719,-123.19999999999997,62,1,100,5,8,62,189723.06156301498
1720,-123.19999999999997,62,1,100,5,8,62,189853.2887904644
1721,-123.19999999999997,62,1,100,5,8,62,189992.03347158432
1722,-123.19999999999997,62,1,100,5,8,62,190124.842420578
1723,-123.19999999999997,62,1,100,5,8,62,190268.63969922066
1724,-123.19999999999997,62,1,100,5,8,62,190396.565202713
1725,-123.19999999999997,62,1,100,5,8,62,190532.48346352577
1726,-123.19999999999997,62,1,100,5,8,62,190686.86167407036
1727,-123.19999999999997,62,1,100,5,8,62,190825.78848981857
1728,-123.19999999999997,62,1,100,5,8,62,190955.03244638443
1729,-123.19999999999997,62,1,100,5,8,62,191095.75044965744
1730,-123.19999999999997,62,1,100,5,8,62,191244.36157298088
1731,-123.19999999999997,62,1,100,5,8,62,191379.19358086586
1732,-123.19999999999997,62,1,100,5,8,62,191524.644541502
1733,-123.19999999999997,62,1,100,5,8,62,191654.81446933746
1734,-123.19999999999997,62,1,100,5,8,62,191788.0605456829
1735,-123.19999999999997,62,1,100,5,8,62,191928.50958037376
1736,-123.19999999999997,62,1,100,5,8,62,192060.20663309097
1737,-123.19999999999997,62,1,100,5,8,62,192193.3460869789
1738,-123.19999999999997,62,1,100,5,8,62,192328.38680648804
1739,-123.19999999999997,62,1,100,5,8,62,192462.65366578102
1740,-123.19999999999997,62,1,100,5,8,62,192595.90482997894
1741,-123.19999999999997,62,1,100,5,8,62,192727.7030622959
1742,-123.19999999999997,62,1,100,5,8,62,192857.96310400963
1743,-123.19999999999997,62,1,100,5,8,62,192992.09455108643
1744,-123.19999999999997,62,1,100,5,8,62,193130.88575315475
1745,-123.19999999999997,62,1,100,5,8,62,193278.5241844654
1746,-123.19999999999997,62,1,100,5,8,62,193417.11978650093
1747,-123.19999999999997,62,1,100,5,8,62,193548.30690145493
1748,-123.19999999999997,62,1,100,5,8,62,193682.55042290688
1749,-123.19999999999997,62,1,100,5,8,62,193815.01921010017
1750,-123.19999999999997,62,1,100,5,8,62,193950.79378342628
1751,-123.19999999999997,62,1,100,5,8,62,194080.90728759766
1752,-123.19999999999997,62,1,100,5,8,62,194219.99384975433
1753,-123.19999999999997,62,1,100,5,8,62,194359.7381055355
1754,-123.19999999999997,62,1,100,5,8,62,194491.91088724136
1755,-123.19999999999997,62,1,100,5,8,62,194630.29266405106
1756,-123.19999999999997,62,1,100,5,8,62,194758.81300663948
1757,-123.19999999999997,62,1,100,5,8,62,194893.85742020607
1758,-123.19999999999997,62,1,100,5,8,62,195025.94857549667
1759,-123.19999999999997,62,1,100,5,8,62,195161.4695699215
1760,-123.19999999999997,62,1,100,5,8,62,195290.74231815338
1761,-123.19999999999997,62,1,100,5,8,62,195424.90710115433
1762,-123.19999999999997,62,1,100,5,8,62,195559.62837409973
1763,-123.19999999999997,62,1,100,5,8,62,195689.4327685833
1764,-123.19999999999997,62,1,100,5,8,62,195819.50252056122
1765,-123.19999999999997,62,1,100,5,8,62,195951.69478487968
1766,-123.19999999999997,62,1,100,5,8,62,196088.95845508575
1767,-123.19999999999997,62,1,100,5,8,62,196221.65772008896
1768,-123.19999999999997,62,1,100,5,8,62,196359.72994709015
1769,-123.19999999999997,62,1,100,5,8,62,196493.46528339386
1770,-123.19999999999997,62,1,100,5,8,62,196629.4799938202
1771,-123.19999999999997,62,1,100,5,8,62,196759.828414917
1772,-123.19999999999997,62,1,100,5,8,62,196894.9267897606
1773,-123.19999999999997,62,1,100,5,8,62,197044.58586144447
1774,-123.19999999999997,62,1,100,5,8,62,197174.73788690567
1775,-123.19999999999997,62,1,100,5,8,62,197314.00861120224
1776,-123.19999999999997,62,1,100,5,8,62,197449.67094039917
1777,-123.19999999999997,62,1,100,5,8,62,197584.04147672653
1778,-123.19999999999997,62,1,100,5,8,62,197720.11532568932
1779,-123.19999999999997,62,1,100,5,8,62,197851.32735323906
1780,-123.19999999999997,62,1,100,5,8,62,197988.7360112667
1781,-123.19999999999997,62,1,100,5,8,62,198120.35178732872
1782,-123.19999999999997,62,1,100,5,8,62,198252.80771803856
1783,-123.19999999999997,62,1,100,5,8,62,198381.65330696106
1784,-123.19999999999997,62,1,100,5,8,62,198511.59246778488
1785,-123.19999999999997,62,1,100,5,8,62,198650.1787135601
1786,-123.19999999999997,62,1,100,5,8,62,198786.77572846413
1787,-123.19999999999997,62,1,100,5,8,62,198922.82871174812
1788,-123.19999999999997,62,1,100,5,8,62,199055.31136369705
1789,-123.19999999999997,62,1,100,5,8,62,199209.78387594223
1790,-123.19999999999997,62,1,100,5,8,62,199376.5509097576
1791,-123.19999999999997,62,1,100,5,8,62,199523.54759287834
1792,-123.19999999999997,62,1,100,5,8,62,199674.31661128998
1793,-123.19999999999997,62,1,100,5,8,62,199814.35119962692
1794,-123.19999999999997,62,1,100,5,8,62,199967.86788654327
1795,-123.19999999999997,62,1,100,5,8,62,200121.06234240532
1796,-123.19999999999997,62,1,100,5,8,62,200270.02910995483
1797,-123.19999999999997,62,1,100,5,8,62,200420.35295438766
1798,-123.19999999999997,62,1,100,5,8,62,200557.8392612934
1799,-123.19999999999997,62,1,100,5,8,62,200692.5679614544
1800,-123.19999999999997,62,1,100,5,8,62,200824.78556656837
1801,-123.19999999999997,62,1,100,5,8,62,200957.34614896774
1802,-123.19999999999997,62,1,100,5,8,62,201089.8388352394
1803,-123.19999999999997,62,1,100,5,8,62,201231.9607963562
1804,-123.19999999999997,62,1,100,5,8,62,201376.50556206703
1805,-123.19999999999997,62,1,100,5,8,62,201521.02887916565
1806,-123.19999999999997,62,1,100,5,8,62,201648.05194044113
1807,-123.19999999999997,62,1,100,5,8,62,201782.19194602966
1808,-123.19999999999997,62,1,100,5,8,62,201926.7674999237
1809,-123.19999999999997,62,1,100,5,8,62,202060.90160369873
1810,-123.19999999999997,62,1,100,5,8,62,202192.5267305374
1811,-123.19999999999997,62,1,100,5,8,62,202326.52074360847
1812,-123.19999999999997,62,1,100,5,8,62,202459.31359267235
1813,-123.19999999999997,62,1,100,5,8,62,202590.56007051468
1814,-123.19999999999997,62,1,100,5,8,62,202736.44716763496
1815,-123.19999999999997,62,1,100,5,8,62,202867.1010198593
1816,-123.19999999999997,62,1,100,5,8,62,202999.06215190887
1817,-123.19999999999997,62,1,100,5,8,62,203153.55105900764
1818,-123.19999999999997,62,1,100,5,8,62,203286.86187243462
1819,-123.19999999999997,62,1,100,5,8,62,203423.48153185844
1820,-123.19999999999997,62,1,100,5,8,62,203550.11992049217
1821,-123.19999999999997,62,1,100,5,8,62,203682.30141496658
1822,-123.19999999999997,62,1,100,5,8,62,203822.51010107994
1823,-123.19999999999997,62,1,100,5,8,62,203951.9949104786
1824,-123.19999999999997,62,1,100,5,8,62,204094.47908329964
1825,-123.19999999999997,62,1,100,5,8,62,204229.44771385193
1826,-123.19999999999997,62,1,100,5,8,62,204366.905251503
1827,-123.19999999999997,62,1,100,5,8,62,204497.46673083305
1828,-123.19999999999997,62,1,100,5,8,62,204647.82710146904
1829,-123.19999999999997,62,1,100,5,8,62,204778.96160030365
1830,-123.19999999999997,62,1,100,5,8,62,204915.11331486702
1831,-123.19999999999997,62,1,100,5,8,62,205053.94936060905
1832,-123.19999999999997,62,1,100,5,8,62,205190.62980151176
1833,-123.19999999999997,62,1,100,5,8,62,205327.10764479637
1834,-123.19999999999997,62,1,100,5,8,62,205459.61253356934
1835,-123.19999999999997,62,1,100,5,8,62,205595.68264961243
1836,-123.19999999999997,62,1,100,5,8,62,205726.04510974884
1837,-123.19999999999997,62,1,100,5,8,62,205862.63327121735
1838,-123.19999999999997,62,1,100,5,8,62,205995.8224852085
1839,-123.19999999999997,62,1,100,5,8,62,206128.43306565285
1840,-123.19999999999997,62,1,100,5,8,62,206264.01689124107
1841,-123.19999999999997,62,1,100,5,8,62,206405.75810599327
1842,-123.19999999999997,62,1,100,5,8,62,206538.42189741135
1843,-123.19999999999997,62,1,100,5,8,62,206675.607732296
1844,-123.19999999999997,62,1,100,5,8,62,206818.359862566
1845,-123.19999999999997,62,1,100,5,8,62,206955.35812735558
1846,-123.19999999999997,62,1,100,5,8,62,207087.00670552254
1847,-123.19999999999997,62,1,100,5,8,62,207216.4574317932
1848,-123.19999999999997,62,1,100,5,8,62,207359.5062904358
1849,-123.19999999999997,62,1,100,5,8,62,207510.97862577438
1850,-123.19999999999997,62,1,100,5,8,62,207653.33295440674
1851,-123.19999999999997,62,1,100,5,8,62,207782.64388108253
1852,-123.19999999999997,62,1,100,5,8,62,207915.1269185543
1853,-123.19999999999997,62,1,100,5,8,62,208047.6178226471
1854,-123.19999999999997,62,1,100,5,8,62,208178.3597524166
1855,-123.19999999999997,62,1,100,5,8,62,208318.26683068275
1856,-123.19999999999997,62,1,100,5,8,62,208449.77197480202
1857,-123.19999999999997,62,1,100,5,8,62,208588.5679552555
1858,-123.19999999999997,62,1,100,5,8,62,208735.6750319004
1859,-123.19999999999997,62,1,100,5,8,62,208868.53851222992
1860,-123.19999999999997,62,1,100,5,8,62,208999.85900855064
1861,-123.19999999999997,62,1,100,5,8,62,209131.4340980053
1862,-123.19999999999997,62,1,100,5,8,62,209262.79736685753
1863,-123.19999999999997,62,1,100,5,8,62,209408.05250501633
1864,-123.19999999999997,62,1,100,5,8,62,209538.78078365326
1865,-123.19999999999997,62,1,100,5,8,62,209684.48827552795
1866,-123.19999999999997,62,1,100,5,8,62,209822.04550290108
1867,-123.19999999999997,62,1,100,5,8,62,209958.5106663704
1868,-123.19999999999997,62,1,100,5,8,62,210094.88199305534
1869,-123.19999999999997,62,1,100,5,8,62,210220.77926301956
1870,-123.19999999999997,62,1,100,5,8,62,210353.66160416603
1871,-123.19999999999997,62,1,100,5,8,62,210486.80548477173
1872,-123.19999999999997,62,1,100,5,8,62,210626.558208704
1873,-123.19999999999997,62,1,100,5,8,62,210774.97898221016
1874,-123.19999999999997,62,1,100,5,8,62,210918.47924256325
1875,-123.19999999999997,62,1,100,5,8,62,211049.16234445572
1876,-123.19999999999997,62,1,100,5,8,62,211186.11756324768
1877,-123.19999999999997,62,1,100,5,8,62,211317.93034863472
1878,-123.19999999999997,62,1,100,5,8,62,211454.17963314056
1879,-123.19999999999997,62,1,100,5,8,62,211585.13587522507
1880,-123.19999999999997,62,1,100,5,8,62,211720.47125458717
1881,-123.19999999999997,62,1,100,5,8,62,211853.14973974228
1882,-123.19999999999997,62,1,100,5,8,62,211985.2770626545
1883,-123.19999999999997,62,1,100,5,8,62,212122.6482539177
1884,-123.19999999999997,62,1,100,5,8,62,212250.48173618317
1885,-123.19999999999997,62,1,100,5,8,62,212388.9211986065
1886,-123.19999999999997,62,1,100,5,8,62,212530.94156575203
1887,-123.19999999999997,62,1,100,5,8,62,212673.58040452003
1888,-123.19999999999997,62,1,100,5,8,62,212801.68819832802
1889,-123.19999999999997,62,1,100,5,8,62,212933.71484804153
1890,-123.19999999999997,62,1,100,5,8,62,213064.03504538536
1891,-123.19999999999997,62,1,100,5,8,62,213198.22229361534
1892,-123.19999999999997,62,1,100,5,8,62,213341.2442522049
1893,-123.19999999999997,62,1,100,5,8,62,213472.12883925438
1894,-123.19999999999997,62,1,100,5,8,62,213606.59690761566
1895,-123.19999999999997,62,1,100,5,8,62,213737.03063511848
1896,-123.19999999999997,62,1,100,5,8,62,213866.4237589836
1897,-123.19999999999997,62,1,100,5,8,62,213994.0743074417
1898,-123.19999999999997,62,1,100,5,8,62,214124.52435445786
1899,-123.19999999999997,62,1,100,5,8,62,214275.80139017105
1900,-123.19999999999997,62,1,100,5,8,62,214422.78469204903
1901,-123.19999999999997,62,1,100,5,8,62,214555.63121771812
1902,-123.19999999999997,62,1,100,5,8,62,214685.2279071808
1903,-123.19999999999997,62,1,100,5,8,62,214811.1156592369
1904,-123.19999999999997,62,1,100,5,8,62,214955.5573143959
1905,-123.19999999999997,62,1,100,5,8,62,215102.4581708908
1906,-123.19999999999997,62,1,100,5,8,62,215234.08642816544
1907,-123.19999999999997,62,1,100,5,8,62,215364.69043016434
1908,-123.19999999999997,62,1,100,5,8,62,215496.41950035095
1909,-123.19999999999997,62,1,100,5,8,62,215630.36334562302
1910,-123.19999999999997,62,1,100,5,8,62,215769.10023498535
1911,-123.19999999999997,62,1,100,5,8,62,215895.2728126049
1912,-123.19999999999997,62,1,100,5,8,62,216026.66909861565
1913,-123.19999999999997,62,1,100,5,8,62,216163.97024965286
1914,-123.19999999999997,62,1,100,5,8,62,216290.56033325195
1915,-123.19999999999997,62,1,100,5,8,62,216420.61992573738
1916,-123.19999999999997,62,1,100,5,8,62,216547.26770424843
1917,-123.19999999999997,62,1,100,5,8,62,216673.55056881905
1918,-123.19999999999997,62,1,100,5,8,62,216801.3627960682
1919,-123.19999999999997,62,1,100,5,8,62,216934.69007611275
1920,-123.19999999999997,62,1,100,5,8,62,217063.41071152687
1921,-123.19999999999997,62,1,100,5,8,62,217198.6484670639
1922,-123.19999999999997,62,1,100,5,8,62,217326.89788651466
1923,-123.19999999999997,62,1,100,5,8,62,217455.874430418
1924,-123.19999999999997,62,1,100,5,8,62,217583.27796506882
1925,-123.19999999999997,62,1,100,5,8,62,217710.20774769783
1926,-123.19999999999997,62,1,100,5,8,62,217844.04940223694
1927,-123.19999999999997,62,1,100,5,8,62,217978.31889081
1928,-123.19999999999997,62,1,100,5,8,62,218105.12892103195
1929,-123.19999999999997,62,1,100,5,8,62,218243.449985981
1930,-123.19999999999997,62,1,100,5,8,62,218368.43740868568
1931,-123.19999999999997,62,1,100,5,8,62,218498.02987360954
1932,-123.19999999999997,62,1,100,5,8,62,218631.0232205391
1933,-123.19999999999997,62,1,100,5,8,62,218756.70954847336
1934,-123.19999999999997,62,1,100,5,8,62,218881.29456162453
1935,-123.19999999999997,62,1,100,5,8,62,219026.86927843094
1936,-123.19999999999997,62,1,100,5,8,62,219159.18746685982
1937,-123.19999999999997,62,1,100,5,8,62,219290.6796734333
1938,-123.19999999999997,62,1,100,5,8,62,219417.46131324768
1939,-123.19999999999997,62,1,100,5,8,62,219543.64658808708
1940,-123.19999999999997,62,1,100,5,8,62,219674.6945552826
1941,-123.19999999999997,62,1,100,5,8,62,219805.52051615715
1942,-123.19999999999997,62,1,100,5,8,62,219932.2367117405
1943,-123.19999999999997,62,1,100,5,8,62,220058.93686056137
1944,-123.19999999999997,62,1,100,5,8,62,220192.59232139587
1945,-123.19999999999997,62,1,100,5,8,62,220327.52948737144
1946,-123.85,62,1,100,5,13,62,220449.82629036903
1947,-122.39999999999998,62,1,100,5,12,62,220575.33566331863
1948,-123.19999999999997,62,1,100,5,8,62,220705.21570158005
1949,-122.44999999999999,62,1,100,5,11,62,220846.98100304604
1950,-123.19999999999997,62,1,100,5,8,62,220986.45599651337
1951,-123.19999999999997,62,1,100,5,8,62,221126.93349599838
1952,-123.19999999999997,62,1,100,5,8,62,221255.67721700668
1953,-123.19999999999997,62,1,100,5,8,62,221385.81984949112
1954,-123.19999999999997,62,1,100,5,8,62,221515.96563315392
1955,-123.19999999999997,62,1,100,5,8,62,221650.23725748062
1956,-123.19999999999997,62,1,100,5,8,62,221777.946331501
1957,-123.19999999999997,62,1,100,5,8,62,221905.13679599762
1958,-122.14999999999998,62,1,100,5,9,62,222035.98007011414
1959,-123.19999999999997,62,1,100,5,8,62,222166.3804552555
1960,-123.19999999999997,62,1,100,5,8,62,222296.4813604355
1961,-123.19999999999997,62,1,100,5,8,62,222424.9375398159
1962,-123.19999999999997,62,1,100,5,8,62,222552.52433133125
1963,-123.19999999999997,62,1,100,5,8,62,222698.6976583004
1964,-123.19999999999997,62,1,100,5,8,62,222845.2439944744
1965,-123.19999999999997,62,1,100,5,8,62,222980.13361096382
1966,-123.19999999999997,62,1,100,5,8,62,223114.10167908669
1967,-123.19999999999997,62,1,100,5,8,62,223261.2539513111
1968,-123.19999999999997,62,1,100,5,8,62,223403.60140752792
1969,-123.19999999999997,62,1,100,5,8,62,223538.8871796131
1970,-123.19999999999997,62,1,100,5,8,62,223671.62827301025
1971,-123.19999999999997,62,1,100,5,8,62,223802.1992211342
1972,-123.19999999999997,62,1,100,5,8,62,223933.82877111435
1973,-123.19999999999997,62,1,100,5,8,62,224070.09561252594
1974,-123.19999999999997,62,1,100,5,8,62,224202.56968545914
1975,-123.19999999999997,62,1,100,5,8,62,224337.8968360424
1976,-123.19999999999997,62,1,100,5,8,62,224473.63483786583
1977,-123.19999999999997,62,1,100,5,8,62,224610.78240036964
1978,-123.19999999999997,62,1,100,5,8,62,224744.95536994934
1979,-123.19999999999997,62,1,100,5,8,62,224876.25007414818
1980,-123.19999999999997,62,1,100,5,8,62,225007.53552222252
1981,-123.19999999999997,62,1,100,5,8,62,225159.40474677086
1982,-123.19999999999997,62,1,100,5,8,62,225292.28094053268
1983,-123.19999999999997,62,1,100,5,8,62,225434.7502143383
1984,-123.19999999999997,62,1,100,5,8,62,225571.9288816452
1985,-123.19999999999997,62,1,100,5,8,62,225708.94067931175
1986,-123.19999999999997,62,1,100,5,8,62,225847.9678132534
1987,-123.19999999999997,62,1,100,5,8,62,225997.46011662483
1988,-123.19999999999997,62,1,100,5,8,62,226134.97195005417
1989,-123.19999999999997,62,1,100,5,8,62,226267.1893966198
1990,-123.19999999999997,62,1,100,5,8,62,226404.48449611664
1991,-123.19999999999997,62,1,100,5,8,62,226551.7824242115
1992,-123.19999999999997,62,1,100,5,8,62,226698.47135162354
1993,-123.19999999999997,62,1,100,5,8,62,226835.68437361717
1994,-123.19999999999997,62,1,100,5,8,62,226972.2846183777
1995,-122.99999999999997,62,1,100,5,12,62,227111.5616595745
1996,-123.19999999999997,62,1,100,5,8,62,227258.21396017075
1997,-123.19999999999997,62,1,100,5,8,62,227397.99258422852
1998,-123.19999999999997,62,1,100,5,8,62,227531.79561328888
1999,-123.19999999999997,62,1,100,5,8,62,227673.2232117653
2000,-123.19999999999997,62,1,100,5,8,62,227826.29770421982
2001,-123.19999999999997,62,1,100,5,8,62,227967.06576299667
2002,-123.19999999999997,62,1,100,5,8,62,228100.5580792427
2003,-123.19999999999997,62,1,100,5,8,62,228239.66263198853
2004,-123.19999999999997,62,1,100,5,8,62,228397.3925960064
2005,-123.19999999999997,62,1,100,5,8,62,228532.7827680111
2006,-123.19999999999997,62,1,100,5,8,62,228667.02688002586
2007,-123.19999999999997,62,1,100,5,8,62,228805.25259065628
2008,-123.19999999999997,62,1,100,5,8,62,228945.86408782005
2009,-123.19999999999997,62,1,100,5,8,62,229085.28336191177
2010,-123.19999999999997,62,1,100,5,8,62,229238.17310929298
2011,-123.19999999999997,62,1,100,5,8,62,229373.015686512
2012,-123.19999999999997,62,1,100,5,8,62,229508.72665905952
2013,-123.19999999999997,62,1,100,5,8,62,229641.3294315338
2014,-123.19999999999997,62,1,100,5,8,62,229784.99760317802
2015,-123.19999999999997,62,1,100,5,8,62,229917.48857951164
2016,-123.19999999999997,62,1,100,5,8,62,230045.92197990417
2017,-123.19999999999997,62,1,100,5,8,62,230182.05221700668
2018,-123.19999999999997,62,1,100,5,8,62,230321.86894893646
2019,-123.19999999999997,62,1,100,5,8,62,230453.8976738453
2020,-123.19999999999997,62,1,100,5,8,62,230588.303283453
2021,-123.19999999999997,62,1,100,5,8,62,230721.06979584694
2022,-123.19999999999997,62,1,100,5,8,62,230865.1883585453
2023,-123.19999999999997,62,1,100,5,8,62,231009.1034026146
2024,-123.19999999999997,62,1,100,5,8,62,231144.72763729095
2025,-123.19999999999997,62,1,100,5,8,62,231278.21088910103
2026,-123.19999999999997,62,1,100,5,8,62,231406.945196867
2027,-123.19999999999997,62,1,100,5,8,62,231545.0625629425
2028,-123.19999999999997,62,1,100,5,8,62,231686.74852848053
2029,-123.19999999999997,62,1,100,5,8,62,231832.15675115585
2030,-123.19999999999997,62,1,100,5,8,62,231965.03456902504
2031,-123.19999999999997,62,1,100,5,8,62,232104.42105340958
2032,-123.19999999999997,62,1,100,5,8,62,232248.3632285595
2033,-123.19999999999997,62,1,100,5,8,62,232384.96048498154
2034,-123.19999999999997,62,1,100,5,8,62,232517.86411499977
2035,-123.19999999999997,62,1,100,5,8,62,232652.82719111443
2036,-123.19999999999997,62,1,100,5,8,62,232806.92482113838
2037,-123.19999999999997,62,1,100,5,8,62,232944.90502119064
2038,-123.19999999999997,62,1,100,5,8,62,233096.27971220016
2039,-123.19999999999997,62,1,100,5,8,62,233228.4716541767
2040,-123.19999999999997,62,1,100,5,8,62,233363.91109490395
2041,-123.19999999999997,62,1,100,5,8,62,233495.98611736298
2042,-123.19999999999997,62,1,100,5,8,62,233630.64773964882
2043,-123.19999999999997,62,1,100,5,8,62,233784.62247514725
2044,-122.14999999999998,62,1,100,5,9,62,233915.99883699417
2045,-123.19999999999997,62,1,100,5,8,62,234055.45906162262
2046,-123.19999999999997,62,1,100,5,8,62,234189.50248622894
2047,-123.19999999999997,62,1,100,5,8,62,234346.21172976494
2048,-123.19999999999997,62,1,100,5,8,62,234480.31697177887
2049,-123.19999999999997,62,1,100,5,8,62,234630.37021923065
2050,-123.19999999999997,62,1,100,5,8,62,234769.26834082603
2051,-123.19999999999997,62,1,100,5,8,62,234903.17083859444
2052,-123.19999999999997,62,1,100,5,8,62,235039.28604531288
2053,-123.19999999999997,62,1,100,5,8,62,235173.14249920845
2054,-123.19999999999997,62,1,100,5,8,62,235311.15107417107
2055,-123.19999999999997,62,1,100,5,8,62,235452.81655168533
2056,-123.19999999999997,62,1,100,5,8,62,235587.70242094994
2057,-123.19999999999997,62,1,100,5,8,62,235726.8474354744
2058,-123.19999999999997,62,1,100,5,8,62,235860.5196967125
2059,-123.19999999999997,62,1,100,5,8,62,236001.44688677788
2060,-123.19999999999997,62,1,100,5,8,62,236142.64058971405
2061,-123.19999999999997,62,1,100,5,8,62,236280.56177473068
2062,-123.19999999999997,62,1,100,5,8,62,236416.22243785858
2063,-123.19999999999997,62,1,100,5,8,62,236554.51161050797
2064,-123.19999999999997,62,1,100,5,8,62,236692.88250660896
2065,-123.19999999999997,62,1,100,5,8,62,236837.49078893661
2066,-123.19999999999997,62,1,100,5,8,62,236978.83701252937
2067,-123.19999999999997,62,1,100,5,8,62,237112.87364673615
2068,-123.19999999999997,62,1,100,5,8,62,237247.99587154388
2069,-123.19999999999997,62,1,100,5,8,62,237384.13600826263
2070,-123.19999999999997,62,1,100,5,8,62,237526.59923696518
2071,-123.19999999999997,62,1,100,5,8,62,237659.98415088654
2072,-123.19999999999997,62,1,100,5,8,62,237797.92197442055
2073,-123.19999999999997,62,1,100,5,8,62,237932.78062462807
2074,-123.19999999999997,62,1,100,5,8,62,238074.68505382538
2075,-123.19999999999997,62,1,100,5,8,62,238218.41528248787
2076,-123.19999999999997,62,1,100,5,8,62,238356.91372156143
2077,-123.19999999999997,62,1,100,5,8,62,238501.6292514801
2078,-123.19999999999997,62,1,100,5,8,62,238643.04389333725
2079,-123.19999999999997,62,1,100,5,8,62,238787.77328896523
2080,-123.19999999999997,62,1,100,5,8,62,238923.09779024124
2081,-123.19999999999997,62,1,100,5,8,62,239067.64332318306
2082,-121.3,62,1,100,5,14,62,239207.96359443665
2083,-123.19999999999997,62,1,100,5,8,62,239352.38759350777
2084,-123.19999999999997,62,1,100,5,8,62,239490.8340229988
2085,-123.19999999999997,62,1,100,5,8,62,239624.12788438797
2086,-122.15,62,1,100,5,17,62,239766.65701913834
2087,-123.19999999999997,62,1,100,5,8,62,239902.13701963425
2088,-123.19999999999997,62,1,100,5,8,62,240037.98872852325
2089,-123.19999999999997,62,1,100,5,8,62,240184.48088550568
2090,-123.19999999999997,62,1,100,5,8,62,240317.74106526375
2091,-123.19999999999997,62,1,100,5,8,62,240459.13376617432
2092,-123.19999999999997,62,1,100,5,8,62,240589.57688760757
2093,-123.19999999999997,62,1,100,5,8,62,240724.52446818352
2094,-123.19999999999997,62,1,100,5,8,62,240856.49052715302
2095,-123.19999999999997,62,1,100,5,8,62,240994.77986335754
2096,-123.19999999999997,62,1,100,5,8,62,241144.9894132614
2097,-123.19999999999997,62,1,100,5,8,62,241280.61397194862
2098,-123.19999999999997,62,1,100,5,8,62,241418.79956674576
2099,-123.19999999999997,62,1,100,5,8,62,241551.62120318413
2100,-124.99999999999999,62,1,100,5,12,62,241689.41378688812
2101,-123.19999999999997,62,1,100,5,8,62,241825.6903629303
2102,-123.19999999999997,62,1,100,5,8,62,241963.78411865234
2103,-123.19999999999997,62,1,100,5,8,62,242095.60218071938
2104,-123.19999999999997,62,1,100,5,8,62,242235.14044332504
2105,-123.19999999999997,62,1,100,5,8,62,242371.38499450684
2106,-123.19999999999997,62,1,100,5,8,62,242504.01485538483
2107,-123.19999999999997,62,1,100,5,8,62,242673.9308166504
2108,-123.19999999999997,62,1,100,5,8,62,242805.75056505203
2109,-123.19999999999997,62,1,100,5,8,62,242943.88006591797
2110,-123.19999999999997,62,1,100,5,8,62,243080.35618424416
2111,-123.19999999999997,62,1,100,5,8,62,243222.14985585213
2112,-123.19999999999997,62,1,100,5,8,62,243365.76788401604
2113,-123.19999999999997,62,1,100,5,8,62,243502.2743241787
2114,-123.19999999999997,62,1,100,5,8,62,243641.2432267666
2115,-123.19999999999997,62,1,100,5,8,62,243787.32205104828
2116,-123.19999999999997,62,1,100,5,8,62,243925.41777133942
2117,-123.19999999999997,62,1,100,5,8,62,244070.97833943367
2118,-123.19999999999997,62,1,100,5,8,62,244208.2011704445
2119,-123.19999999999997,62,1,100,5,8,62,244345.23647618294
2120,-123.19999999999997,62,1,100,5,8,62,244480.7951476574
2121,-123.19999999999997,62,1,100,5,8,62,244615.52084255219
2122,-123.19999999999997,62,1,100,5,8,62,244759.03733038902
2123,-123.19999999999997,62,1,100,5,8,62,244895.11724734306
2124,-123.19999999999997,62,1,100,5,8,62,245046.15355801582
2125,-123.19999999999997,62,1,100,5,8,62,245180.65490579605
2126,-123.19999999999997,62,1,100,5,8,62,245313.3066046238
2127,-123.19999999999997,62,1,100,5,8,62,245453.58984851837
2128,-123.19999999999997,62,1,100,5,8,62,245589.0972623825
2129,-123.19999999999997,62,1,100,5,8,62,245740.53751182556
2130,-123.19999999999997,62,1,100,5,8,62,245873.4778969288
2131,-123.19999999999997,62,1,100,5,8,62,246006.27263331413
2132,-123.19999999999997,62,1,100,5,8,62,246141.83849668503
2133,-123.19999999999997,62,1,100,5,8,62,246281.9411597252
2134,-123.19999999999997,62,1,100,5,8,62,246419.24887275696
2135,-123.19999999999997,62,1,100,5,8,62,246552.96135544777
2136,-123.19999999999997,62,1,100,5,8,62,246691.08892798424
2137,-123.19999999999997,62,1,100,5,8,62,246830.852997303
2138,-123.19999999999997,62,1,100,5,8,62,246967.51428961754
2139,-123.19999999999997,62,1,100,5,8,62,247102.66577363014
2140,-123.19999999999997,62,1,100,5,8,62,247234.60979914665
2141,-123.19999999999997,62,1,100,5,8,62,247373.66209435463
2142,-123.19999999999997,62,1,100,5,8,62,247508.65798950195
2143,-123.19999999999997,62,1,100,5,8,62,247644.00391173363
2144,-123.19999999999997,62,1,100,5,8,62,247776.8567483425
2145,-123.19999999999997,62,1,100,5,8,62,247914.88181972504
2146,-123.19999999999997,62,1,100,5,8,62,248049.2299902439
2147,-123.19999999999997,62,1,100,5,8,62,248189.7238919735
2148,-123.19999999999997,62,1,100,5,8,62,248329.47132992744
2149,-123.19999999999997,62,1,100,5,8,62,248472.56639361382
2150,-123.19999999999997,62,1,100,5,8,62,248607.34907102585
2151,-123.19999999999997,62,1,100,5,8,62,248749.81468200684
2152,-123.19999999999997,62,1,100,5,8,62,248890.4407274723
2153,-123.19999999999997,62,1,100,5,8,62,249029.32276892662
2154,-123.19999999999997,62,1,100,5,8,62,249161.3931977749
2155,-123.19999999999997,62,1,100,5,8,62,249298.44640350342
2156,-123.19999999999997,62,1,100,5,8,62,249438.61264014244
2157,-123.19999999999997,62,1,100,5,8,62,249572.26482868195
2158,-123.19999999999997,62,1,100,5,8,62,249703.88213276863
2159,-123.19999999999997,62,1,100,5,8,62,249841.15013861656
2160,-123.19999999999997,62,1,100,5,8,62,249981.3448932171
2161,-123.19999999999997,62,1,100,5,8,62,250127.73074126244
2162,-123.19999999999997,62,1,100,5,8,62,250263.83566474915
2163,-123.19999999999997,62,1,100,5,8,62,250396.383163929
2164,-123.19999999999997,62,1,100,5,8,62,250534.66127610207
2165,-123.19999999999997,62,1,100,5,8,62,250672.18584895134
2166,-123.19999999999997,62,1,100,5,8,62,250805.00049734116
2167,-123.19999999999997,62,1,100,5,8,62,250938.43687033653
2168,-123.19999999999997,62,1,100,5,8,62,251087.45067238808
2169,-123.19999999999997,62,1,100,5,8,62,251232.15587878227
2170,-123.19999999999997,62,1,100,5,8,62,251365.11353969574
2171,-123.19999999999997,62,1,100,5,8,62,251503.13642263412
2172,-123.19999999999997,62,1,100,5,8,62,251634.67156147957
2173,-123.19999999999997,62,1,100,5,8,62,251780.3351302147
2174,-123.19999999999997,62,1,100,5,8,62,251921.72418785095
2175,-123.19999999999997,62,1,100,5,8,62,252080.5393667221
2176,-123.19999999999997,62,1,100,5,8,62,252237.71917510033
2177,-123.19999999999997,62,1,100,5,8,62,252400.27064037323
2178,-123.19999999999997,62,1,100,5,8,62,252548.23853039742
2179,-123.19999999999997,62,1,100,5,8,62,252695.76395893097
2180,-123.19999999999997,62,1,100,5,8,62,252837.44039940834
2181,-123.19999999999997,62,1,100,5,8,62,252991.56065273285
2182,-123.19999999999997,62,1,100,5,8,62,253145.69137597084
2183,-123.19999999999997,62,1,100,5,8,62,253288.86375641823
2184,-123.19999999999997,62,1,100,5,8,62,253448.52815151215
2185,-123.19999999999997,62,1,100,5,8,62,253617.49126505852
2186,-123.19999999999997,62,1,100,5,8,62,253767.8183915615
2187,-123.19999999999997,62,1,100,5,8,62,253929.48222136497
2188,-123.19999999999997,62,1,100,5,8,62,254078.12295889854
2189,-123.19999999999997,62,1,100,5,8,62,254226.13682937622
2190,-123.19999999999997,62,1,100,5,8,62,254371.84632849693
2191,-123.19999999999997,62,1,100,5,8,62,254528.3221130371
2192,-123.19999999999997,62,1,100,5,8,62,254689.9068608284
2193,-123.19999999999997,62,1,100,5,8,62,254852.99196004868
2194,-123.19999999999997,62,1,100,5,8,62,255004.54575324059
2195,-123.19999999999997,62,1,100,5,8,62,255149.18495059013
2196,-123.19999999999997,62,1,100,5,8,62,255291.6655471325
2197,-123.19999999999997,62,1,100,5,8,62,255441.0560772419
2198,-123.19999999999997,62,1,100,5,8,62,255602.5232129097
2199,-123.19999999999997,62,1,100,5,8,62,255748.88196253777
2200,-123.19999999999997,62,1,100,5,8,62,255905.01340985298
2201,-123.19999999999997,62,1,100,5,8,62,256060.1752486229
2202,-123.19999999999997,62,1,100,5,8,62,256216.77123332024
2203,-123.19999999999997,62,1,100,5,8,62,256377.45269083977
2204,-123.19999999999997,62,1,100,5,8,62,256527.32238149643
2205,-123.19999999999997,62,1,100,5,8,62,256694.14384770393
2206,-123.19999999999997,62,1,100,5,8,62,256843.36066174507
2207,-123.19999999999997,62,1,100,5,8,62,256981.33014059067
2208,-122.14999999999998,62,1,100,5,9,62,257119.89190149307
2209,-123.19999999999997,62,1,100,5,8,62,257260.78429484367
2210,-123.19999999999997,62,1,100,5,8,62,257400.01364588737
2211,-123.19999999999997,62,1,100,5,8,62,257564.51737213135
2212,-123.19999999999997,62,1,100,5,8,62,257729.12893390656
2213,-123.19999999999997,62,1,100,5,8,62,257896.36123871803
2214,-123.19999999999997,62,1,100,5,8,62,258063.65614891052
2215,-123.19999999999997,62,1,100,5,8,62,258223.91663980484
2216,-123.19999999999997,62,1,100,5,8,62,258391.38653159142
2217,-123.19999999999997,62,1,100,5,8,62,258549.69812226295
2218,-123.19999999999997,62,1,100,5,8,62,258697.6085243225
2219,-123.19999999999997,62,1,100,5,8,62,258858.86615514755
2220,-123.19999999999997,62,1,100,5,8,62,259020.79236912727
2221,-123.19999999999997,62,1,100,5,8,62,259191.0286643505
2222,-123.19999999999997,62,1,100,5,8,62,259355.47973060608
2223,-123.19999999999997,62,1,100,5,8,62,259524.26159381866
2224,-123.19999999999997,62,1,100,5,8,62,259717.28368592262
2225,-123.19999999999997,62,1,100,5,8,62,259894.62200641632
2226,-123.19999999999997,62,1,100,5,8,62,260063.87490153313
2227,-123.19999999999997,62,1,100,5,8,62,260219.7222738266
2228,-123.19999999999997,62,1,100,5,8,62,260404.4057650566
2229,-123.19999999999997,62,1,100,5,8,62,260567.6140756607
2230,-123.19999999999997,62,1,100,5,8,62,260725.23024702072
2231,-123.19999999999997,62,1,100,5,8,62,260873.45911955833
2232,-123.19999999999997,62,1,100,5,8,62,261037.51505875587
2233,-123.19999999999997,62,1,100,5,8,62,261197.72066664696
2234,-123.19999999999997,62,1,100,5,8,62,261348.4158627987
2235,-123.19999999999997,62,1,100,5,8,62,261495.76245307922
2236,-123.19999999999997,62,1,100,5,8,62,261639.86807060242
2237,-123.19999999999997,62,1,100,5,8,62,261791.26155543327
2238,-123.19999999999997,62,1,100,5,8,62,261941.30270528793
2239,-123.19999999999997,62,1,100,5,8,62,262086.04255270958
2240,-123.19999999999997,62,1,100,5,8,62,262237.20354890823
2241,-123.19999999999997,62,1,100,5,8,62,262396.306773901
2242,-123.19999999999997,62,1,100,5,8,62,262549.6523177624
2243,-123.19999999999997,62,1,100,5,8,62,262714.2797141075
2244,-123.19999999999997,62,1,100,5,8,62,262870.3426632881
2245,-123.19999999999997,62,1,100,5,8,62,263018.68583226204
2246,-123.19999999999997,62,1,100,5,8,62,263167.9014246464
2247,-123.19999999999997,62,1,100,5,8,62,263316.7548997402
2248,-123.19999999999997,62,1,100,5,8,62,263471.2465991974
2249,-123.19999999999997,62,1,100,5,8,62,263629.6034088135
2250,-123.19999999999997,62,1,100,5,8,62,263782.469260931
2251,-123.19999999999997,62,1,100,5,8,62,263943.6213541031
2252,-123.19999999999997,62,1,100,5,8,62,264094.66965198517
2253,-123.19999999999997,62,1,100,5,8,62,264231.763004303
2254,-123.19999999999997,62,1,100,5,8,62,264375.1896300316
2255,-123.19999999999997,62,1,100,5,8,62,264526.95758342743
2256,-123.19999999999997,62,1,100,5,8,62,264678.02614188194
2257,-123.19999999999997,62,1,100,5,8,62,264838.0601501465
2258,-123.19999999999997,62,1,100,5,8,62,265003.15822672844
2259,-123.19999999999997,62,1,100,5,8,62,265152.27058172226
2260,-123.19999999999997,62,1,100,5,8,62,265307.36413288116
2261,-123.19999999999997,62,1,100,5,8,62,265466.942633152
2262,-123.19999999999997,62,1,100,5,8,62,265629.65647673607
2263,-123.19999999999997,62,1,100,5,8,62,265778.2439174652
2264,-123.19999999999997,62,1,100,5,8,62,265930.9862496853
2265,-123.19999999999997,62,1,100,5,8,62,266091.7031636238
2266,-123.19999999999997,62,1,100,5,8,62,266249.7349946499
2267,-123.19999999999997,62,1,100,5,8,62,266429.09753251076
2268,-123.19999999999997,62,1,100,5,8,62,266581.4247825146
2269,-123.19999999999997,62,1,100,5,8,62,266728.0769686699
2270,-123.19999999999997,62,1,100,5,8,62,266874.1411538124
2271,-123.19999999999997,62,1,100,5,8,62,267027.28108263016
2272,-123.19999999999997,62,1,100,5,8,62,267178.2707207203
2273,-123.19999999999997,62,1,100,5,8,62,267340.17663121223
2274,-123.19999999999997,62,1,100,5,8,62,267494.65991163254
2275,-123.19999999999997,62,1,100,5,8,62,267660.4728782177
2276,-123.19999999999997,62,1,100,5,8,62,267817.7962834835
2277,-123.19999999999997,62,1,100,5,8,62,267976.97767043114
2278,-123.19999999999997,62,1,100,5,8,62,268133.0041165352
2279,-123.19999999999997,62,1,100,5,8,62,268281.2160601616
2280,-123.19999999999997,62,1,100,5,8,62,268433.778131485
2281,-122.44999999999997,62,1,100,9,11,62,268579.369579792
2282,-123.19999999999997,62,1,100,5,8,62,268725.8537297249
2283,-123.19999999999997,62,1,100,5,8,62,268880.14412879944
2284,-123.19999999999997,62,1,100,5,8,62,269036.8835258484
2285,-123.19999999999997,62,1,100,5,8,62,269187.6020627022
2286,-122.99999999999999,62,1,100,5,12,62,269338.5201320648
2287,-123.19999999999997,62,1,100,5,8,62,269509.50184988976
2288,-123.19999999999997,62,1,100,5,8,62,269662.28013539314
2289,-123.19999999999997,62,1,100,5,8,62,269798.27673220634
2290,-123.19999999999997,62,1,100,5,8,62,269936.9933450222
2291,-123.19999999999997,62,1,100,5,8,62,270071.59601068497
2292,-122.99999999999997,62,1,100,5,12,62,270204.247487545
2293,-123.19999999999997,62,1,100,5,8,62,270336.3236346245
2294,-123.19999999999997,62,1,100,5,8,62,270467.92481064796
2295,-123.19999999999997,62,1,100,5,8,62,270594.9683673382
2296,-123.19999999999997,62,1,100,5,8,62,270727.4784054756
2297,-123.19999999999997,62,1,100,5,8,62,270857.5394461155
2298,-122.14999999999998,62,1,100,5,9,62,270988.1039996147
2299,-121.39999999999999,62,1,100,5,12,62,271116.8420753479
2300,-123.19999999999997,62,1,100,5,8,62,271246.34373903275
2301,-122.99999999999999,62,1,100,5,12,62,271375.5071799755
2302,-123.19999999999997,62,1,100,5,8,62,271506.6651329994
2303,-123.19999999999997,62,1,100,5,8,62,271636.45600795746
2304,-122.99999999999999,62,1,100,5,12,62,271765.55224227905
2305,-123.19999999999997,62,1,100,5,8,62,271903.51569128036
2306,-122.99999999999997,62,1,100,5,12,62,272036.4145796299
2307,-123.19999999999997,62,1,100,5,8,62,272168.58388638496
2308,-123.19999999999997,62,1,100,5,8,62,272299.84138441086
2309,-122.99999999999997,62,1,100,5,12,62,272429.7490222454
2310,-122.99999999999999,62,1,100,5,12,62,272560.52886271477
2311,-123.19999999999997,62,1,100,5,8,62,272697.54493641853
2312,-123.19999999999997,62,1,100,5,8,62,272832.0778698921
2313,-123.19999999999997,62,1,100,5,8,62,272967.7486271858
2314,-122.39999999999999,62,1,100,5,12,62,273108.3135893345
2315,-123.19999999999997,62,1,100,5,8,62,273239.61865210533
2316,-123.19999999999997,62,1,100,5,8,62,273378.5758779049
2317,-123.19999999999997,62,1,100,5,8,62,273517.3941178322
2318,-123.19999999999997,62,1,100,5,8,62,273648.7477617264
2319,-123.19999999999997,62,1,100,5,8,62,273789.75699067116
2320,-123.19999999999997,62,1,100,5,8,62,273925.5825231075
2321,-123.19999999999997,62,1,100,5,8,62,274057.1385381222
2322,-123.19999999999997,62,1,100,5,8,62,274188.6789162159
2323,-123.19999999999997,62,1,100,5,8,62,274320.43892359734
2324,-123.19999999999997,62,1,100,5,8,62,274453.1699078083
2325,-123.19999999999997,62,1,100,5,8,62,274582.9702119827
2326,-123.19999999999997,62,1,100,5,8,62,274713.35677552223
2327,-123.19999999999997,62,1,100,5,8,62,274850.409399271
2328,-123.19999999999997,62,1,100,5,8,62,274985.9131398201
2329,-123.19999999999997,62,1,100,5,8,62,275137.788949728
2330,-123.19999999999997,62,1,100,5,8,62,275271.1128106117
2331,-123.19999999999997,62,1,100,5,8,62,275400.28645420074
2332,-123.19999999999997,62,1,100,5,8,62,275528.75900650024
2333,-123.19999999999997,62,1,100,5,8,62,275662.17295122147
2334,-123.19999999999997,62,1,100,5,8,62,275792.6287610531
2335,-123.19999999999997,62,1,100,5,8,62,275926.36214232445
2336,-123.19999999999997,62,1,100,5,8,62,276054.44742178917
2337,-123.19999999999997,62,1,100,5,8,62,276189.1658363342
2338,-123.19999999999997,62,1,100,5,8,62,276323.80308151245
2339,-123.19999999999997,62,1,100,5,8,62,276454.90180563927
2340,-122.99999999999997,62,1,100,8,12,62,276591.0814111233
2341,-123.19999999999997,62,1,100,5,8,62,276718.50806713104
2342,-123.19999999999997,62,1,100,5,8,62,276850.05265402794
2343,-123.19999999999997,62,1,100,5,8,62,276995.7791111469
2344,-123.19999999999997,62,1,100,5,8,62,277130.20888090134
2345,-123.19999999999997,62,1,100,5,8,62,277265.28475403786
2346,-123.19999999999997,62,1,100,5,8,62,277393.6762075424
2347,-123.19999999999997,62,1,100,5,8,62,277525.9348220825
2348,-123.19999999999997,62,1,100,5,8,62,277655.33626532555
2349,-123.19999999999997,62,1,100,5,8,62,277784.683119297
2350,-123.19999999999997,62,1,100,5,8,62,277914.8889145851
2351,-123.19999999999997,62,1,100,5,8,62,278051.38839769363
2352,-123.19999999999997,62,1,100,5,8,62,278183.06741023064
2353,-123.19999999999997,62,1,100,5,8,62,278320.2180659771
2354,-123.19999999999997,62,1,100,5,8,62,278455.4062204361
2355,-123.19999999999997,62,1,100,5,8,62,278583.8241724968
2356,-123.19999999999997,62,1,100,5,8,62,278718.8690958023
2357,-123.19999999999997,62,1,100,5,8,62,278849.02589797974
2358,-123.19999999999997,62,1,100,5,8,62,278976.36918115616
2359,-123.19999999999997,62,1,100,5,8,62,279109.48883223534
2360,-123.19999999999997,62,1,100,5,8,62,279245.81052184105
2361,-123.19999999999997,62,1,100,5,8,62,279380.2824289799
2362,-123.19999999999997,62,1,100,5,8,62,279507.24567866325
2363,-123.19999999999997,62,1,100,5,8,62,279636.4200873375
2364,-123.19999999999997,62,1,100,5,8,62,279761.1294622421
2365,-123.19999999999997,62,1,100,5,8,62,279894.51314663887
2366,-123.19999999999997,62,1,100,5,8,62,280021.43204665184
2367,-123.19999999999997,62,1,100,5,8,62,280149.2109103203
2368,-123.19999999999997,62,1,100,5,8,62,280283.61487054825
2369,-123.19999999999997,62,1,100,5,8,62,280427.12506365776
2370,-123.19999999999997,62,1,100,5,8,62,280568.28654551506
2371,-123.19999999999997,62,1,100,5,8,62,280700.38726234436
2372,-123.19999999999997,62,1,100,5,8,62,280833.49756097794
2373,-123.19999999999997,62,1,100,5,8,62,280966.028121233
2374,-123.19999999999997,62,1,100,5,8,62,281107.94960045815
2375,-125.04999999999998,62,1,100,5,11,62,281244.18874669075
2376,-123.19999999999997,62,1,100,5,8,62,281381.3968451023
2377,-123.19999999999997,62,1,100,5,8,62,281516.16949415207
2378,-123.19999999999997,62,1,100,5,8,62,281649.9060411453
2379,-123.19999999999997,62,1,100,5,8,62,281782.27829504013
2380,-123.19999999999997,62,1,100,5,8,62,281922.79756116867
2381,-123.19999999999997,62,1,100,5,8,62,282055.8089969158
2382,-123.19999999999997,62,1,100,5,8,62,282188.26112008095
2383,-122.99999999999999,62,1,100,5,12,62,282316.6373553276
2384,-123.19999999999997,62,1,100,5,8,62,282450.31399583817
2385,-123.19999999999997,62,1,100,5,8,62,282580.1775331497
2386,-123.19999999999997,62,1,100,5,8,62,282712.01238822937
2387,-123.19999999999997,62,1,100,5,8,62,282842.1917722225
2388,-122.99999999999999,62,1,100,5,12,62,282972.9666774273
2389,-123.19999999999997,62,1,100,5,8,62,283103.3618898392
2390,-123.19999999999997,62,1,100,5,8,62,283238.15945625305
2391,-123.19999999999997,62,1,100,5,8,62,283369.8190701008
2392,-123.19999999999997,62,1,100,5,8,62,283499.7436335087
2393,-123.19999999999997,62,1,100,5,8,62,283627.84616184235
2394,-122.14999999999998,62,1,100,5,9,62,283771.31072998047
2395,-123.19999999999997,62,1,100,5,8,62,283910.8224670887
2396,-123.19999999999997,62,1,100,5,8,62,284048.1185774803
2397,-123.19999999999997,62,1,100,5,8,62,284178.10386657715
2398,-123.19999999999997,62,1,100,5,8,62,284310.4262833595
2399,-123.19999999999997,62,1,100,5,8,62,284442.23801732063
2400,-123.19999999999997,62,1,100,5,8,62,284573.1399743557
2401,-123.19999999999997,62,1,100,5,8,62,284704.8033080101
2402,-123.19999999999997,62,1,100,5,8,62,284841.16468286514
2403,-123.19999999999997,62,1,100,5,8,62,284983.16878795624
2404,-123.19999999999997,62,1,100,5,8,62,285116.13981080055
2405,-123.19999999999997,62,1,100,5,8,62,285244.43358540535
2406,-123.19999999999997,62,1,100,5,8,62,285396.050334692
2407,-123.19999999999997,62,1,100,5,8,62,285531.7191593647
2408,-123.19999999999997,62,1,100,5,8,62,285665.03812527657
2409,-121.39999999999998,62,1,100,5,12,62,285795.38252711296
2410,-123.19999999999997,62,1,100,5,8,62,285923.0524122715
2411,-123.04999999999998,62,1,100,5,11,62,286071.88896894455
2412,-123.19999999999997,62,1,100,5,8,62,286201.37240695953
2413,-123.19999999999997,62,1,100,5,8,62,286336.10833096504
2414,-123.19999999999997,62,1,100,5,8,62,286464.733638525
2415,-122.39999999999998,62,1,100,5,12,62,286596.6678068638
2416,-123.19999999999997,62,1,100,5,8,62,286743.9268538952
2417,-123.19999999999997,62,1,100,5,8,62,286902.47778248787
2418,-123.19999999999997,62,1,100,5,8,62,287052.1330883503
2419,-123.19999999999997,62,1,100,5,8,62,287184.76612091064
2420,-123.19999999999997,62,1,100,5,8,62,287315.15963053703
2421,-123.19999999999997,62,1,100,5,8,62,287449.0057954788
2422,-123.19999999999997,62,1,100,5,8,62,287590.49978494644
2423,-123.19999999999997,62,1,100,5,8,62,287715.70822787285
2424,-123.19999999999997,62,1,100,5,8,62,287844.452149868
2425,-123.19999999999997,62,1,100,5,8,62,287974.45570111275
2426,-123.19999999999997,62,1,100,5,8,62,288109.2106812
2427,-123.19999999999997,62,1,100,5,8,62,288244.23663020134
2428,-123.19999999999997,62,1,100,5,8,62,288373.2821059227
2429,-123.19999999999997,62,1,100,5,8,62,288506.96400260925
2430,-123.19999999999997,62,1,100,5,8,62,288634.00288653374
2431,-123.19999999999997,62,1,100,5,8,62,288768.38431477547
2432,-123.19999999999997,62,1,100,5,8,62,288895.2325744629
2433,-123.19999999999997,62,1,100,5,8,62,289024.49330329895
2434,-123.19999999999997,62,1,100,5,8,62,289157.906024456
2435,-123.19999999999997,62,1,100,5,8,62,289295.18711709976
2436,-123.19999999999997,62,1,100,5,8,62,289432.7669014931
2437,-123.19999999999997,62,1,100,5,8,62,289560.5339360237
2438,-123.19999999999997,62,1,100,5,8,62,289702.4750409126
2439,-123.19999999999997,62,1,100,5,8,62,289830.0550060272
2440,-122.14999999999998,62,1,100,5,9,62,289957.4777905941
2441,-123.19999999999997,62,1,100,5,8,62,290082.21018075943
2442,-125.14999999999998,62,1,100,5,9,62,290209.9422638416
2443,-123.19999999999997,62,1,100,5,8,62,290342.4118216038
2444,-122.14999999999998,62,1,100,5,9,62,290477.0232388973
2445,-123.19999999999997,62,1,100,5,8,62,290611.74807429314
2446,-122.14999999999998,62,1,100,5,9,62,290744.7977027893
2447,-122.99999999999999,62,1,100,5,12,62,290876.8979203701
2448,-122.14999999999998,62,1,100,5,9,62,291007.5491988659
2449,-123.19999999999997,62,1,100,5,8,62,291139.0219194889
2450,-123.19999999999997,62,1,100,5,8,62,291268.53910541534
2451,-123.19999999999997,62,1,100,5,8,62,291400.2397623062
2452,-123.09999999999998,62,1,100,5,10,62,291533.2908837795
2453,-121.94999999999999,62,1,100,5,13,62,291671.804977417
2454,-122.99999999999999,62,1,100,5,12,62,291801.0141146183
2455,-123.19999999999997,62,1,100,5,8,62,291927.92510676384
2456,-119.64999999999998,62,1,100,5,9,62,292060.2218120098
2457,-121.94999999999999,62,1,100,5,13,62,292188.90342640877
2458,-119.64999999999998,62,1,100,5,9,62,292316.6407997608
2459,-121.24999999999997,62,1,100,5,9,62,292442.8245074749
2460,-121.44999999999999,62,1,100,5,15,62,292562.83830976486
2461,-121.94999999999999,62,1,100,5,13,62,292693.39983582497
2462,-119.64999999999998,62,1,100,5,9,62,292824.7749609947
2463,-122.94999999999996,62,1,100,5,15,62,292968.8770246506
2464,-121.24999999999997,62,1,100,5,9,62,293097.150660038
2465,-121.24999999999997,62,1,100,5,9,62,293227.9879362583
2466,-123.94999999999999,62,1,100,5,17,62,293352.6551337242
2467,-122.75,62,1,100,5,21,62,293469.71023631096
2468,-118.3,62,1,100,5,18,62,293599.27777576447
2469,-121.09999999999998,62,1,100,5,14,62,293722.44088864326
2470,-121.89999999999998,62,1,100,5,18,62,293839.428689003
2471,-120.15,62,1,100,5,23,62,293955.251298666
2472,-122.55,62,1,100,5,25,62,294095.68790245056
2473,-120.84999999999998,62,1,100,5,21,62,294216.07418751717
2474,-119.34999999999998,62,1,100,5,9,62,294341.1846215725
2475,-118.49999999999999,62,1,100,5,18,62,294476.35947322845
2476,-121.55,62,1,100,5,23,62,294594.3737885952
2477,-121.25000000000003,62,1,100,5,27,62,294717.64068961143
2478,-119.05,62,1,100,5,19,62,294846.8753273487
2479,-117.25,62,1,100,5,21,62,294974.49639987946
2480,-115.35,62,1,100,5,21,62,295095.58399128914
2481,-115.54999999999997,62,1,100,5,9,62,295225.24317240715
2482,-114.59999999999998,62,1,100,5,14,62,295347.0213639736
2483,-120.94999999999999,62,1,100,5,21,62,295463.8422861099
2484,-120.94999999999999,62,1,100,5,19,62,295592.3216202259
2485,-115.69999999999996,62,1,100,5,14,62,295714.47536087036
2486,-116.34999999999998,62,1,100,5,13,62,295847.28162169456
2487,-114.54999999999998,62,1,100,5,9,62,295973.7345106602
2488,-118.99999999999999,62,1,100,5,18,62,296103.2677137852
2489,-113.69999999999996,62,1,100,5,8,62,296236.51739144325
2490,-112.84999999999998,62,1,100,5,13,62,296366.02509737015
2491,-113.69999999999996,62,1,100,5,8,62,296489.7006120682
2492,-113.69999999999996,62,1,100,5,8,62,296613.7169342041
2493,-113.69999999999996,62,1,100,5,8,62,296745.01576399803
2494,-113.69999999999996,62,1,100,5,8,62,296870.7887187004
2495,-113.69999999999996,62,1,100,5,8,62,297001.4122416973
2496,-113.69999999999996,62,1,100,5,8,62,297123.96469449997
2497,-112.84999999999998,62,1,100,5,13,62,297244.7491209507
2498,-114.64999999999996,62,1,100,5,9,62,297373.2526488304
2499,-116.29999999999998,62,1,100,5,14,62,297500.19743561745
2500,-113.94999999999996,62,1,100,5,9,62,297624.9831402302
2501,-113.94999999999996,62,1,100,5,9,62,297756.11026859283
2502,-114.54999999999997,62,1,100,5,9,62,297886.1365339756
2503,-113.69999999999996,62,1,100,5,8,62,298026.43828749657
2504,-113.69999999999996,62,1,100,5,8,62,298160.97853946686
2505,-112.94999999999997,62,1,100,5,11,62,298282.0067753792
2506,-112.04999999999997,62,1,100,5,9,62,298408.6110050678
2507,-112.04999999999998,62,1,100,5,9,62,298533.4225246906
2508,-114.69999999999999,62,1,100,5,14,62,298658.0744688511
2509,-112.04999999999997,62,1,100,5,9,62,298785.06813669205
2510,-112.04999999999997,62,1,100,5,9,62,298913.0974767208
2511,-113.69999999999996,62,1,100,5,8,62,299037.29546928406
2512,-113.69999999999996,62,1,100,5,8,62,299166.9294896126
2513,-113.69999999999996,62,1,100,5,8,62,299303.49723625183
2514,-113.64999999999996,62,1,100,5,9,62,299428.78882694244
2515,-113.69999999999996,62,1,100,5,8,62,299559.2504673004
2516,-113.69999999999996,62,1,100,5,8,62,299690.5029025078
2517,-112.04999999999997,62,1,100,5,9,62,299815.1991634369
2518,-113.69999999999996,62,1,100,5,8,62,299946.0917799473
2519,-112.5,62,1,100,5,18,62,300068.45242905617
2520,-113.84999999999998,62,1,100,5,13,62,300203.24417185783
2521,-112.04999999999997,62,1,100,5,9,62,300328.2750732899
2522,-113.69999999999996,62,1,100,5,8,62,300453.6719584465
2523,-113.69999999999996,62,1,100,5,8,62,300578.6794331074
2524,-112.04999999999998,62,1,100,5,9,62,300701.3217020035
2525,-115.35000000000001,62,1,100,5,21,62,300836.02681064606
2526,-113.69999999999996,62,1,100,5,8,62,300958.1542105675
2527,-112.04999999999997,62,1,100,5,9,62,301079.6826865673
2528,-112.04999999999997,62,1,100,5,9,62,301202.6577899456
2529,-113.69999999999996,62,1,100,5,8,62,301336.5277502537
2530,-113.69999999999996,62,1,100,5,8,62,301467.74019408226
2531,-113.69999999999996,62,1,100,5,8,62,301590.81664443016
2532,-113.69999999999996,62,1,100,5,8,62,301719.6407260895
2533,-113.69999999999996,62,1,100,5,8,62,301852.00972151756
2534,-115.84999999999998,62,1,100,5,15,62,301972.76221370697
2535,-113.69999999999996,62,1,100,5,8,62,302099.16716480255
2536,-113.69999999999996,62,1,100,5,8,62,302218.48012828827
2537,-119.29999999999998,62,1,100,5,16,62,302336.21152949333
2538,-113.69999999999996,62,1,100,5,8,62,302458.77574181557
2539,-113.69999999999996,62,1,100,5,8,62,302587.0583086014
2540,-113.69999999999996,62,1,100,5,8,62,302713.7771985531
2541,-113.69999999999996,62,1,100,5,8,62,302850.57318401337
2542,-112.04999999999997,62,1,100,5,9,62,302973.0894944668
2543,-113.69999999999996,62,1,100,5,8,62,303096.31871175766
2544,-113.69999999999996,62,1,100,5,8,62,303220.51153349876
2545,-113.69999999999996,62,1,100,5,8,62,303361.90741562843
2546,-112.04999999999997,62,1,100,5,9,62,303490.088555336
2547,-112.04999999999998,62,1,100,5,9,62,303618.1483783722
2548,-113.69999999999996,62,1,100,5,8,62,303747.5445520878
2549,-113.69999999999996,62,1,100,5,8,62,303868.72387099266
2550,-112.84999999999998,62,1,100,5,13,62,303998.8602859974
2551,-113.69999999999996,62,1,100,5,8,62,304127.36339330673
2552,-111.89999999999998,62,1,100,5,12,62,304256.40936374664
2553,-112.04999999999997,62,1,100,5,9,62,304380.5839486122
2554,-113.69999999999996,62,1,100,5,8,62,304508.36029314995
2555,-113.69999999999996,62,1,100,5,8,62,304634.76983356476
2556,-113.69999999999996,62,1,100,5,8,62,304758.42781734467
2557,-112.04999999999997,62,1,100,5,9,62,304885.7173652649
2558,-112.04999999999997,62,1,100,5,9,62,305010.41820144653
2559,-113.69999999999996,62,1,100,5,8,62,305140.18802046776
2560,-113.69999999999996,62,1,100,5,8,62,305271.0666451454
2561,-113.69999999999996,62,1,100,5,8,62,305403.5987300873
2562,-113.69999999999996,62,1,100,5,8,62,305531.07888555527
2563,-113.69999999999996,62,1,100,5,8,62,305655.6492230892
2564,-113.69999999999996,62,1,100,5,8,62,305776.29472351074
2565,-113.69999999999996,62,1,100,5,8,62,305900.44775366783
2566,-113.69999999999996,62,1,100,5,8,62,306025.04709768295
2567,-111.89999999999998,62,1,100,5,12,62,306156.1125423908
2568,-113.69999999999996,62,1,100,5,8,62,306284.20621967316
2569,-112.94999999999996,62,1,100,5,11,62,306405.1570029259
2570,-113.69999999999996,62,1,100,5,8,62,306527.4401834011
2571,-112.04999999999998,62,1,100,5,9,62,306653.0039117336
2572,-113.69999999999996,62,1,100,5,8,62,306778.23255467415
2573,-113.69999999999996,62,1,100,5,8,62,306904.89229011536
2574,-120.1,62,1,100,5,20,62,307023.2519650459
2575,-113.69999999999996,62,1,100,5,8,62,307154.80355095863
2576,-112.04999999999997,62,1,100,5,9,62,307299.0446398258
2577,-112.04999999999997,62,1,100,5,9,62,307424.79178214073
2578,-113.69999999999996,62,1,100,5,8,62,307558.29679727554
2579,-113.69999999999996,62,1,100,5,8,62,307679.77011585236
2580,-121.19999999999999,62,1,100,5,16,62,307805.47710442543
2581,-115.84999999999998,62,1,100,5,15,62,307927.5981850624
2582,-113.69999999999996,62,1,100,5,8,62,308055.800093174
2583,-113.69999999999996,62,1,100,5,8,62,308179.9224784374
2584,-113.69999999999996,62,1,100,5,8,62,308310.6630218029
2585,-113.69999999999996,62,1,100,5,8,62,308439.0332684517
2586,-113.69999999999996,62,1,100,5,8,62,308568.61479759216
2587,-113.69999999999996,62,1,100,5,8,62,308701.8632042408
2588,-113.69999999999996,62,1,100,5,8,62,308827.54082632065
2589,-113.69999999999996,62,1,100,5,8,62,308972.1629037857
2590,-113.69999999999996,62,1,100,5,8,62,309102.277163744
2591,-115.54999999999997,62,1,100,5,9,62,309229.1522343159
2592,-113.74999999999997,62,1,100,5,13,62,309351.6957347393
2593,-113.69999999999996,62,1,100,5,8,62,309478.3163816929
2594,-113.69999999999996,62,1,100,5,8,62,309610.2037909031
2595,-113.69999999999996,62,1,100,5,8,62,309739.0492899418
2596,-113.69999999999996,62,1,100,5,8,62,309869.298763752
2597,-113.94999999999997,62,1,100,5,11,62,309995.2417473793
2598,-113.69999999999996,62,1,100,5,8,62,310121.35144114494
2599,-113.69999999999996,62,1,100,5,8,62,310246.70823693275
2600,-117.29999999999998,62,1,100,5,12,62,310375.36080789566
2601,-117.29999999999998,62,1,100,5,12,62,310496.00397729874
2602,-113.69999999999996,62,1,100,5,8,62,310620.7256257534
2603,-113.69999999999996,62,1,100,5,8,62,310746.6411392689
2604,-113.69999999999996,62,1,100,5,8,62,310885.2118651867
2605,-113.69999999999996,62,1,100,5,8,62,311013.78384137154
2606,-117.29999999999995,62,1,100,5,12,62,311137.89885926247
2607,-113.69999999999996,62,1,100,5,8,62,311268.90524959564
2608,-113.69999999999996,62,1,100,5,8,62,311403.47749209404
2609,-118.19999999999999,62,1,100,5,12,62,311524.7634985447
2610,-132.75,62,1,100,5,17,62,311639.5533673763
2611,-139.1,62,1,100,5,12,62,311740.5691521168
2613,-141.05,62,1,100,5,11,62,311942.25303673744
2614,-141.05,62,1,100,5,11,62,312049.1315436363
2615,-141.05,62,1,100,5,11,62,312147.4514679909
2616,-141.05,62,1,100,5,11,62,312249.2573206425
2617,-141.05,62,1,100,5,11,62,312352.2826447487
2619,-141.05,62,1,100,5,11,62,312606.9954020977
2620,-138.95,62,1,100,5,17,62,312708.02475976944
2621,-141.05,62,1,100,5,11,62,312814.28532886505
2622,-139.1,62,1,100,5,12,62,312917.9941678047
2624,-141.05,62,1,100,5,11,62,313127.42296910286
2625,-135.29999999999998,62,1,100,5,12,62,313246.26141905785
2626,-141.05,62,1,100,5,11,62,313351.30511140823
2627,-139.05,62,1,100,5,13,62,313468.7779932022
2628,-139.1,62,1,100,5,12,62,313579.6398522854
2629,-137.2,62,1,100,5,12,62,313685.50339818
2630,-138.70000000000002,62,1,100,5,22,62,313790.850069046
2631,-141.05,62,1,100,5,11,62,313907.62645864487
2632,-141.05,62,1,100,5,11,62,314014.9288356304
2633,-138.70000000000002,62,1,100,5,22,62,314123.4308695793
2634,-141.05,62,1,100,5,11,62,314225.08967781067
2636,-141.05,62,1,100,5,11,62,314446.2469637394
2637,-140.85000000000002,62,1,100,33,15,62,314554.9324131012
2638,-138.9,62,1,100,5,16,62,314662.33228063583
2639,-135.1,62,1,100,5,18,62,314768.984341383
2640,-134.2,62,1,100,5,18,62,314885.0128250122
2641,-129.34999999999997,62,1,100,5,17,62,315005.6803743839
2642,-129.34999999999997,62,1,100,5,17,62,315115.1260225773
2643,-125.89999999999999,62,1,100,5,24,62,315209.9342932701
2644,-125.54999999999997,62,1,100,5,19,62,315308.0132050514
2645,-128.5,62,1,100,5,16,62,315405.22286343575
2646,-131.10000000000002,62,1,100,5,22,62,315477.1989696026
2647,-125.44999999999999,62,1,100,5,21,62,315572.53685998917
2648,-122.89999999999996,62,1,100,5,16,62,315680.4865643978
2649,-123.19999999999997,62,1,100,5,16,62,315780.51545238495
2650,-125.54999999999998,62,1,100,5,19,62,315879.21081995964
2651,-125.54999999999997,62,1,100,5,17,62,315985.1136548519
2652,-127.44999999999999,62,1,100,5,17,62,316074.9186244011
2653,-117.35,62,1,100,5,17,62,316190.13956069946
2654,-127.39999999999999,62,1,100,5,20,62,316288.9843158722
2655,-119.05,62,1,100,5,17,62,316410.3484466076
2656,-114.74999999999997,62,1,100,5,15,62,316528.68068790436
2657,-113.69999999999996,62,1,100,5,8,62,316649.72026467323
2658,-115.29999999999998,62,1,100,5,14,62,316764.6557855606
2659,-113.69999999999996,62,1,100,5,8,62,316874.96775484085
2660,-113.69999999999996,62,1,100,5,8,62,316984.69239997864
2661,-116.14999999999998,62,1,100,5,17,62,317088.3077015877
2662,-113.69999999999996,62,1,100,5,8,62,317197.14869356155
2663,-112.84999999999998,62,1,100,5,13,62,317305.3062405586
2664,-112.04999999999997,62,1,100,5,9,62,317412.10602378845
2665,-113.69999999999996,62,1,100,5,8,62,317520.218159914
2666,-117.29999999999995,62,1,100,5,12,62,317624.47532987595
2667,-113.74999999999999,62,1,100,5,13,62,317733.1895415783
2668,-115.44999999999997,62,1,100,5,11,62,317839.9552657604
2669,-113.69999999999996,62,1,100,5,8,62,317948.01471710205
2670,-113.69999999999996,62,1,100,5,8,62,318069.16260170937
2671,-120.09999999999998,62,1,100,5,20,62,318186.87514424324
2672,-116.14999999999999,62,1,100,5,15,62,318313.77968001366
2673,-113.89999999999998,62,1,100,5,12,62,318439.2014389038
2674,-113.69999999999996,62,1,100,5,8,62,318560.85212397575
2675,-112.04999999999997,62,1,100,5,9,62,318675.74635005
2676,-113.69999999999996,62,1,100,5,8,62,318788.9926085472
2677,-113.69999999999996,62,1,100,5,8,62,318893.66378331184
2678,-113.69999999999996,62,1,100,5,8,62,319007.137403965
2679,-113.69999999999996,62,1,100,5,8,62,319117.40561056137
2680,-117.9,62,1,100,5,20,62,319221.5602221489
2681,-113.59999999999998,62,1,100,5,16,62,319326.4354658127
2682,-113.69999999999996,62,1,100,5,8,62,319431.1862425804
2683,-113.69999999999996,62,1,100,5,8,62,319533.62620282173
2684,-112.04999999999997,62,1,100,5,9,62,319639.9417345524
2685,-112.04999999999997,62,1,100,5,9,62,319753.9992413521
2686,-113.74999999999999,62,1,100,5,13,62,319867.98456048965
2687,-115.84999999999998,62,1,100,5,15,62,319977.63400030136
2688,-113.69999999999996,62,1,100,5,8,62,320084.0985443592
2689,-113.69999999999996,62,1,100,5,8,62,320199.1204044819
2690,-113.69999999999996,62,1,100,5,8,62,320326.0038869381
2691,-114.44999999999997,62,1,100,5,11,62,320448.49291706085
2692,-115.64999999999996,62,1,100,5,13,62,320565.5280101299
2693,-113.69999999999996,62,1,100,5,8,62,320681.51732063293
2694,-113.69999999999996,62,1,100,5,8,62,320802.476811409
2695,-113.69999999999996,62,1,100,5,8,62,320925.7247555256
2696,-113.69999999999996,62,1,100,5,8,62,321040.5601797104
2697,-113.69999999999996,62,1,100,5,8,62,321155.64832401276
2698,-113.69999999999996,62,1,100,5,8,62,321263.7386710644
2699,-113.69999999999996,62,1,100,5,8,62,321379.69898557663
2700,-111.89999999999996,62,1,100,5,12,62,321489.2294111252
2701,-113.69999999999996,62,1,100,5,8,62,321594.0786206722
2702,-113.69999999999996,62,1,100,5,8,62,321699.16284894943
2703,-113.69999999999996,62,1,100,5,8,62,321804.4732544422
2704,-113.69999999999996,62,1,100,5,8,62,321909.35526013374
2705,-115.84999999999998,62,1,100,5,15,62,322013.4900062084
2706,-113.69999999999996,62,1,100,5,8,62,322118.47551202774
2707,-113.69999999999996,62,1,100,5,8,62,322222.4658007622
2708,-113.69999999999996,62,1,100,5,8,62,322327.481995821
2709,-113.69999999999996,62,1,100,5,8,62,322433.7194490433
2710,-113.69999999999996,62,1,100,5,8,62,322539.12321686745
2711,-113.69999999999996,62,1,100,5,8,62,322643.7425124645
2712,-113.69999999999996,62,1,100,5,8,62,322751.2329659462
2713,-113.69999999999996,62,1,100,5,8,62,322859.0426621437
2714,-113.69999999999996,62,1,100,5,8,62,322963.3466191292
2715,-113.69999999999996,62,1,100,5,8,62,323066.74082517624
2716,-113.69999999999996,62,1,100,5,8,62,323169.74675631523
2717,-113.69999999999996,62,1,100,5,8,62,323274.759226799
2718,-113.69999999999996,62,1,100,5,8,62,323377.74215078354
2719,-115.39999999999996,62,1,100,5,12,62,323486.08903861046
2720,-113.69999999999996,62,1,100,5,8,62,323606.1848962307
2721,-113.69999999999996,62,1,100,5,8,62,323725.0532171726
2722,-113.69999999999996,62,1,100,5,8,62,323842.99429655075
2723,-113.69999999999996,62,1,100,5,8,62,323961.6893596649
2724,-113.69999999999996,62,1,100,5,8,62,324065.16585993767
2725,-113.69999999999996,62,1,100,5,8,62,324169.9045650959
2726,-113.69999999999996,62,1,100,5,8,62,324274.1011695862
2727,-113.69999999999996,62,1,100,5,8,62,324378.16325616837
2728,-113.69999999999996,62,1,100,5,8,62,324482.0903427601
2729,-113.69999999999996,62,1,100,5,8,62,324588.881772995
2730,-113.69999999999996,62,1,100,5,8,62,324696.132168293
2731,-113.69999999999996,62,1,100,5,8,62,324802.78543639183
2732,-113.69999999999996,62,1,100,5,8,62,324908.613918066
2733,-112.04999999999997,62,1,100,5,9,62,325016.5892198086
2734,-113.69999999999996,62,1,100,5,8,62,325123.72996520996
2735,-112.84999999999998,62,1,100,5,13,62,325227.11620903015
2736,-113.69999999999996,62,1,100,5,8,62,325331.50213456154
2737,-113.69999999999996,62,1,100,5,8,62,325437.6326947212
2738,-113.69999999999996,62,1,100,5,8,62,325541.58136844635
2739,-113.69999999999996,62,1,100,5,8,62,325646.0581483841
2740,-113.69999999999996,62,1,100,5,8,62,325750.02610874176
2741,-113.69999999999996,62,1,100,5,8,62,325853.8802719116
2742,-113.69999999999996,62,1,100,5,8,62,325959.2567989826
2743,-113.69999999999996,62,1,100,5,8,62,326063.30273365974
2744,-113.69999999999996,62,1,100,5,8,62,326170.35993623734
2745,-113.69999999999996,62,1,100,5,8,62,326278.4234404564
2746,-112.84999999999997,62,1,100,5,13,62,326382.1515996456
2747,-113.69999999999996,62,1,100,5,8,62,326484.4446260929
2748,-113.69999999999996,62,1,100,5,8,62,326587.44599318504
2749,-113.69999999999996,62,1,100,5,8,62,326692.76963353157
2750,-113.69999999999996,62,1,100,5,8,62,326796.92761683464
2751,-113.69999999999996,62,1,100,5,8,62,326901.5654389858
2752,-113.69999999999996,62,1,100,5,8,62,327005.6112809181
2753,-111.89999999999998,62,1,100,5,12,62,327112.5718808174
2754,-112.84999999999998,62,1,100,5,13,62,327216.0386457443
2755,-113.69999999999996,62,1,100,5,8,62,327320.1464960575
2756,-113.69999999999996,62,1,100,5,8,62,327425.3044042587
2757,-113.69999999999996,62,1,100,5,8,62,327528.32751750946
2758,-113.69999999999996,62,1,100,5,8,62,327631.4387266636
2759,-113.69999999999996,62,1,100,5,8,62,327736.3316926956
2760,-113.69999999999996,62,1,100,5,8,62,327836.66035056114
2761,-113.69999999999996,62,1,100,5,8,62,327937.54239988327
2762,-112.04999999999997,62,1,100,5,9,62,328037.916990757
2763,-113.69999999999996,62,1,100,5,8,62,328141.6562283039
2764,-113.69999999999996,62,1,100,5,8,62,328242.1028623581
2765,-113.69999999999996,62,1,100,5,8,62,328345.14516830444
2766,-113.69999999999996,62,1,100,5,8,62,328449.30949020386
2767,-115.39999999999998,62,1,100,5,12,62,328555.4148671627
2768,-113.69999999999996,62,1,100,5,8,62,328658.3013203144
2769,-113.69999999999996,62,1,100,5,8,62,328762.37332963943
2770,-113.69999999999996,62,1,100,5,8,62,328866.5391716957
2771,-115.39999999999996,62,1,100,5,12,62,328971.07261633873
2772,-115.39999999999998,62,1,100,5,12,62,329075.56946611404
2773,-113.69999999999996,62,1,100,5,8,62,329180.4814314842
2774,-113.69999999999996,62,1,100,5,8,62,329287.4315404892
2775,-113.69999999999996,62,1,100,5,8,62,329394.6171131134
2776,-113.69999999999996,62,1,100,5,8,62,329510.50597667694
2777,-113.69999999999996,62,1,100,5,8,62,329619.941357851
2778,-113.69999999999996,62,1,100,5,8,62,329740.673170805
2779,-113.69999999999996,62,1,100,5,8,62,329846.3086719513
2780,-113.69999999999996,62,1,100,5,8,62,329955.0849676132
2781,-113.69999999999996,62,1,100,5,8,62,330063.5337302685
2782,-113.69999999999996,62,1,100,5,8,62,330171.2689304352
2783,-113.69999999999996,62,1,100,5,8,62,330284.4171714783
2784,-113.69999999999996,62,1,100,5,8,62,330399.55704569817
2785,-113.69999999999996,62,1,100,5,8,62,330514.6089375019
2786,-113.69999999999996,62,1,100,5,8,62,330633.46346092224
2787,-113.69999999999996,62,1,100,5,8,62,330749.35910248756
2788,-113.69999999999996,62,1,100,5,8,62,330864.6216042042
2789,-113.69999999999996,62,1,100,5,8,62,330978.2717888355
2790,-117.44999999999997,62,1,100,5,15,62,331090.7691180706
2791,-113.69999999999996,62,1,100,5,8,62,331209.73767852783
2792,-113.69999999999996,62,1,100,5,8,62,331328.18633556366
2793,-113.69999999999996,62,1,100,5,8,62,331434.41145825386
2794,-113.94999999999996,62,1,100,5,9,62,331540.5425171852
2795,-121.24999999999997,62,1,100,5,9,62,331650.78050112724
2796,-123.19999999999997,62,1,100,5,8,62,331760.66937184334
2797,-123.19999999999997,62,1,100,5,8,62,331869.42111516
2798,-123.19999999999997,62,1,100,5,8,62,331975.2051701546
2799,-123.19999999999997,62,1,100,5,8,62,332083.40250372887
2800,-123.19999999999997,62,1,100,5,8,62,332190.38628435135
2801,-122.14999999999998,62,1,100,5,9,62,332297.9748136997
2802,-123.19999999999997,62,1,100,5,8,62,332404.4604873657
2803,-123.19999999999997,62,1,100,5,8,62,332510.69543266296
2804,-123.19999999999997,62,1,100,5,8,62,332618.1226375103
2805,-119.64999999999998,62,1,100,5,9,62,332725.6968932152
2806,-119.64999999999998,62,1,100,5,9,62,332832.1161892414
2807,-117.74999999999997,62,1,100,5,9,62,332937.4739410877
2808,-115.54999999999997,62,1,100,5,9,62,333041.55371427536
2809,-113.64999999999996,62,1,100,5,9,62,333147.00082445145
2810,-112.04999999999997,62,1,100,5,9,62,333250.6388692856
2811,-113.69999999999996,62,1,100,5,8,62,333355.84025621414
2812,-113.69999999999996,62,1,100,5,8,62,333459.49329924583
2813,-112.04999999999997,62,1,100,5,9,62,333565.0235505104
2814,-113.69999999999996,62,1,100,5,8,62,333671.31068348885
2815,-113.69999999999996,62,1,100,5,8,62,333776.74749469757
2816,-113.69999999999996,62,1,100,5,8,62,333881.319157362
2817,-113.69999999999996,62,1,100,5,8,62,333987.63459920883
2818,-113.69999999999996,62,1,100,5,8,62,334092.60703372955
2819,-112.04999999999997,62,1,100,5,9,62,334198.0066845417
2820,-113.69999999999996,62,1,100,5,8,62,334305.76354265213
2821,-113.69999999999996,62,1,100,5,8,62,334410.55723905563
2822,-113.69999999999996,62,1,100,5,8,62,334515.9154624939
2823,-113.69999999999996,62,1,100,5,8,62,334622.27432632446
2824,-113.69999999999996,62,1,100,5,8,62,334728.2741332054
2825,-113.69999999999996,62,1,100,5,8,62,334833.56995248795
2826,-113.69999999999996,62,1,100,5,8,62,334939.1864423752
2827,-113.69999999999996,62,1,100,5,8,62,335043.4399461746
2828,-113.69999999999996,62,1,100,5,8,62,335148.84809041023
2829,-113.69999999999996,62,1,100,5,8,62,335253.30271553993
2830,-113.69999999999996,62,1,100,5,8,62,335357.9568874836
2831,-113.69999999999996,62,1,100,5,8,62,335462.28393530846
2832,-113.69999999999996,62,1,100,5,8,62,335566.6615989208
2833,-113.69999999999996,62,1,100,5,8,62,335671.6421806812
2834,-113.69999999999996,62,1,100,5,8,62,335777.4972548485
2835,-113.69999999999996,62,1,100,5,8,62,335882.06672263145
2836,-114.54999999999997,62,1,100,5,9,62,335987.6324880123
2837,-115.54999999999997,62,1,100,5,9,62,336092.1379189491
2838,-115.84999999999997,62,1,100,5,9,62,336196.8429322243
2839,-119.34999999999997,62,1,100,5,9,62,336301.50206518173
2840,-113.94999999999997,62,1,100,5,9,62,336405.91021847725
2841,-113.69999999999996,62,1,100,5,8,62,336511.3632757664
2842,-113.69999999999996,62,1,100,5,8,62,336614.7113375664
2843,-113.69999999999996,62,1,100,5,8,62,336719.17005467415
2844,-113.69999999999996,62,1,100,5,8,62,336831.74889469147
2845,-113.69999999999996,62,1,100,5,8,62,336943.83643102646
2846,-113.69999999999996,62,1,100,5,8,62,337057.06713199615
2847,-113.69999999999996,62,1,100,5,8,62,337175.1573126316
2848,-113.69999999999996,62,1,100,5,8,62,337289.6853208542
2849,-113.69999999999996,62,1,100,5,8,62,337405.6026544571
2850,-113.69999999999996,62,1,100,5,8,62,337522.1310596466
2851,-114.54999999999998,62,1,100,5,9,62,337636.4992775917
2852,-115.54999999999997,62,1,100,5,9,62,337752.48886060715
2853,-115.84999999999997,62,1,100,5,9,62,337873.1783249378
2854,-112.04999999999997,62,1,100,5,9,62,337991.1835529804
2855,-115.84999999999998,62,1,100,5,11,62,338105.27924609184
2856,-115.54999999999997,62,1,100,5,9,62,338219.8682243824
2857,-113.69999999999996,62,1,100,5,8,62,338334.93367886543
2858,-113.69999999999996,62,1,100,5,8,62,338450.1559267044
2859,-113.64999999999996,62,1,100,5,9,62,338561.5098724365
2860,-115.54999999999997,62,1,100,5,9,62,338668.0234913826
2861,-115.54999999999997,62,1,100,5,9,62,338774.87898898125
2862,-114.54999999999997,62,1,100,5,9,62,338879.94068551064
2863,-112.04999999999997,62,1,100,5,9,62,338984.75603961945
2864,-113.69999999999996,62,1,100,5,8,62,339090.0182723999
2865,-112.04999999999997,62,1,100,5,9,62,339200.7403290272
2866,-113.69999999999996,62,1,100,5,8,62,339315.3769328594
2867,-112.04999999999997,62,1,100,5,9,62,339428.4888660908
2868,-113.69999999999996,62,1,100,5,8,62,339543.6879808903
2869,-113.69999999999996,62,1,100,5,8,62,339659.9110174179
2870,-116.29999999999997,62,1,100,5,14,62,339773.38599419594
2871,-113.69999999999996,62,1,100,5,8,62,339885.96277976036
2872,-113.69999999999996,62,1,100,5,8,62,340001.57154917717
2873,-113.69999999999996,62,1,100,5,8,62,340117.1470606327
2874,-113.69999999999996,62,1,100,5,8,62,340232.33923769
2875,-113.69999999999996,62,1,100,5,8,62,340348.64129447937
2876,-113.69999999999996,62,1,100,5,8,62,340464.3396334648
2877,-113.69999999999996,62,1,100,5,8,62,340582.34359049797
2878,-113.69999999999996,62,1,100,5,8,62,340696.2174510956
2879,-113.69999999999996,62,1,100,5,8,62,340802.39213871956
2880,-113.69999999999996,62,1,100,5,8,62,340904.5501713753
2881,-112.04999999999997,62,1,100,5,9,62,341007.31661748886
2882,-113.69999999999996,62,1,100,5,8,62,341109.48553681374
2883,-113.69999999999996,62,1,100,5,8,62,341211.24615073204
2884,-113.69999999999996,62,1,100,5,8,62,341312.16456484795
2885,-113.69999999999996,62,1,100,5,8,62,341413.2635719776
2886,-113.69999999999996,62,1,100,5,8,62,341515.6140174866
2887,-113.69999999999996,62,1,100,5,8,62,341615.1513059139
2888,-113.69999999999996,62,1,100,5,8,62,341716.38026571274
2889,-113.69999999999996,62,1,100,5,8,62,341819.02100110054
2890,-113.69999999999996,62,1,100,5,8,62,341921.39205527306
2891,-116.64999999999998,62,1,100,5,13,62,342017.70620656013
2892,-115.74999999999997,62,1,100,5,15,62,342118.76768660545
2893,-113.69999999999996,62,1,100,5,8,62,342227.38905596733
2894,-113.69999999999996,62,1,100,5,8,62,342333.1478097439
2895,-113.69999999999996,62,1,100,5,8,62,342438.86757159233
2896,-113.69999999999996,62,1,100,5,8,62,342543.9339585304
2897,-113.69999999999996,62,1,100,5,8,62,342648.8776855469
2898,-113.69999999999996,62,1,100,5,8,62,342751.631537199
2899,-113.69999999999996,62,1,100,5,8,62,342856.3856115341
2900,-113.69999999999996,62,1,100,5,8,62,342963.08309936523
2901,-113.69999999999996,62,1,100,5,8,62,343070.1760904789
2902,-113.69999999999996,62,1,100,5,8,62,343173.4335217476
2903,-113.69999999999996,62,1,100,5,8,62,343274.9885766506
2904,-113.69999999999996,62,1,100,5,8,62,343379.9970302582
2905,-113.69999999999996,62,1,100,5,8,62,343484.85981845856
2906,-113.69999999999996,62,1,100,5,8,62,343591.6724410057
2907,-113.69999999999996,62,1,100,5,8,62,343696.4563446045
2908,-113.69999999999996,62,1,100,5,8,62,343797.9121286869
2909,-113.69999999999996,62,1,100,5,8,62,343899.81861019135
2910,-113.69999999999996,62,1,100,5,8,62,344004.3379061222
2911,-112.04999999999997,62,1,100,5,9,62,344107.6147265434
2912,-115.54999999999997,62,1,100,5,9,62,344211.8085706234
2913,-113.69999999999996,62,1,100,5,8,62,344318.3767030239
2914,-114.54999999999997,62,1,100,5,9,62,344426.60674905777
2915,-115.54999999999997,62,1,100,5,9,62,344539.65638899803
2916,-117.44999999999996,62,1,100,5,9,62,344645.1264669895
2917,-112.04999999999997,62,1,100,5,9,62,344749.1364958286
2918,-115.54999999999997,62,1,100,5,9,62,344854.1527633667
2919,-112.04999999999997,62,1,100,5,9,62,344961.1074209213
2920,-113.69999999999996,62,1,100,5,8,62,345068.83404302597
2921,-113.69999999999996,62,1,100,5,8,62,345173.30341887474
2922,-113.69999999999996,62,1,100,5,8,62,345276.7813823223
2923,-113.69999999999996,62,1,100,5,8,62,345381.90348005295
2924,-113.69999999999996,62,1,100,5,8,62,345487.474871397
2925,-113.69999999999996,62,1,100,5,8,62,345594.70283579826
2926,-113.99999999999997,62,1,100,5,10,62,345696.08801960945
2927,-113.69999999999996,62,1,100,5,8,62,345800.63680386543
2928,-113.69999999999996,62,1,100,5,8,62,345904.64193320274
2929,-113.69999999999996,62,1,100,5,8,62,346009.4174449444
2930,-113.69999999999996,62,1,100,5,8,62,346111.2167830467
2931,-113.69999999999996,62,1,100,5,8,62,346214.47937226295
2932,-112.04999999999997,62,1,100,5,9,62,346317.20008301735
