episode,reward,max_height,max_level,actions,actions_to_max_height,unique_positions,best_height_ever,time_seconds
10,-145.25,-298,0,100,0,35,0,463.7107923030853
20,-144.89999999999995,-298,0,100,0,42,0,1054.27015376091
30,-145.45000000000005,-298,0,100,0,31,0,1578.5517513751984
40,-145.05000000000007,-298,0,100,0,39,0,2121.241186618805
48,-141.60000000000005,62,1,100,58,40,62,2537.2497675418854
50,-145.40000000000003,-298,0,100,0,32,62,2602.7232162952423
60,-145.3,-298,0,100,0,34,62,3040.901124715805
70,-145.8,-298,0,100,0,24,62,3480.614161014557
80,-145.80000000000004,-298,0,100,0,24,62,3728.6357419490814
90,-145.00000000000006,-298,0,100,0,40,62,4142.091059446335
100,-145.85000000000002,-298,0,100,0,23,62,4632.1070029735565
110,-145.75,-298,0,100,0,25,62,4924.176639318466
120,-146.6,-298,0,100,0,8,62,5149.809145450592
130,-146.09999999999997,-298,0,100,0,18,62,5531.101390361786
140,-145.89999999999998,-298,0,100,0,22,62,6031.517367839813
150,-146.15,-298,0,100,0,17,62,6630.346943855286
160,-145.95,-298,0,100,0,21,62,7398.95978975296
164,-141.95000000000005,62,1,100,68,33,62,7778.800766706467
169,-141.75,62,1,100,95,37,62,8171.64907002449
170,-145.65,-298,0,100,0,27,62,8233.870171546936
171,-140.95000000000002,62,1,100,92,33,62,8304.080719709396
173,-139.40000000000006,62,1,100,69,44,62,8475.479159593582
176,-139.60000000000002,62,1,100,79,40,62,8673.322893857956
177,-138.60000000000002,62,1,100,22,42,62,8753.370822429657
179,-140.75000000000003,62,1,100,20,37,62,8894.303784132004
180,-144.85000000000002,-298,0,100,0,43,62,8980.41827082634
186,-141.65000000000003,62,1,100,41,39,62,9422.458731889725
187,-141.60000000000005,62,1,100,73,40,62,9471.657757997513
190,-139.40000000000003,62,1,100,53,44,62,9708.342057943344
193,-137.05,62,1,100,12,43,62,9907.538287639618
195,-135.95,62,1,100,91,43,62,10061.106244325638
196,-139.50000000000003,62,1,100,86,42,62,10149.631845712662
200,-140.75000000000003,62,1,100,79,37,62,10358.597967863083
204,-139.05,62,1,100,45,39,62,10677.252521753311
205,-141.70000000000005,62,1,100,27,38,62,10776.866935253143
210,-145.3,-298,0,100,0,34,62,11207.655155658722
212,-139.70000000000005,62,1,100,44,38,62,11357.625806570053
214,-139.45000000000005,62,1,100,5,43,62,11530.641798973083
216,-139.50000000000006,62,1,100,36,46,62,11705.1057305336
217,-139.65000000000003,62,1,100,83,39,62,11776.358327150345
220,-145.39999999999998,-298,0,100,0,32,62,12058.6610455513
225,-139.39999999999998,62,1,100,98,32,62,12525.189566612244
227,-137.85000000000002,62,1,100,8,37,62,12709.375076293945
228,-140.80000000000007,62,1,100,40,38,62,12807.184511184692
230,-145.8,-298,0,100,0,24,62,13000.907274246216
232,-139.80000000000004,62,1,100,57,36,62,13174.138672828674
233,-143.8,62,1,100,50,38,62,13264.949038505554
236,-137.95,62,1,100,36,35,62,13566.696363687515
237,-135.8,62,1,100,17,40,62,13652.632976055145
238,-140.25000000000006,62,1,100,54,49,62,13733.661174058914
240,-138.95000000000005,62,1,100,13,35,62,13913.845137119293
241,-139.34999999999997,62,1,100,93,35,62,14013.084728956223
242,-141.6,62,1,100,22,44,62,14111.343733787537
243,-139.74999999999997,62,1,100,19,37,62,14188.598141431808
244,-138.25000000000003,62,1,100,40,51,62,14273.374339818954
245,-139.40000000000003,62,1,100,25,46,62,14360.550158023834
246,-141.85000000000002,62,1,100,70,35,62,14444.101072788239
247,-136.35000000000005,62,1,100,14,49,62,14543.053787946701
248,-139.8,62,1,100,39,36,62,14642.182060480118
249,-140.55,62,1,100,17,43,62,14717.041858196259
250,-133.20000000000002,62,1,100,15,42,62,14814.014437913895
251,-140.7,62,1,100,68,46,62,14904.396944284439
252,-139.55000000000007,62,1,100,79,43,62,14980.348002910614
253,-139.8,62,1,100,23,36,62,15083.93940448761
254,-141.95,62,1,100,21,35,62,15177.132591485977
255,-139.50000000000006,62,1,100,59,42,62,15241.87931728363
256,-139.5,62,1,100,72,42,62,15327.458948373795
257,-133.70000000000005,62,1,100,18,48,62,15422.24344420433
258,-132.9500000000001,422,2,100,33,47,422,15506.951043367386
260,-140.00000000000003,62,1,100,32,42,422,15672.368292093277
270,-134.00000000000006,62,1,100,7,40,422,16656.367812633514
277,-132.25000000000006,422,2,100,79,41,422,17321.6440243721
280,-133.50000000000006,62,1,100,10,48,422,17633.060834646225
283,-128.15000000000006,422,2,100,59,47,422,17969.504673480988
288,-124.05000000000007,422,2,100,49,53,422,18504.24678492546
290,-136.15000000000003,62,1,100,37,37,422,18716.097862958908
291,-127.60000000000005,422,2,100,76,48,422,18822.63824915886
292,-130.15000000000003,422,2,100,85,45,422,18924.96067047119
293,-131.60000000000008,422,2,100,85,60,422,19021.74967098236
296,-125.15000000000002,422,2,100,77,41,422,19350.381591558456
297,-130.35000000000008,422,2,100,45,43,422,19457.30254650116
300,-126.40000000000006,422,2,100,59,46,422,19758.321168899536
302,-127.05000000000004,422,2,100,54,43,422,19987.054114103317
304,-134.35000000000008,422,2,100,32,41,422,20207.965025663376
305,-129.60000000000002,422,2,100,24,44,422,20314.635984182358
308,-122.40000000000005,422,2,100,94,56,422,20641.281626462936
309,-125.30000000000004,422,2,100,35,48,422,20751.118370771408
310,-123.65000000000003,422,2,100,17,53,422,20854.055357456207
313,-126.35000000000002,422,2,100,21,47,422,21184.02317404747
314,-125.00000000000004,422,2,100,32,48,422,21290.901390075684
315,-128.40000000000003,422,2,100,61,44,422,21414.15364742279
316,-122.40000000000002,422,2,100,43,40,422,21515.590650081635
317,-129.75000000000003,422,2,100,15,43,422,21637.53965115547
318,-127.05000000000003,422,2,100,46,37,422,21737.892477989197
319,-128.00000000000006,422,2,100,26,56,422,21838.193617343903
320,-132.20000000000005,62,1,100,5,50,422,21937.86359000206
321,-123.60000000000002,422,2,100,26,52,422,22049.415467262268
322,-131.40000000000003,422,2,100,40,50,422,22155.844873666763
323,-129.05000000000007,422,2,100,76,51,422,22252.007499694824
324,-130.75,422,2,100,23,43,422,22358.373681783676
325,-127.20000000000007,422,2,100,44,50,422,22453.658693790436
326,-126.40000000000006,422,2,100,54,52,422,22556.875950574875
327,-126.30000000000004,422,2,100,21,52,422,22655.051141023636
328,-126.30000000000005,422,2,100,51,50,422,22754.61272740364
329,-126.95000000000002,422,2,100,19,41,422,22856.37819314003
330,-128.40000000000003,422,2,100,24,48,422,22957.90675020218
331,-133.20000000000005,422,2,100,13,38,422,23068.551147460938
332,-129.90000000000003,422,2,100,11,42,422,23171.863601207733
333,-124.30000000000001,422,2,100,13,44,422,23278.728553771973
334,-127.30000000000004,422,2,100,42,46,422,23391.232978343964
335,-131.85000000000002,422,2,100,20,41,422,23492.783320903778
336,-123.5,422,2,100,89,38,422,23594.307221889496
337,-129.35000000000005,422,2,100,17,45,422,23712.390229940414
338,-127.30000000000005,422,2,100,46,50,422,23821.673222780228
340,-122.10000000000005,422,2,100,74,46,422,24031.3669090271
341,-126.90000000000002,422,2,100,35,44,422,24148.625519037247
342,-126.90000000000002,422,2,100,17,42,422,24253.278113126755
343,-126.60000000000001,422,2,100,19,42,422,24357.13654589653
344,-126.45000000000002,422,2,100,38,49,422,24453.486834526062
345,-126.6000000000001,422,2,100,15,44,422,24574.568846702576
346,-129.40000000000003,422,2,100,52,48,422,24678.610439538956
347,-125.70000000000006,422,2,100,47,50,422,24786.845760822296
348,-121.70000000000003,422,2,100,22,38,422,24904.5746178627
349,-130.70000000000007,422,2,100,33,38,422,25022.21103453636
350,-130.35000000000002,422,2,100,51,45,422,25136.668199539185
351,-124.05000000000004,422,2,100,11,39,422,25241.713103055954
352,-134.75000000000003,422,2,100,18,41,422,25349.317366600037
353,-121.75000000000003,422,2,100,9,37,422,25447.857704162598
354,-128.3,422,2,100,12,36,422,25555.578001499176
355,-125.60000000000002,422,2,100,88,44,422,25662.029090881348
356,-126.45000000000002,422,2,100,9,37,422,25769.050541877747
357,-130.25000000000003,422,2,100,76,51,422,25870.126568555832
358,-123.85000000000002,422,2,100,20,45,422,25971.04427266121
359,-126.45,422,2,100,21,37,422,26084.690498828888
360,-124.60000000000005,422,2,100,38,46,422,26187.088191747665
361,-133.95000000000002,422,2,100,29,41,422,26289.324039936066
362,-125.35,422,2,100,16,31,422,26396.023312091827
363,-127.10000000000001,422,2,100,16,38,422,26498.279411315918
364,-125.15,422,2,100,24,39,422,26618.795474529266
365,-123.50000000000003,422,2,100,34,36,422,26720.3419983387
366,-133.70000000000005,422,2,100,9,46,422,26828.640922546387
367,-128.55000000000004,422,2,100,64,47,422,26932.295335292816
368,-131.05,422,2,100,48,43,422,27039.405131816864
369,-130.0,422,2,100,27,38,422,27149.996335744858
370,-126.65000000000002,422,2,100,23,35,422,27266.24841427803
371,-123.50000000000001,422,2,100,12,40,422,27371.490247011185
372,-125.90000000000002,422,2,100,10,44,422,27474.230430841446
373,-127.45,422,2,100,9,37,422,27582.753623008728
374,-127.50000000000003,422,2,100,16,42,422,27691.56505727768
375,-124.85000000000004,422,2,100,16,43,422,27798.437151908875
376,-135.65000000000003,422,2,100,16,35,422,27908.432516098022
377,-125.00000000000004,422,2,100,11,40,422,28014.08653974533
378,-127.00000000000004,422,2,100,9,42,422,28126.297608852386
379,-130.9,422,2,100,13,40,422,28236.376093149185
380,-129.35000000000002,422,2,100,14,43,422,28354.671735286713
381,-130.95000000000005,422,2,100,10,43,422,28457.647832632065
382,-126.1,422,2,100,14,34,422,28560.89670729637
383,-128.70000000000002,422,2,100,23,38,422,28677.11858201027
384,-122.15000000000002,422,2,100,12,37,422,28779.7210149765
385,-128.0,422,2,100,36,38,422,28873.889172315598
386,-126.75000000000004,422,2,100,30,43,422,28983.016805171967
387,-128.75000000000006,422,2,100,24,45,422,29080.327171325684
388,-127.90000000000002,422,2,100,19,38,422,29190.442307949066
389,-124.30000000000001,422,2,100,28,40,422,29300.40857386589
390,-129.65,422,2,100,26,37,422,29426.033497333527
391,-126.15000000000005,422,2,100,23,39,422,29526.497886896133
392,-131.50000000000003,422,2,100,17,34,422,29677.367024421692
393,-132.95000000000005,422,2,100,12,45,422,29783.90052986145
394,-126.05000000000004,422,2,100,25,47,422,29897.664395570755
395,-122.80000000000004,422,2,100,9,38,422,30005.91470193863
396,-124.35000000000004,422,2,100,30,49,422,30105.946660280228
397,-126.7,422,2,100,12,30,422,30209.82567834854
398,-129.9,422,2,100,21,36,422,30305.771317243576
399,-131.85000000000002,422,2,100,31,45,422,30421.3210773468
400,-121.9,422,2,100,25,38,422,30514.7048535347
401,-124.95000000000002,422,2,100,12,37,422,30612.682514429092
402,-134.10000000000005,422,2,100,12,38,422,30695.292154073715
403,-128.60000000000002,422,2,100,11,42,422,30804.26232290268
404,-127.20000000000007,422,2,100,22,46,422,30924.077254772186
405,-129.05000000000004,422,2,100,17,43,422,31022.638043403625
406,-124.55000000000001,422,2,100,9,39,422,31125.509947299957
407,-129.3,422,2,100,12,46,422,31226.926465511322
408,-128.85000000000002,422,2,100,10,31,422,31335.92139697075
409,-130.70000000000002,422,2,100,32,36,422,31444.599208831787
410,-127.00000000000003,422,2,100,11,42,422,31534.956809282303
411,-127.45000000000003,422,2,100,18,41,422,31650.085228204727
412,-126.20000000000003,422,2,100,31,42,422,31771.85122704506
413,-123.85000000000001,422,2,100,27,33,422,31874.215609312057
414,-128.50000000000003,422,2,100,31,34,422,31959.820593118668
415,-125.0,422,2,100,16,28,422,32047.591700077057
416,-129.20000000000002,422,2,100,11,36,422,32142.153517723083
417,-124.7,422,2,100,16,34,422,32236.43799805641
418,-124.85000000000004,422,2,100,22,37,422,32329.96374320984
419,-120.80000000000004,422,2,100,10,44,422,32423.304877758026
420,-125.10000000000001,422,2,100,10,34,422,32511.956428527832
421,-123.25000000000004,422,2,100,17,43,422,32608.128833293915
422,-125.70000000000003,422,2,100,9,38,422,32708.221124649048
423,-125.00000000000003,422,2,100,39,40,422,32807.859488487244
424,-125.90000000000005,422,2,100,10,46,422,32903.54232501984
425,-125.75000000000001,422,2,100,11,35,422,33022.323848724365
426,-124.10000000000002,422,2,100,11,34,422,33107.72784614563
427,-123.85000000000001,422,2,100,9,45,422,33209.80592751503
428,-133.05000000000004,422,2,100,10,43,422,33319.09451675415
429,-125.20000000000003,422,2,100,9,32,422,33406.863230228424
430,-126.00000000000001,422,2,100,9,30,422,33484.620346307755
431,-126.95000000000005,422,2,100,10,39,422,33589.88567280769
432,-126.75,422,2,100,11,33,422,33679.43331027031
433,-126.80000000000001,422,2,100,10,34,422,33787.99650669098
434,-129.4,422,2,100,9,36,422,33880.471533060074
435,-120.20000000000002,422,2,100,10,36,422,33971.90013575554
436,-123.10000000000001,422,2,100,9,36,422,34062.751152038574
437,-133.0,422,2,100,9,40,422,34147.812196969986
438,-127.00000000000001,422,2,100,10,42,422,34247.040298461914
439,-127.49999999999999,422,2,100,9,32,422,34340.25506591797
440,-126.65000000000002,422,2,100,10,31,422,34427.35370373726
441,-125.15,422,2,100,10,35,422,34527.651069402695
442,-131.4,422,2,100,12,34,422,34616.99410486221
443,-126.15000000000002,422,2,100,9,39,422,34727.034126996994
444,-125.10000000000001,422,2,100,9,26,422,34800.401334524155
445,-132.0,422,2,100,9,28,422,34889.25737643242
446,-130.85000000000002,422,2,100,10,41,422,34968.495134592056
447,-117.70000000000005,422,2,100,10,44,422,35068.03521203995
448,-122.75000000000006,422,2,100,34,41,422,35158.90193605423
449,-124.6,422,2,100,17,34,422,35256.9109249115
450,-131.25,422,2,100,9,33,422,35349.236800670624
451,-127.05000000000003,422,2,100,29,43,422,35447.83390760422
452,-131.05000000000004,422,2,100,12,37,422,35538.89334464073
453,-125.15000000000002,422,2,100,9,39,422,35636.75233602524
454,-125.70000000000002,422,2,100,9,40,422,35752.47715330124
455,-123.9,422,2,100,9,32,422,35825.30923771858
456,-129.9,422,2,100,25,36,422,35935.650493621826
457,-129.00000000000003,422,2,100,9,34,422,36024.93155026436
458,-129.70000000000002,422,2,100,13,30,422,36115.06835055351
459,-130.10000000000002,422,2,100,9,42,422,36228.415424108505
460,-120.75000000000003,422,2,100,19,37,422,36322.50051236153
461,-122.90000000000005,422,2,100,9,38,422,36412.09336853027
462,-121.90000000000002,422,2,100,9,34,422,36497.200699329376
463,-128.0,422,2,100,9,40,422,36602.59977602959
464,-125.75000000000004,422,2,100,9,45,422,36700.43338751793
465,-124.7,422,2,100,9,32,422,36797.0241997242
466,-125.00000000000001,422,2,100,19,38,422,36898.1678147316
467,-129.55000000000004,422,2,100,18,45,422,36991.722710609436
468,-125.35000000000002,422,2,100,9,37,422,37093.64261507988
469,-121.85000000000001,422,2,100,19,31,422,37204.532920360565
470,-123.3,422,2,100,35,30,422,37312.062024354935
471,-125.9,422,2,100,33,40,422,37411.43821167946
472,-125.30000000000003,422,2,100,9,40,422,37514.60580325127
473,-123.55000000000003,422,2,100,19,37,422,37637.52838397026
474,-124.25000000000003,422,2,100,39,43,422,37743.811856508255
475,-120.00000000000003,422,2,100,9,40,422,37858.36724328995
476,-119.75000000000001,422,2,100,9,31,422,37950.56404733658
477,-123.45000000000002,422,2,100,9,43,422,38052.84246325493
478,-124.05000000000001,422,2,100,10,35,422,38161.70427441597
479,-121.90000000000003,422,2,100,9,36,422,38254.888858795166
480,-128.25000000000003,422,2,100,15,37,422,38363.113741874695
481,-120.95000000000002,422,2,100,19,37,422,38474.652654886246
482,-120.80000000000004,422,2,100,9,38,422,38562.755398750305
483,-123.70000000000003,422,2,100,10,34,422,38660.48021030426
484,-126.65000000000002,422,2,100,21,41,422,38756.34080982208
485,-127.00000000000001,422,2,100,11,38,422,38846.53200984001
486,-127.05000000000001,422,2,100,19,37,422,38951.013469457626
487,-123.60000000000001,422,2,100,35,38,422,39046.77892398834
488,-127.85000000000001,422,2,100,19,35,422,39146.8727285862
489,-127.20000000000005,422,2,100,70,38,422,39249.7156662941
490,-130.8,422,2,100,21,34,422,39351.767813920975
491,-130.80000000000004,422,2,100,59,34,422,39470.34519481659
492,-121.20000000000002,422,2,100,9,36,422,39586.04511594772
493,-119.75000000000003,422,2,100,9,43,422,39696.696789979935
494,-124.25000000000001,422,2,100,19,33,422,39795.933942079544
495,-130.10000000000002,422,2,100,20,40,422,39901.91931653023
496,-122.7,422,2,100,9,34,422,40037.945915699005
497,-123.30000000000004,422,2,100,43,40,422,40155.84362959862
498,-126.35000000000001,422,2,100,73,29,422,40281.95763659477
499,-128.90000000000003,422,2,100,29,32,422,40395.072462797165
500,-125.05,422,2,100,35,33,422,40502.675956726074
501,-124.50000000000003,422,2,100,37,34,422,40612.51536941528
502,-121.85000000000001,422,2,100,64,29,422,40738.025295734406
503,-127.20000000000003,422,2,100,10,36,422,40849.30236053467
504,-122.00000000000001,422,2,100,24,36,422,40955.9699780941
505,-124.55000000000001,422,2,100,29,33,422,41055.296521663666
506,-126.00000000000003,422,2,100,9,30,422,41149.18315720558
507,-126.45000000000002,422,2,100,9,31,422,41259.36216545105
508,-123.05,422,2,100,22,29,422,41376.05235028267
509,-121.85000000000001,422,2,100,63,29,422,41492.04894924164
510,-125.85000000000001,422,2,100,19,39,422,41612.12244439125
511,-117.05000000000001,422,2,100,19,35,422,41723.80290555954
512,-126.6,422,2,100,9,30,422,41842.35264015198
513,-120.65,422,2,100,21,35,422,41949.70455408096
514,-120.05000000000001,422,2,100,9,37,422,42055.72532248497
515,-120.15000000000002,422,2,100,9,33,422,42173.77326583862
516,-125.80000000000003,422,2,100,9,36,422,42266.127099752426
517,-118.40000000000002,422,2,100,9,32,422,42355.05457377434
518,-122.85000000000004,422,2,100,9,39,422,42451.750443696976
519,-126.84999999999997,422,2,100,27,27,422,42568.40867757797
520,-130.35,422,2,100,10,29,422,42655.641438007355
521,-120.15,422,2,100,19,35,422,42771.74625444412
522,-123.00000000000004,422,2,100,9,40,422,42880.89427781105
523,-125.00000000000001,422,2,100,9,38,422,42978.76341342926
524,-121.94999999999999,422,2,100,19,33,422,43096.98734641075
525,-124.05000000000001,422,2,100,40,27,422,43219.70553231239
526,-125.75,422,2,100,9,35,422,43327.46160912514
527,-125.39999999999998,422,2,100,15,28,422,43443.59304738045
528,-122.60000000000002,422,2,100,9,38,422,43563.01899957657
529,-127.69999999999999,422,2,100,9,30,422,43673.357770204544
530,-125.5,422,2,100,10,32,422,43777.12538766861
531,-128.60000000000005,422,2,100,9,38,422,43866.8292632103
532,-124.10000000000001,422,2,100,9,26,422,43997.76942229271
533,-123.2,422,2,100,9,26,422,44104.5495223999
534,-124.05000000000001,422,2,100,10,31,422,44216.30589604378
535,-124.50000000000001,422,2,100,43,40,422,44311.0924243927
536,-118.25000000000001,422,2,100,19,33,422,44424.91196227074
537,-125.54999999999998,422,2,100,21,33,422,44525.99021100998
538,-121.40000000000002,422,2,100,19,38,422,44624.70154833794
539,-124.14999999999999,422,2,100,9,29,422,44735.61852025986
540,-123.85000000000001,422,2,100,9,29,422,44845.0003182888
541,-119.3,422,2,100,9,30,422,44955.52137565613
542,-124.29999999999998,422,2,100,9,32,422,45056.1385474205
543,-125.75,422,2,100,17,31,422,45165.34905958176
544,-119.10000000000002,422,2,100,9,34,422,45249.88017511368
545,-121.80000000000001,422,2,100,9,30,422,45357.10001659393
546,-124.95000000000003,422,2,100,9,37,422,45441.83041906357
547,-124.4,422,2,100,9,40,422,45544.85220336914
548,-126.20000000000002,422,2,100,9,36,422,45648.11323714256
549,-117.90000000000002,422,2,100,9,36,422,45741.50175976753
550,-125.55,422,2,100,9,31,422,45848.93387913704
551,-124.70000000000002,422,2,100,10,32,422,45939.12085914612
552,-123.65,422,2,100,9,35,422,46046.67832183838
553,-126.84999999999998,422,2,100,10,25,422,46148.70682787895
554,-121.55000000000004,422,2,100,9,35,422,46242.1671538353
555,-120.00000000000003,422,2,100,9,36,422,46367.459693431854
556,-126.70000000000002,422,2,100,11,36,422,46478.91085648537
557,-120.15,422,2,100,9,31,422,46585.41290521622
558,-120.30000000000001,422,2,100,18,26,422,46684.40329194069
559,-124.85000000000001,422,2,100,13,27,422,46789.228860378265
560,-119.85,422,2,100,9,29,422,46894.46400952339
561,-121.05000000000001,422,2,100,9,27,422,46996.29403233528
562,-122.75,422,2,100,9,33,422,47102.6948492527
563,-126.05000000000001,422,2,100,9,25,422,47185.74463558197
564,-126.0,422,2,100,22,36,422,47283.73183822632
565,-124.0,422,2,100,9,28,422,47393.0300989151
566,-118.79999999999998,422,2,100,9,22,422,47495.135742902756
567,-128.75000000000003,422,2,100,9,25,422,47583.57188272476
568,-126.95000000000003,422,2,100,9,41,422,47694.27138924599
569,-123.00000000000001,422,2,100,9,28,422,47803.816007852554
570,-123.09999999999997,422,2,100,9,18,422,47912.55120778084
571,-124.80000000000004,422,2,100,9,36,422,48018.41865801811
572,-125.70000000000002,422,2,100,9,36,422,48119.706493377686
573,-125.35000000000002,422,2,100,9,35,422,48260.63964176178
574,-121.9,422,2,100,9,30,422,48365.43151640892
575,-121.69999999999997,422,2,100,19,26,422,48485.36911725998
576,-121.15000000000002,422,2,100,9,35,422,48593.884575128555
577,-117.94999999999999,422,2,100,9,29,422,48711.941314935684
578,-126.35,422,2,100,9,31,422,48819.36643028259
579,-125.89999999999999,422,2,100,9,32,422,48927.21273732185
580,-124.69999999999999,422,2,100,9,30,422,49030.79147672653
581,-121.75,422,2,100,9,33,422,49131.04966330528
582,-120.8,422,2,100,9,22,422,49245.52371954918
583,-123.75,422,2,100,9,33,422,49358.974244594574
584,-123.99999999999999,422,2,100,19,28,422,49476.35258054733
585,-122.00000000000001,422,2,100,9,30,422,49584.43353533745
586,-124.9,422,2,100,11,32,422,49697.29373598099
587,-122.39999999999998,422,2,100,9,20,422,49814.10247349739
588,-124.55000000000001,422,2,100,9,31,422,49942.03751420975
589,-116.70000000000003,422,2,100,15,42,422,50046.32901406288
590,-127.30000000000001,422,2,100,10,30,422,50143.04482793808
591,-124.4,422,2,100,9,30,422,50249.56673812866
592,-119.25000000000001,422,2,100,9,35,422,50365.75718212128
593,-127.55,422,2,100,9,27,422,50476.40560030937
594,-129.20000000000002,422,2,100,21,36,422,50585.582080602646
595,-123.15,422,2,100,9,35,422,50697.84754371643
596,-122.14999999999999,422,2,100,9,25,422,50826.0162088871
597,-125.15,422,2,100,9,33,422,50940.207493543625
598,-121.70000000000002,422,2,100,9,34,422,51051.65351343155
599,-120.5,422,2,100,9,24,422,51165.279693841934
600,-123.20000000000002,422,2,100,9,36,422,51282.73953962326
601,-125.45000000000002,422,2,100,24,37,422,51398.74590206146
602,-123.7,422,2,100,9,32,422,51510.87341094017
603,-118.70000000000003,422,2,100,9,42,422,51615.732165813446
604,-123.35000000000001,422,2,100,9,29,422,51714.09268784523
605,-126.45000000000002,422,2,100,9,31,422,51798.87264299393
606,-120.39999999999999,422,2,100,9,24,422,51898.29408788681
607,-124.9,422,2,100,9,28,422,51990.90285873413
608,-119.95000000000003,422,2,100,10,37,422,52094.42544531822
609,-126.29999999999998,422,2,100,9,26,422,52211.61464381218
610,-122.85000000000004,422,2,100,9,43,422,52309.52294802666
611,-120.69999999999999,422,2,100,9,22,422,52414.81043791771
612,-124.74999999999999,422,2,100,9,33,422,52523.49654555321
613,-124.45,422,2,100,9,29,422,52617.51765155792
614,-118.80000000000004,422,2,100,9,38,422,52721.578565597534
615,-128.65000000000003,422,2,100,9,23,422,52823.42313528061
616,-122.75000000000001,422,2,100,9,31,422,52927.998287677765
617,-119.2,422,2,100,9,38,422,53030.96679067612
618,-125.09999999999998,422,2,100,9,20,422,53133.622779130936
619,-120.15000000000003,422,2,100,9,29,422,53225.10582923889
620,-123.45,422,2,100,9,33,422,53340.043548345566
621,-122.80000000000003,422,2,100,9,40,422,53438.95992517471
622,-127.99999999999999,422,2,100,9,22,422,53528.801914691925
623,-122.80000000000003,422,2,100,9,42,422,53650.13399767876
624,-123.45000000000002,422,2,100,9,39,422,53746.573855638504
625,-125.35000000000002,422,2,100,9,29,422,53847.59561920166
626,-122.44999999999999,422,2,100,9,23,422,53941.77388334274
627,-118.75000000000001,422,2,100,9,33,422,54048.931035518646
628,-125.45000000000003,422,2,100,9,37,422,54143.4515209198
629,-120.95,422,2,100,19,27,422,54247.89842224121
630,-130.35,422,2,100,9,33,422,54363.37202143669
631,-125.70000000000003,422,2,100,9,32,422,54461.48448777199
632,-127.2,422,2,100,9,32,422,54566.686524152756
633,-126.60000000000002,422,2,100,9,28,422,54671.19141459465
634,-127.05000000000001,422,2,100,9,35,422,54773.07131791115
635,-121.8,422,2,100,9,32,422,54881.75821042061
636,-118.89999999999999,422,2,100,9,32,422,54989.51854515076
637,-124.45,422,2,100,9,33,422,55095.230573415756
638,-121.6,422,2,100,9,28,422,55208.981858968735
639,-126.94999999999999,422,2,100,9,23,422,55303.52873659134
640,-122.0,422,2,100,9,32,422,55423.2546646595
641,-126.45,422,2,100,15,35,422,55540.60333776474
642,-123.3,422,2,100,9,22,422,55647.50630426407
643,-122.4,422,2,100,9,32,422,55760.45842838287
644,-126.10000000000002,422,2,100,9,32,422,55858.33953046799
645,-126.04999999999998,422,2,100,9,19,422,55951.21815752983
646,-124.5,422,2,100,9,28,422,56057.26983833313
647,-121.94999999999999,422,2,100,9,27,422,56164.60070204735
648,-122.05,422,2,100,9,27,422,56277.24604487419
649,-122.9,422,2,100,9,32,422,56412.53282165527
650,-125.25000000000001,422,2,100,9,27,422,56511.1806139946
651,-124.15,422,2,100,9,27,422,56628.458213329315
652,-122.15,422,2,100,9,27,422,56750.91419458389
653,-125.39999999999998,422,2,100,9,22,422,56863.409284591675
654,-122.39999999999999,422,2,100,9,32,422,56979.67307472229
655,-121.55,422,2,100,29,29,422,57100.48659539223
656,-124.5,422,2,100,9,28,422,57207.09866261482
657,-118.50000000000001,422,2,100,9,26,422,57314.43909072876
658,-120.24999999999997,422,2,100,9,25,422,57444.38514494896
659,-120.55000000000003,422,2,100,9,37,422,57558.03718972206
660,-121.15,422,2,100,9,27,422,57678.01687312126
661,-120.7,422,2,100,9,32,422,57803.551252126694
662,-120.45,422,2,100,9,23,422,57904.90551781654
663,-122.24999999999999,422,2,100,9,21,422,58004.48306560516
664,-131.25,422,2,100,19,25,422,58093.86351728439
665,-121.20000000000002,422,2,100,9,30,422,58204.98455071449
666,-120.60000000000001,422,2,100,9,20,422,58300.656465768814
667,-120.05,422,2,100,9,25,422,58410.01490044594
668,-125.20000000000002,422,2,100,9,34,422,58511.03463101387
669,-120.49999999999999,422,2,100,9,18,422,58621.58055973053
670,-123.7,422,2,100,9,22,422,58727.1695690155
671,-122.3,422,2,100,9,26,422,58822.889580488205
672,-116.55,422,2,100,9,25,422,58927.26487541199
673,-118.30000000000001,422,2,100,43,28,422,59042.73440027237
674,-121.25000000000003,422,2,100,9,31,422,59142.06063628197
675,-126.94999999999997,422,2,100,9,21,422,59253.37952160835
676,-118.14999999999998,422,2,100,19,25,422,59364.50886750221
677,-118.2,422,2,100,19,32,422,59472.74827957153
678,-125.95,422,2,100,9,21,422,59570.772191524506
679,-123.54999999999998,422,2,100,19,27,422,59690.315731287
680,-120.75000000000001,422,2,100,44,35,422,59816.78029322624
681,-123.6,422,2,100,42,28,422,59940.98354268074
682,-124.65,422,2,100,82,27,422,60067.29735994339
683,-119.0,422,2,100,29,28,422,60184.85896110535
684,-120.1,422,2,100,9,28,422,60300.494426488876
685,-121.99999999999997,422,2,100,19,26,422,60419.558460474014
686,-119.84999999999998,422,2,100,9,29,422,60549.79751420021
687,-122.19999999999999,422,2,100,19,24,422,60672.151223659515
688,-120.15,422,2,100,29,29,422,60781.70309829712
689,-119.80000000000005,422,2,100,10,36,422,60871.50593662262
690,-125.4,422,2,100,12,30,422,60969.05240416527
691,-118.50000000000001,422,2,100,9,28,422,61076.65471291542
692,-130.35,422,2,100,29,23,422,61163.10818004608
693,-125.20000000000002,422,2,100,9,20,422,61261.8757891655
694,-126.29999999999997,422,2,100,9,26,422,61386.18659448624
695,-125.25,422,2,100,9,31,422,61494.22671294212
696,-118.89999999999999,422,2,100,29,32,422,61607.653490781784
697,-121.14999999999998,422,2,100,9,25,422,61723.13528776169
698,-124.00000000000003,422,2,100,42,30,422,61817.886702775955
699,-127.70000000000003,422,2,100,9,24,422,61906.05470752716
700,-122.10000000000001,422,2,100,9,26,422,62015.04077029228
701,-127.15000000000003,422,2,100,9,33,422,62133.19679927826
702,-126.09999999999998,422,2,100,19,28,422,62271.33381009102
703,-125.44999999999999,422,2,100,20,29,422,62385.9956407547
704,-123.14999999999999,422,2,100,19,25,422,62509.58941578865
705,-123.04999999999998,422,2,100,9,31,422,62631.58987617493
706,-127.89999999999999,422,2,100,9,24,422,62760.51335024834
707,-123.14999999999998,422,2,100,29,27,422,62884.2063434124
708,-121.60000000000004,422,2,100,59,28,422,62999.942615270615
709,-123.6,422,2,100,39,28,422,63125.28692770004
710,-123.84999999999998,422,2,100,32,21,422,63235.04190301895
711,-123.45,422,2,100,34,31,422,63352.52894115448
712,-121.74999999999999,422,2,100,9,25,422,63476.97537565231
713,-118.0,422,2,100,29,28,422,63593.80043077469
714,-126.45,422,2,100,9,29,422,63713.11573457718
715,-122.80000000000001,422,2,100,70,22,422,63821.68116927147
716,-121.80000000000001,422,2,100,9,30,422,63931.52933430672
717,-118.95,422,2,100,9,29,422,64048.64884710312
718,-124.39999999999999,422,2,100,19,18,422,64158.59969782829
719,-121.70000000000002,422,2,100,49,24,422,64271.15290307999
720,-121.55,422,2,100,9,27,422,64382.93649506569
721,-121.45000000000003,422,2,100,39,31,422,64489.97859573364
722,-120.55,422,2,100,9,21,422,64587.67582702637
723,-123.99999999999999,422,2,100,9,20,422,64701.21307873726
724,-122.2,422,2,100,19,24,422,64814.4039003849
725,-124.89999999999998,422,2,100,19,22,422,64928.7924349308
726,-124.19999999999997,422,2,100,19,16,422,65042.10019612312
727,-121.95,422,2,100,76,29,422,65156.69038748741
728,-122.44999999999999,422,2,100,32,21,422,65273.37595248222
729,-121.0,422,2,100,41,28,422,65398.38245630264
730,-125.30000000000003,422,2,100,9,32,422,65515.37644267082
731,-123.95,422,2,100,9,29,422,65638.00306534767
732,-124.55,422,2,100,19,29,422,65760.33092236519
733,-124.15,422,2,100,9,27,422,65884.51642417908
734,-126.85000000000002,422,2,100,19,31,422,66007.88552689552
735,-126.69999999999999,422,2,100,30,28,422,66134.32209706306
736,-123.6,422,2,100,9,28,422,66263.74443888664
737,-127.05000000000001,422,2,100,9,29,422,66388.57139182091
738,-122.1,422,2,100,19,30,422,66507.69033169746
739,-123.99999999999999,422,2,100,9,28,422,66626.87894392014
740,-120.39999999999998,422,2,100,9,22,422,66744.41444706917
741,-126.54999999999998,422,2,100,9,21,422,66872.651324749
742,-124.44999999999997,422,2,100,19,21,422,66982.46790885925
743,-123.44999999999999,422,2,100,9,21,422,67112.23487234116
744,-121.95000000000002,422,2,100,29,31,422,67227.3315000534
745,-118.6,422,2,100,9,26,422,67337.99125266075
746,-122.50000000000001,422,2,100,21,38,422,67446.14745616913
747,-122.05000000000001,422,2,100,9,29,422,67537.33673667908
748,-130.19999999999996,422,2,100,12,30,422,67658.51009869576
749,-125.25,422,2,100,19,35,422,67771.42937111855
750,-125.74999999999999,422,2,100,31,25,422,67867.8768556118
751,-124.05,422,2,100,9,27,422,67972.47908353806
752,-123.69999999999997,422,2,100,9,24,422,68083.6930642128
753,-122.15,422,2,100,29,25,422,68221.92185330391
754,-118.9,422,2,100,9,30,422,68339.63545513153
755,-123.34999999999998,422,2,100,30,23,422,68459.90358948708
756,-121.35,422,2,100,29,23,422,68575.32766962051
757,-123.69999999999999,422,2,100,9,22,422,68683.20913004875
758,-127.65000000000003,422,2,100,9,29,422,68772.17701411247
759,-121.04999999999998,422,2,100,9,29,422,68886.71864438057
760,-127.5,422,2,100,9,32,422,69003.01156973839
761,-121.04999999999998,422,2,100,9,27,422,69130.57604765892
762,-116.55000000000001,422,2,100,19,25,422,69262.78135490417
763,-130.45000000000002,422,2,100,19,23,422,69376.23962545395
764,-123.54999999999998,422,2,100,32,25,422,69487.85686421394
765,-123.94999999999997,422,2,100,9,29,422,69608.77861690521
766,-126.19999999999999,422,2,100,9,28,422,69747.26621580124
767,-119.95000000000003,422,2,100,49,29,422,69863.13881421089
768,-123.39999999999999,422,2,100,9,22,422,69979.57148551941
769,-127.35000000000001,422,2,100,11,27,422,70079.38315033913
770,-123.6,422,2,100,9,26,422,70187.1064362526
771,-128.60000000000002,422,2,100,19,28,422,70291.13727259636
772,-124.55,422,2,100,9,21,422,70392.74086976051
773,-122.85,422,2,100,11,29,422,70505.15085983276
774,-122.19999999999999,422,2,100,31,24,422,70621.24899578094
775,-125.89999999999998,422,2,100,41,20,422,70737.41923570633
776,-125.75000000000001,422,2,100,9,27,422,70840.88586711884
777,-125.75,422,2,100,11,27,422,70940.30107831955
778,-127.65,422,2,100,21,25,422,71031.4808139801
779,-120.35000000000001,422,2,100,9,25,422,71142.86632514
780,-118.25000000000001,422,2,100,21,29,422,71251.80782818794
781,-120.24999999999999,422,2,100,19,21,422,71366.41264390945
782,-128.25,422,2,100,9,19,422,71445.64895296097
783,-127.25000000000003,422,2,100,9,35,422,71567.8263888359
784,-126.55000000000001,422,2,100,9,29,422,71675.64494991302
785,-127.2,422,2,100,9,34,422,71785.36893177032
786,-125.15000000000003,422,2,100,9,31,422,71898.03497600555
787,-125.65000000000002,422,2,100,35,21,422,72021.24167084694
788,-126.54999999999998,422,2,100,21,27,422,72135.59172010422
789,-125.60000000000001,422,2,100,39,26,422,72256.65812063217
790,-122.30000000000001,422,2,100,31,24,422,72351.5793645382
791,-121.05000000000001,422,2,100,9,33,422,72458.12354302406
792,-122.55,422,2,100,9,27,422,72568.09534192085
793,-120.49999999999999,422,2,100,21,26,422,72682.49967336655
794,-124.19999999999997,422,2,100,9,24,422,72797.74677729607
795,-121.54999999999998,422,2,100,9,27,422,72911.80833101273
796,-120.2,422,2,100,21,28,422,73016.1517238617
797,-123.05,422,2,100,9,25,422,73123.7620806694
798,-123.14999999999999,422,2,100,9,31,422,73234.14251613617
799,-129.04999999999998,422,2,100,9,21,422,73336.23729920387
800,-124.14999999999999,422,2,100,9,25,422,73463.77538895607
801,-126.54999999999998,422,2,100,9,29,422,73569.37092900276
802,-124.30000000000001,422,2,100,9,26,422,73663.64028191566
803,-122.24999999999999,422,2,100,9,23,422,73776.22038888931
804,-123.29999999999998,422,2,100,9,22,422,73882.33509635925
805,-124.80000000000003,422,2,100,23,30,422,73991.41059803963
806,-125.99999999999999,422,2,100,9,26,422,74100.1012225151
807,-126.25,422,2,100,9,25,422,74212.93229341507
808,-124.84999999999998,422,2,100,20,23,422,74322.79527592659
809,-124.44999999999997,422,2,100,9,21,422,74449.82699513435
810,-123.94999999999999,422,2,100,9,29,422,74560.52385735512
811,-122.79999999999998,422,2,100,9,22,422,74669.0259604454
812,-121.19999999999999,422,2,100,9,24,422,74781.78468871117
813,-131.45,422,2,100,9,21,422,74871.07555627823
814,-120.15,422,2,100,29,25,422,74981.2079384327
815,-117.85,422,2,100,9,21,422,75089.47800946236
816,-128.25,422,2,100,35,29,422,75191.7354850769
817,-122.3,422,2,100,9,22,422,75302.73636460304
818,-116.45,422,2,100,19,29,422,75437.96332526207
819,-124.64999999999999,422,2,100,9,27,422,75547.9841492176
820,-116.60000000000001,422,2,100,32,24,422,75653.95375919342
821,-122.50000000000001,422,2,100,19,24,422,75755.02100539207
822,-119.55,422,2,100,9,25,422,75859.52198624611
823,-127.55000000000004,422,2,100,9,29,422,75943.92250752449
824,-123.79999999999998,422,2,100,9,22,422,76060.16352248192
825,-125.55,422,2,100,9,25,422,76161.32793402672
826,-116.69999999999999,422,2,100,9,22,422,76266.4382891655
827,-127.24999999999999,422,2,100,19,21,422,76368.83319687843
828,-126.25000000000001,422,2,100,9,19,422,76473.35229849815
829,-122.19999999999999,422,2,100,9,24,422,76585.88726735115
830,-125.79999999999998,422,2,100,9,24,422,76703.48839497566
831,-120.15,422,2,100,9,25,422,76809.7927634716
832,-120.64999999999999,422,2,100,9,19,422,76907.45965123177
833,-119.19999999999999,422,2,100,9,24,422,77034.35784173012
834,-122.55000000000001,422,2,100,9,25,422,77164.48499369621
835,-124.7,422,2,100,9,26,422,77306.56825399399
836,-121.85,422,2,100,9,31,422,77443.04102659225
837,-123.75,422,2,100,9,25,422,77566.37747788429
838,-124.24999999999999,422,2,100,9,23,422,77708.08486819267
839,-119.39999999999999,422,2,100,9,28,422,77818.59445524216
840,-125.05,422,2,100,9,25,422,77944.04009389877
841,-124.09999999999998,422,2,100,9,22,422,78090.83272528648
842,-122.10000000000001,422,2,100,9,22,422,78193.7045135498
843,-125.74999999999999,422,2,100,9,21,422,78292.84130096436
844,-123.94999999999999,422,2,100,9,21,422,78411.87397742271
845,-126.00000000000001,422,2,100,9,30,422,78517.52990102768
846,-122.29999999999998,422,2,100,9,22,422,78625.71025061607
847,-118.64999999999998,422,2,100,9,23,422,78738.48550343513
848,-125.59999999999997,422,2,100,9,24,422,78847.42474341393
849,-125.39999999999999,422,2,100,18,26,422,78951.58397269249
850,-120.3,422,2,100,9,26,422,79048.22368979454
851,-120.29999999999998,422,2,100,9,22,422,79166.51873874664
852,-123.25000000000001,422,2,100,9,33,422,79298.35858869553
853,-125.10000000000001,422,2,100,9,28,422,79425.68948745728
854,-120.69999999999997,422,2,100,9,22,422,79543.60801100731
855,-125.69999999999999,422,2,100,9,22,422,79660.36599063873
856,-124.80000000000001,422,2,100,9,26,422,79759.10295248032
857,-120.30000000000003,422,2,100,19,28,422,79869.11382174492
858,-122.25,422,2,100,9,19,422,79977.39900302887
859,-121.15,422,2,100,9,33,422,80089.30948138237
860,-127.49999999999999,422,2,100,9,28,422,80205.73108267784
861,-127.74999999999999,422,2,100,9,25,422,80318.36543869972
862,-124.94999999999999,422,2,100,9,21,422,80428.9862537384
863,-124.89999999999999,422,2,100,9,22,422,80551.18279647827
864,-121.8,422,2,100,9,24,422,80661.32817435265
865,-128.7,422,2,100,9,26,422,80750.63428044319
866,-120.25000000000001,422,2,100,19,29,422,80853.76644563675
867,-118.64999999999999,422,2,100,9,21,422,80954.8705894947
868,-120.5,422,2,100,9,22,422,81055.01322412491
869,-126.35000000000002,422,2,100,9,29,422,81161.54711532593
870,-122.9,422,2,100,9,30,422,81265.6687631607
871,-123.14999999999999,422,2,100,9,25,422,81383.56159877777
872,-120.55,422,2,100,9,25,422,81503.11887311935
873,-118.6,422,2,100,9,24,422,81609.04913377762
874,-131.0,422,2,100,11,28,422,81701.18138742447
875,-127.25,422,2,100,9,27,422,81807.80722999573
876,-123.15,422,2,100,9,35,422,81921.50093960762
877,-121.94999999999999,422,2,100,9,21,422,82038.58051753044
878,-125.60000000000002,422,2,100,39,24,422,82150.89344620705
879,-121.74999999999999,422,2,100,9,25,422,82278.29895830154
880,-125.65,422,2,100,9,27,422,82413.05926156044
881,-127.04999999999998,422,2,100,9,17,422,82524.36542844772
882,-121.95,422,2,100,39,21,422,82636.94438409805
883,-122.49999999999999,422,2,100,19,20,422,82752.47206616402
884,-121.35000000000002,422,2,100,65,31,422,82864.47574186325
885,-121.85,422,2,100,29,21,422,82989.9968430996
886,-123.64999999999998,422,2,100,29,17,422,83108.10959863663
887,-123.89999999999998,422,2,100,19,22,422,83213.8071103096
888,-128.5,422,2,100,9,24,422,83311.02886223793
889,-120.55,422,2,100,49,17,422,83424.9604651928
890,-124.94999999999999,422,2,100,29,21,422,83539.10314774513
891,-122.84999999999997,422,2,100,9,21,422,83666.43327331543
892,-121.10000000000002,422,2,100,64,26,422,83779.51708841324
893,-123.19999999999999,422,2,100,10,24,422,83888.80859804153
894,-121.95,422,2,100,23,29,422,84004.77234864235
895,-125.89999999999998,422,2,100,9,22,422,84117.8865866661
896,-125.19999999999999,422,2,100,19,22,422,84218.67567133904
897,-116.45,422,2,100,9,29,422,84333.00255274773
899,-116.6,422,2,100,9,24,422,84549.07143568993
900,-125.64999999999999,422,2,100,10,25,422,84657.56928443909
901,-120.20000000000003,422,2,100,24,30,422,84758.66425228119
902,-120.39999999999999,422,2,100,17,24,422,84855.79244542122
903,-121.44999999999999,422,2,100,32,29,422,84972.63228845596
904,-120.65,422,2,100,9,35,422,85080.57994437218
905,-123.10000000000001,422,2,100,29,26,422,85196.97909832001
906,-122.94999999999999,422,2,100,30,21,422,85308.68749451637
907,-123.14999999999999,422,2,100,10,27,422,85423.45023155212
908,-122.04999999999998,422,2,100,20,17,422,85542.3209221363
909,-116.69999999999999,422,2,100,19,22,422,85648.8554520607
910,-125.15000000000002,422,2,100,14,31,422,85752.83103013039
911,-123.95000000000002,422,2,100,9,27,422,85862.53775811195
912,-121.0,422,2,100,9,28,422,85977.34618902206
913,-120.79999999999998,422,2,100,20,22,422,86091.49473500252
914,-121.05,422,2,100,9,25,422,86201.21964597702
915,-122.74999999999999,422,2,100,9,23,422,86316.95253610611
916,-123.84999999999998,422,2,100,9,19,422,86420.22969508171
917,-125.75,422,2,100,9,27,422,86534.70085144043
918,-126.14999999999999,422,2,100,19,23,422,86652.1093723774
919,-116.35000000000001,422,2,100,19,29,422,86757.51385116577
920,-128.45000000000002,422,2,100,19,25,422,86856.7227640152
921,-119.30000000000003,422,2,100,9,30,422,86976.16699647903
922,-124.2,422,2,100,9,22,422,87090.16248559952
923,-124.74999999999999,422,2,100,9,25,422,87215.3146584034
924,-122.69999999999999,422,2,100,9,22,422,87342.40077900887
925,-127.89999999999998,422,2,100,9,22,422,87483.64610648155
926,-125.44999999999999,422,2,100,9,21,422,87603.31337881088
927,-125.49999999999999,422,2,100,9,30,422,87726.9846599102
928,-125.04999999999997,422,2,100,9,19,422,87842.88401961327
929,-118.79999999999998,422,2,100,9,20,422,87968.07594633102
930,-121.64999999999998,422,2,100,19,25,422,88081.51113772392
931,-130.6,422,2,100,9,20,422,88184.7476553917
932,-120.54999999999998,422,2,100,9,25,422,88302.78707146645
933,-123.39999999999999,422,2,100,9,22,422,88432.38783144951
934,-118.59999999999998,422,2,100,9,24,422,88561.43686103821
935,-121.44999999999999,422,2,100,9,19,422,88672.25720095634
936,-121.95,422,2,100,19,29,422,88815.66831493378
937,-128.5,422,2,100,9,22,422,88931.34537005424
938,-125.9,422,2,100,9,26,422,89038.09801483154
939,-124.89999999999998,422,2,100,9,22,422,89163.38557648659
940,-124.89999999999998,422,2,100,9,22,422,89297.29951930046
941,-118.09999999999998,422,2,100,9,28,422,89420.03456997871
942,-127.64999999999999,422,2,100,9,19,422,89514.42829942703
943,-120.84999999999998,422,2,100,9,19,422,89633.177120924
944,-124.6,422,2,100,9,28,422,89746.68430638313
945,-129.1,422,2,100,9,18,422,89861.75147652626
946,-127.55,422,2,100,9,29,422,89985.68837857246
947,-127.74999999999999,422,2,100,9,25,422,90099.33343195915
948,-128.95,422,2,100,9,23,422,90218.60198307037
949,-126.1,422,2,100,9,30,422,90345.69477367401
950,-118.7,422,2,100,9,24,422,90461.2644648552
951,-125.55,422,2,100,29,29,422,90575.15365505219
952,-124.1,422,2,100,9,22,422,90678.47331643105
953,-120.9,422,2,100,9,28,422,90783.50924944878
954,-124.14999999999999,422,2,100,10,21,422,90892.06272006035
955,-125.7,422,2,100,9,24,422,91001.81384706497
956,-120.1,422,2,100,9,28,422,91114.24244976044
957,-123.30000000000001,422,2,100,9,32,422,91221.92419576645
958,-127.64999999999999,422,2,100,9,23,422,91348.47329330444
959,-123.3,422,2,100,30,22,422,91493.18230175972
960,-120.09999999999998,422,2,100,19,28,422,91627.72914719582
961,-125.45,422,2,100,19,29,422,91745.90438199043
962,-121.85,422,2,100,20,29,422,91861.33736872673
963,-124.2,422,2,100,9,22,422,91974.19308114052
964,-119.95,422,2,100,20,29,422,92095.66721463203
965,-120.2,422,2,100,30,24,422,92216.09072470665
966,-120.10000000000002,422,2,100,70,26,422,92328.32382059097
967,-123.0,422,2,100,10,28,422,92447.81225085258
968,-122.0,422,2,100,9,28,422,92558.88490152359
969,-124.55,422,2,100,9,29,422,92677.33082175255
970,-118.3,422,2,100,21,28,422,92786.96244907379
971,-125.0,422,2,100,9,24,422,92889.13004016876
972,-120.20000000000002,422,2,100,9,30,422,92991.57591962814
973,-124.00000000000004,422,2,100,9,38,422,93100.43858718872
974,-118.84999999999998,422,2,100,9,19,422,93214.89165186882
975,-122.94999999999999,422,2,100,19,29,422,93327.07850456238
976,-122.75,422,2,100,9,29,422,93425.90233826637
977,-120.6,422,2,100,9,24,422,93529.2294409275
978,-126.3,422,2,100,9,30,422,93631.86036396027
979,-125.39999999999998,422,2,100,9,20,422,93740.16243886948
980,-127.25,422,2,100,9,31,422,93847.30760240555
981,-121.3,422,2,100,9,22,422,93959.88055706024
982,-122.05,422,2,100,9,27,422,94080.49153900146
983,-121.70000000000002,422,2,100,9,34,422,94192.44441747665
984,-118.84999999999998,422,2,100,9,21,422,94304.91269612312
985,-125.29999999999998,422,2,100,9,24,422,94415.6684961319
986,-124.39999999999999,422,2,100,9,20,422,94501.51092481613
987,-123.4,422,2,100,19,30,422,94606.82684063911
988,-116.84999999999998,422,2,100,9,21,422,94723.82218885422
989,-118.2,422,2,100,9,32,422,94835.94218444824
990,-123.55,422,2,100,9,27,422,94954.37312173843
991,-120.85,422,2,100,9,19,422,95060.11862802505
992,-120.65,422,2,100,9,19,422,95166.39527893066
993,-123.00000000000001,422,2,100,19,30,422,95258.81318283081
994,-123.05000000000001,422,2,100,9,27,422,95381.52425432205
995,-123.79999999999997,422,2,100,9,22,422,95493.28763794899
996,-125.29999999999998,422,2,100,9,24,422,95608.14587950706
997,-124.6,422,2,100,9,28,422,95725.14671468735
998,-128.85,422,2,100,9,25,422,95844.33134460449
999,-122.95000000000002,422,2,100,9,29,422,95956.76819515228
1000,-121.05,422,2,100,9,29,422,96079.27009415627
1001,-121.69999999999999,422,2,100,49,24,422,96201.89107441902
1002,-124.64999999999999,422,2,100,19,27,422,96316.99226903915
1003,-118.80000000000001,422,2,100,39,20,422,96421.47347831726
1004,-123.64999999999999,422,2,100,9,27,422,96546.12843251228
1005,-120.04999999999998,422,2,100,29,27,422,96687.26578378677
1006,-121.94999999999999,422,2,100,9,31,422,96797.28767466545
1007,-119.9,422,2,100,29,28,422,96909.36021828651
1008,-122.45000000000002,422,2,100,19,25,422,97019.95301485062
1009,-121.14999999999999,422,2,100,29,27,422,97146.43751096725
1010,-123.7,422,2,100,49,26,422,97269.7121796608
1011,-121.6,422,2,100,29,28,422,97390.60345339775
1012,-121.60000000000001,422,2,100,69,28,422,97506.8611934185
1020,-124.89999999999998,62,1,100,5,12,422,98515.7065987587
1021,-119.25,422,2,100,29,23,422,98641.72936344147
1028,-123.9,422,2,100,78,26,422,99545.43897628784
1029,-121.8,422,2,100,39,24,422,99671.16855788231
1030,-124.69999999999999,62,1,100,5,16,422,99800.31851577759
1031,-121.25000000000001,422,2,100,69,21,422,99932.72925281525
1034,-118.14999999999998,422,2,100,19,25,422,100313.47714543343
1035,-119.35,422,2,100,49,21,422,100454.4645049572
1036,-125.59999999999998,422,2,100,9,28,422,100575.58195996284
1037,-126.54999999999998,422,2,100,19,25,422,100687.61475253105
1038,-116.64999999999999,422,2,100,19,25,422,100803.8213698864
1039,-121.74999999999999,422,2,100,19,25,422,100930.04994177818
1040,-121.85,422,2,100,49,23,422,101060.77807116508
1041,-121.64999999999999,422,2,100,29,25,422,101181.12600660324
1042,-121.44999999999999,422,2,100,9,29,422,101289.93017172813
1043,-134.4,422,2,100,9,20,422,101372.58997321129
1044,-124.14999999999999,422,2,100,9,25,422,101485.38872003555
1045,-123.64999999999998,422,2,100,29,25,422,101600.64031434059
1046,-116.35000000000002,422,2,100,9,29,422,101708.04728126526
1047,-124.00000000000001,422,2,100,29,28,422,101818.19104933739
1048,-128.39999999999998,422,2,100,9,26,422,101917.1441988945
1049,-126.64999999999998,422,2,100,22,25,422,102024.64455366135
1050,-124.89999999999999,422,2,100,9,22,422,102135.5921959877
1051,-120.00000000000001,422,2,100,9,38,422,102246.40858745575
1052,-121.95,422,2,100,19,29,422,102364.1572239399
1053,-126.59999999999998,422,2,100,19,28,422,102480.42876029015
1054,-126.09999999999998,422,2,100,9,18,422,102587.32294917107
1055,-117.75,422,2,100,19,33,422,102703.33576893806
1056,-123.5,422,2,100,9,26,422,102813.96910524368
1057,-126.9,422,2,100,39,26,422,102910.67209172249
1058,-130.30000000000004,422,2,100,9,34,422,103000.12260651588
1059,-128.05,422,2,100,10,23,422,103079.16367077827
1060,-122.19999999999999,422,2,100,19,22,422,103177.20632624626
1061,-119.9,422,2,100,9,30,422,103284.84362196922
1062,-123.75,422,2,100,10,25,422,103394.65634274483
1063,-121.94999999999999,422,2,100,9,29,422,103504.37539410591
1064,-124.44999999999999,422,2,100,20,29,422,103621.43586182594
1065,-120.25000000000001,422,2,100,9,27,422,103712.91242027283
1066,-127.4,422,2,100,19,26,422,103809.25987195969
1067,-120.45,422,2,100,9,25,422,103917.98496365547
1068,-122.09999999999998,422,2,100,9,26,422,104042.92402362823
1069,-124.34999999999998,422,2,100,10,23,422,104148.7767765522
1070,-120.4,422,2,100,10,26,422,104250.40385079384
1071,-123.25000000000003,422,2,100,9,33,422,104359.87297296524
1072,-121.99999999999997,422,2,100,9,20,422,104487.22674703598
1073,-119.99999999999999,422,2,100,9,26,422,104596.18626761436
1074,-122.14999999999999,422,2,100,19,25,422,104712.06692624092
1075,-118.4,422,2,100,9,28,422,104818.6001830101
1076,-123.74999999999999,422,2,100,9,25,422,104936.16093826294
1077,-118.25,422,2,100,19,29,422,105036.36742806435
1078,-129.75,422,2,100,9,25,422,105128.14356803894
1079,-121.99999999999999,422,2,100,19,28,422,105244.26069521904
1080,-120.14999999999998,422,2,100,30,25,422,105357.0991654396
1081,-121.09999999999998,422,2,100,9,26,422,105473.2629930973
1082,-115.64999999999998,422,2,100,19,25,422,105593.27083849907
1083,-124.54999999999998,422,2,100,10,27,422,105710.31066989899
1084,-127.35000000000001,422,2,100,9,33,422,105822.65578317642
1085,-121.24999999999997,422,2,100,19,21,422,105943.07488751411
1086,-125.05,422,2,100,9,25,422,106051.72978210449
1087,-122.35,422,2,100,10,27,422,106147.7821958065
1088,-124.45,422,2,100,9,19,422,106232.23490142822
1089,-127.4,422,2,100,9,26,422,106334.9755833149
1090,-125.84999999999998,422,2,100,29,25,422,106451.2651348114
1091,-123.69999999999999,422,2,100,31,24,422,106572.6353085041
1092,-121.99999999999999,422,2,100,19,28,422,106686.2346174717
1093,-123.69999999999997,422,2,100,9,26,422,106805.59016752243
1094,-127.64999999999998,422,2,100,9,25,422,106912.83234596252
1095,-122.04999999999998,422,2,100,19,27,422,107030.99365234375
1096,-123.9,422,2,100,9,28,422,107142.28245282173
1097,-123.50000000000001,422,2,100,9,26,422,107272.0027577877
1098,-127.04999999999998,422,2,100,28,29,422,107388.13032412529
1099,-123.05,422,2,100,60,25,422,107510.12635874748
1100,-125.5,422,2,100,9,28,422,107632.92008829117
1101,-123.50000000000001,422,2,100,65,28,422,107757.24980568886
1102,-119.99999999999999,422,2,100,9,28,422,107880.51070713997
1103,-122.94999999999997,422,2,100,19,21,422,108012.73116540909
1104,-122.25,422,2,100,60,25,422,108135.24822044373
1105,-129.75,422,2,100,10,25,422,108257.49598646164
1106,-122.2,422,2,100,9,26,422,108377.25205993652
1107,-120.0,422,2,100,9,28,422,108488.19447422028
1108,-122.14999999999998,422,2,100,20,25,422,108609.20376873016
1109,-130.64999999999998,422,2,100,9,19,422,108701.57092118263
1110,-122.14999999999998,422,2,100,19,25,422,108808.28181290627
1111,-124.14999999999999,422,2,100,9,25,422,108922.11078429222
1112,-121.19999999999997,422,2,100,9,26,422,109037.58315467834
1113,-123.20000000000003,422,2,100,9,34,422,109142.73381781578
1114,-123.54999999999998,422,2,100,19,29,422,109262.25805854797
1115,-123.64999999999998,422,2,100,19,25,422,109372.25629138947
1116,-122.94999999999999,422,2,100,19,27,422,109475.33925008774
1117,-122.79999999999998,422,2,100,9,32,422,109596.40816521645
1118,-120.94999999999999,422,2,100,9,29,422,109717.75925946236
1119,-118.4,422,2,100,9,26,422,109824.87351346016
1120,-128.45,422,2,100,19,25,422,109926.19223237038
1121,-124.19999999999999,422,2,100,9,28,422,110047.9673986435
1122,-126.7,422,2,100,9,28,422,110171.1547896862
1123,-126.59999999999998,422,2,100,9,28,422,110301.62991452217
1124,-123.49999999999999,422,2,100,9,26,422,110413.16756510735
1125,-128.85,422,2,100,9,25,422,110528.38225412369
1126,-124.09999999999998,422,2,100,9,18,422,110639.08363366127
1127,-125.54999999999998,422,2,100,19,27,422,110755.43892860413
1128,-122.1,422,2,100,9,28,422,110866.25058484077
1129,-125.94999999999999,422,2,100,9,25,422,110968.07087159157
1130,-121.15,422,2,100,9,27,422,111075.56989002228
1131,-122.14999999999998,422,2,100,19,25,422,111199.46727204323
1132,-120.10000000000001,422,2,100,9,26,422,111315.48573708534
1133,-123.75,422,2,100,39,25,422,111437.10881495476
1134,-125.50000000000001,422,2,100,9,26,422,111539.97090029716
1135,-118.50000000000001,422,2,100,9,26,422,111650.13557744026
1136,-123.19999999999997,422,2,100,19,26,422,111773.54230976105
1137,-124.69999999999997,422,2,100,9,26,422,111895.41532230377
1138,-119.75000000000003,422,2,100,39,33,422,112010.80626249313
1139,-121.44999999999999,422,2,100,9,29,422,112126.07792973518
1140,-123.84999999999997,422,2,100,9,19,422,112228.00961565971
1141,-122.25000000000001,422,2,100,39,25,422,112323.1319103241
1142,-123.2,422,2,100,9,24,422,112434.62044095993
1143,-122.10000000000002,422,2,100,59,26,422,112557.38641905785
1144,-125.74999999999999,422,2,100,19,21,422,112674.13682770729
1145,-121.14999999999998,422,2,100,19,25,422,112790.81754899025
1146,-122.24999999999997,422,2,100,9,23,422,112910.40065979958
1147,-117.50000000000003,422,2,100,60,28,422,113024.83598589897
1148,-122.15,422,2,100,49,25,422,113148.45322799683
1149,-119.14999999999998,422,2,100,19,25,422,113261.38635492325
1150,-121.85,422,2,100,50,21,422,113383.57649922371
1151,-119.99999999999999,422,2,100,9,26,422,113500.6217417717
1152,-120.29999999999998,422,2,100,9,22,422,113623.48794531822
1153,-120.35000000000002,422,2,100,17,29,422,113731.54958462715
1154,-122.75,422,2,100,19,31,422,113834.59479928017
1155,-115.64999999999998,422,2,100,19,25,422,113952.9583799839
1156,-122.9,422,2,100,9,26,422,114056.88868737221
1157,-118.65,422,2,100,49,23,422,114173.79394721985
1158,-120.04999999999998,422,2,100,29,25,422,114282.12588357925
1159,-123.05,422,2,100,29,25,422,114398.25393605232
1160,-123.7,422,2,100,9,34,422,114507.47102189064
1161,-123.64999999999998,422,2,100,9,25,422,114618.09445905685
1162,-123.6,422,2,100,19,26,422,114729.8767004013
1163,-120.14999999999999,422,2,100,30,25,422,114845.03822541237
1164,-124.34999999999998,422,2,100,19,21,422,114969.72554898262
1165,-120.35,422,2,100,19,25,422,115069.28763198853
1166,-123.14999999999998,422,2,100,9,23,422,115181.69484186172
1167,-121.80000000000001,422,2,100,9,34,422,115276.48293304443
1168,-124.04999999999998,422,2,100,19,25,422,115376.32774162292
1169,-126.0,422,2,100,9,28,422,115483.8006196022
1170,-122.45000000000002,422,2,100,9,31,422,115617.74423599243
1171,-127.00000000000004,422,2,100,9,36,422,115713.25293827057
1172,-124.14999999999998,422,2,100,19,25,422,115841.50526928902
1173,-125.75,422,2,100,9,25,422,115962.76410937309
1174,-120.1,422,2,100,9,26,422,116070.88759255409
1175,-123.19999999999997,422,2,100,9,26,422,116181.85998558998
1176,-124.7,422,2,100,9,26,422,116296.45140385628
1177,-123.69999999999999,422,2,100,9,26,422,116424.58687114716
1178,-121.69999999999997,422,2,100,9,26,422,116549.31486129761
1179,-123.49999999999999,422,2,100,9,26,422,116662.6737947464
1180,-125.5,422,2,100,9,26,422,116770.36480784416
1181,-131.05,422,2,100,19,29,422,116876.7409415245
1182,-121.85,422,2,100,39,21,422,116996.72504091263
1183,-121.05,422,2,100,9,37,422,117119.34309864044
1184,-123.5,422,2,100,9,28,422,117236.26112914085
1185,-118.65000000000002,422,2,100,59,25,422,117356.49457383156
1186,-123.29999999999998,422,2,100,9,26,422,117455.62179493904
1187,-125.89999999999998,422,2,100,9,18,422,117562.26562952995
1188,-125.60000000000002,422,2,100,9,38,422,117667.92492103577
1189,-125.85,422,2,100,10,25,422,117780.01200032234
1190,-122.85,422,2,100,9,33,422,117891.25083684921
1191,-123.2,422,2,100,19,36,422,118013.83252239227
1192,-127.39999999999999,422,2,100,16,28,422,118126.78052663803
1193,-123.44999999999996,422,2,100,9,19,422,118235.96051216125
1194,-124.44999999999997,422,2,100,9,21,422,118343.3063223362
1195,-120.4,422,2,100,9,26,422,118443.31100940704
1196,-119.90000000000003,422,2,100,9,34,422,118537.17297148705
1197,-126.04999999999998,422,2,100,10,21,422,118631.45660209656
1198,-128.95000000000005,422,2,100,10,31,422,118726.7561557293
1199,-124.75000000000004,422,2,100,9,37,422,118828.94720077515
1200,-124.4,422,2,100,10,30,422,118951.77439379692
1201,-125.39999999999999,422,2,100,19,32,422,119060.2067437172
1202,-118.84999999999998,422,2,100,9,19,422,119160.12673521042
1203,-124.29999999999998,422,2,100,9,20,422,119256.50250983238
1204,-123.5,422,2,100,9,26,422,119359.28159022331
1205,-123.09999999999997,422,2,100,30,26,422,119464.34019970894
1206,-127.29999999999998,422,2,100,9,26,422,119558.34699463844
1207,-124.19999999999999,422,2,100,9,20,422,119649.49999666214
1208,-123.39999999999998,422,2,100,9,22,422,119749.66583442688
1209,-121.45000000000002,422,2,100,9,31,422,119853.31548333168
1210,-125.74999999999999,422,2,100,11,27,422,119978.78949332237
1211,-125.3,422,2,100,19,32,422,120078.9853003025
1212,-126.94999999999997,422,2,100,9,25,422,120179.04053974152
1213,-121.44999999999997,422,2,100,9,19,422,120285.60670471191
1214,-123.6,422,2,100,9,26,422,120395.39105653763
1215,-124.25000000000001,422,2,100,49,33,422,120506.92349553108
1216,-128.89999999999998,422,2,100,9,22,422,120613.92049407959
1217,-122.89999999999999,422,2,100,10,18,422,120716.86651206017
1218,-123.75000000000003,422,2,100,34,31,422,120817.78617787361
1219,-123.2,422,2,100,21,32,422,120916.0958852768
1220,-124.6,422,2,100,34,26,422,121020.9866361618
1221,-124.1,422,2,100,9,26,422,121131.77640891075
1222,-125.6,422,2,100,9,22,422,121235.59570837021
1223,-124.3,422,2,100,9,22,422,121324.61353302002
1224,-125.64999999999998,422,2,100,9,25,422,121429.17767643929
1225,-122.84999999999998,422,2,100,9,19,422,121529.23675274849
1226,-125.15,422,2,100,9,27,422,121639.24272537231
1227,-123.25,422,2,100,9,25,422,121757.24470043182
1228,-126.39999999999999,422,2,100,9,24,422,121870.96594619751
1229,-127.7,422,2,100,9,26,422,121984.27918100357
1230,-121.89999999999999,422,2,100,9,22,422,122094.21445202827
1231,-127.74999999999999,422,2,100,9,25,422,122202.70539164543
1232,-117.7,422,2,100,9,24,422,122306.70451641083
1233,-122.24999999999999,422,2,100,9,25,422,122417.19707274437
1234,-127.1,422,2,100,9,22,422,122507.79697799683
1235,-126.85,422,2,100,9,25,422,122618.76525831223
1236,-121.69999999999999,422,2,100,21,24,422,122720.88455486298
1237,-123.69999999999997,422,2,100,9,26,422,122838.17334103584
1238,-121.24999999999999,422,2,100,19,25,422,122945.19757676125
1239,-124.6,422,2,100,10,24,422,123044.3177587986
1240,-124.45,422,2,100,11,23,422,123136.36543774605
1241,-124.30000000000003,422,2,100,9,32,422,123254.5669927597
1242,-123.85000000000002,422,2,100,9,31,422,123357.20681977272
1243,-126.0,422,2,100,23,26,422,123436.39635205269
1244,-118.05,422,2,100,19,27,422,123541.06377673149
1245,-125.14999999999998,422,2,100,9,27,422,123650.17500925064
1246,-125.0,422,2,100,9,26,422,123759.45569849014
1247,-123.2,422,2,100,9,26,422,123870.60323643684
1248,-121.25000000000001,422,2,100,19,29,422,123972.46604681015
1249,-124.24999999999997,422,2,100,10,23,422,124077.83998179436
1250,-114.84999999999998,422,2,100,9,21,422,124180.35796117783
1251,-122.14999999999998,422,2,100,9,23,422,124284.43182826042
1252,-125.09999999999997,422,2,100,9,18,422,124394.11644530296
1253,-125.85,422,2,100,20,25,422,124490.203063488
1254,-118.35000000000001,422,2,100,9,27,422,124588.85705828667
1255,-123.04999999999998,422,2,100,9,27,422,124707.95713043213
1256,-122.75,422,2,100,9,25,422,124819.9850332737
1257,-127.05,422,2,100,9,29,422,124931.4335796833
1258,-125.60000000000001,422,2,100,19,26,422,125031.59559607506
1259,-123.95,422,2,100,9,29,422,125133.06583356857
1260,-120.35000000000001,422,2,100,9,29,422,125232.66780638695
1261,-126.40000000000002,422,2,100,9,28,422,125324.68398618698
1262,-117.3,422,2,100,19,32,422,125433.32064390182
1263,-125.40000000000003,422,2,100,19,36,422,125529.03004407883
1264,-121.6,422,2,100,9,28,422,125638.0744125843
1265,-129.04999999999998,422,2,100,9,21,422,125756.75067853928
1266,-121.2,422,2,100,9,24,422,125862.82563376427
1267,-121.0,422,2,100,19,28,422,125967.41719341278
1268,-120.8,422,2,100,9,30,422,126068.54843425751
1269,-126.89999999999998,422,2,100,10,18,422,126173.09866642952
1270,-123.5,422,2,100,19,28,422,126277.70732188225
1271,-122.14999999999999,422,2,100,9,25,422,126379.6568133831
1272,-118.29999999999998,422,2,100,19,22,422,126483.70429039001
1273,-124.69999999999999,422,2,100,9,26,422,126588.53763723373
1274,-120.84999999999998,422,2,100,9,21,422,126694.35345458984
1275,-123.19999999999997,422,2,100,9,22,422,126791.15036273003
1276,-117.69999999999999,422,2,100,29,22,422,126889.15249562263
1277,-118.94999999999999,422,2,100,9,17,422,126989.40527033806
1278,-125.39999999999999,422,2,100,9,32,422,127089.80979037285
1279,-123.84999999999998,422,2,100,9,23,422,127192.57095599174
1280,-121.94999999999999,422,2,100,29,21,422,127298.18314766884
1281,-119.80000000000004,422,2,100,19,38,422,127404.09585905075
1282,-125.45000000000002,422,2,100,9,27,422,127507.49597716331
1283,-123.7,422,2,100,29,26,422,127614.28583550453
1284,-124.80000000000001,422,2,100,9,30,422,127724.37108802795
1285,-123.89999999999998,422,2,100,9,22,422,127829.59598493576
1286,-125.94999999999997,422,2,100,9,23,422,127942.24251484871
1287,-129.09999999999997,422,2,100,9,20,422,128051.58033514023
1288,-121.94999999999999,422,2,100,9,21,422,128158.5302708149
1289,-125.4,422,2,100,9,28,422,128268.0357158184
1290,-124.64999999999998,422,2,100,9,19,422,128378.9035525322
1291,-126.09999999999997,422,2,100,9,18,422,128489.12919354439
1292,-124.54999999999998,422,2,100,22,27,422,128604.86189723015
1293,-121.75,422,2,100,9,31,422,128705.52699041367
1294,-123.69999999999999,422,2,100,9,22,422,128804.9483127594
1295,-125.55000000000003,422,2,100,9,29,422,128893.57179045677
1296,-126.89999999999999,422,2,100,9,22,422,128999.22268009186
1297,-124.19999999999999,422,2,100,9,24,422,129095.78127598763
1298,-126.44999999999999,422,2,100,9,31,422,129216.41133832932
1299,-117.54999999999998,422,2,100,9,25,422,129312.0890929699
1300,-122.49999999999999,422,2,100,9,30,422,129415.10795974731
1301,-127.65000000000002,422,2,100,9,25,422,129519.44588828087
1302,-120.45,422,2,100,9,27,422,129629.08051300049
1303,-126.34999999999998,422,2,100,9,31,422,129728.48562598228
1304,-119.04999999999998,422,2,100,29,27,422,129833.92437958717
1305,-123.45000000000002,422,2,100,9,31,422,129941.16131615639
1306,-124.2,422,2,100,9,26,422,130043.21616125107
1307,-122.3,422,2,100,19,22,422,130146.23356604576
1308,-123.8,422,2,100,9,22,422,130246.70118379593
1309,-124.44999999999997,422,2,100,29,17,422,130362.14772820473
1310,-123.8,422,2,100,9,32,422,130471.47817730904
1311,-120.24999999999999,422,2,100,19,21,422,130569.34272933006
1312,-121.9,422,2,100,9,32,422,130673.94918584824
1313,-125.74999999999999,422,2,100,9,21,422,130770.59996008873
1314,-120.75000000000003,422,2,100,50,33,422,130872.00335764885
1315,-123.1,422,2,100,20,26,422,130970.61862969398
1316,-125.44999999999999,422,2,100,10,25,422,131068.15725469589
1317,-119.10000000000002,422,2,100,9,36,422,131175.41374373436
1318,-122.34999999999998,422,2,100,9,21,422,131275.22643733025
1319,-126.85000000000001,422,2,100,9,25,422,131383.6548292637
1320,-126.14999999999998,422,2,100,9,17,422,131491.68024253845
1321,-126.59999999999998,422,2,100,20,30,422,131620.39418911934
1322,-122.94999999999999,422,2,100,11,31,422,131732.1703927517
1323,-126.59999999999998,422,2,100,19,28,422,131861.10870051384
1324,-125.0,422,2,100,9,30,422,131975.36671876907
1325,-119.79999999999998,422,2,100,20,32,422,132100.0952410698
1326,-119.79999999999998,422,2,100,19,32,422,132222.24994659424
1327,-123.99999999999999,422,2,100,9,20,422,132342.81672477722
1328,-122.0,422,2,100,9,26,422,132456.8193833828
1329,-122.19999999999999,422,2,100,9,22,422,132562.21978664398
1330,-123.5,422,2,100,19,28,422,132664.33361768723
1331,-122.0,422,2,100,9,24,422,132762.01689863205
1332,-120.65,422,2,100,9,21,422,132859.588868618
1333,-122.6,422,2,100,9,24,422,132964.26460933685
1334,-120.4,422,2,100,9,26,422,133061.44236564636
1335,-126.6,422,2,100,9,24,422,133163.71242523193
1336,-124.1,422,2,100,9,22,422,133266.40072083473
1337,-122.14999999999999,422,2,100,9,25,422,133375.80065870285
1338,-122.85,422,2,100,9,23,422,133502.21559143066
1339,-125.69999999999999,422,2,100,9,26,422,133629.12865066528
1340,-120.0,422,2,100,9,32,422,133728.81915569305
1341,-121.85000000000002,422,2,100,9,35,422,133825.39563131332
1342,-122.09999999999998,422,2,100,9,26,422,133934.97133803368
1343,-118.25000000000001,422,2,100,9,29,422,134038.93228650093
1344,-118.60000000000001,422,2,100,9,24,422,134144.3227443695
1345,-118.6,422,2,100,9,24,422,134253.51804757118
1346,-127.05,422,2,100,19,23,422,134369.24084496498
1347,-123.70000000000002,422,2,100,9,32,422,134476.09530997276
1348,-120.25,422,2,100,9,21,422,134597.86055517197
1349,-123.15,422,2,100,21,23,422,134706.1589963436
1350,-129.05,422,2,100,9,21,422,134798.99719643593
1351,-123.10000000000001,422,2,100,9,24,422,134903.1269235611
1352,-123.44999999999999,422,2,100,9,21,422,135024.67039632797
1353,-119.05000000000001,422,2,100,9,27,422,135146.30266666412
1354,-125.25000000000001,422,2,100,9,33,422,135248.51868104935
1355,-121.54999999999998,422,2,100,9,27,422,135361.6151766777
1356,-123.89999999999999,422,2,100,21,22,422,135491.8279387951
1357,-125.64999999999999,422,2,100,9,19,422,135597.84705972672
1358,-120.25000000000003,422,2,100,9,31,422,135715.6363942623
1359,-124.6,422,2,100,19,28,422,135841.7256486416
1360,-125.04999999999998,422,2,100,9,19,422,135953.27874326706
1361,-120.6,422,2,100,20,22,422,136055.35194516182
1362,-122.3,422,2,100,9,26,422,136147.69633173943
1363,-119.15000000000002,422,2,100,19,35,422,136263.52388644218
1364,-126.85,422,2,100,9,25,422,136396.86294460297
1365,-122.2,422,2,100,19,26,422,136509.20782327652
1366,-123.04999999999998,422,2,100,9,29,422,136637.32700109482
1367,-122.99999999999999,422,2,100,9,20,422,136740.83598828316
1368,-123.55,422,2,100,9,25,422,136856.0481157303
1369,-121.95,422,2,100,10,31,422,136966.50559568405
1370,-123.45,422,2,100,9,31,422,137067.62408328056
1371,-121.3,422,2,100,9,24,422,137169.20361328125
1372,-120.99999999999999,422,2,100,9,30,422,137278.39500308037
1373,-122.94999999999999,422,2,100,9,31,422,137386.58303904533
1374,-123.05,422,2,100,9,31,422,137501.15187454224
1375,-120.3,422,2,100,9,24,422,137604.2237379551
1376,-128.85,422,2,100,9,27,422,137722.79178786278
1377,-117.89999999999999,422,2,100,9,20,422,137845.96582317352
1378,-123.35,422,2,100,9,29,422,137952.42176175117
1379,-116.30000000000003,422,2,100,9,32,422,138065.80776762962
1380,-120.14999999999999,422,2,100,9,25,422,138187.14662599564
1381,-123.30000000000003,422,2,100,9,30,422,138280.67613506317
1382,-118.15000000000002,422,2,100,9,31,422,138387.7289712429
1383,-126.60000000000001,422,2,100,9,28,422,138534.43597602844
1384,-122.20000000000002,422,2,100,9,20,422,138630.10607409477
1385,-118.35000000000001,422,2,100,9,27,422,138725.26351213455
1386,-122.3,422,2,100,9,20,422,138817.36896157265
1387,-122.90000000000003,422,2,100,29,34,422,138918.74851584435
1388,-123.75000000000001,422,2,100,9,33,422,139031.3282301426
1389,-121.05,422,2,100,9,27,422,139134.68190550804
1390,-124.5,422,2,100,9,28,422,139240.23935699463
1391,-123.80000000000001,422,2,100,9,30,422,139348.12508010864
1392,-120.49999999999997,422,2,100,19,16,422,139461.72108221054
1393,-124.39999999999998,422,2,100,9,20,422,139572.24332523346
1394,-123.89999999999999,422,2,100,9,24,422,139680.5133869648
1395,-123.05,422,2,100,9,25,422,139788.40824317932
1396,-119.65000000000003,422,2,100,9,35,422,139900.79971289635
1397,-123.85,422,2,100,9,23,422,140011.03386473656
1398,-120.85000000000001,422,2,100,19,33,422,140123.72448444366
1399,-121.64999999999999,422,2,100,9,27,422,140228.18350625038
1400,-120.45,422,2,100,10,31,422,140345.1103694439
1401,-121.85000000000001,422,2,100,10,33,422,140453.6964278221
1402,-117.64999999999999,422,2,100,9,25,422,140560.49929881096
1403,-122.05,422,2,100,9,27,422,140663.7200779915
1404,-121.0,422,2,100,17,30,422,140770.01050686836
1405,-117.95000000000002,422,2,100,9,29,422,140879.6427512169
1406,-123.54999999999998,422,2,100,10,25,422,140975.94291067123
1407,-120.75000000000004,422,2,100,9,43,422,141111.5740544796
1408,-121.85000000000001,422,2,100,17,31,422,141238.1389181614
1409,-123.00000000000001,422,2,100,11,24,422,141347.78900694847
1410,-125.1,422,2,100,9,26,422,141467.61738467216
1411,-122.35,422,2,100,9,27,422,141600.45703077316
1412,-125.74999999999997,422,2,100,9,25,422,141725.65433597565
1413,-126.55000000000004,422,2,100,9,33,422,141857.93132901192
1414,-123.05000000000001,422,2,100,9,29,422,141987.4947054386
1415,-121.5,422,2,100,9,22,422,142099.9959616661
1416,-118.75,422,2,100,9,25,422,142231.1568684578
1417,-121.49999999999997,422,2,100,23,20,422,142333.87620043755
1418,-122.10000000000002,422,2,100,9,28,422,142453.4138584137
1419,-121.35000000000001,422,2,100,9,25,422,142569.31858301163
1420,-118.99999999999999,422,2,100,9,18,422,142667.03687906265
1421,-120.34999999999997,422,2,100,12,23,422,142773.39477157593
1422,-123.24999999999999,422,2,100,9,25,422,142882.00045776367
1423,-128.20000000000005,422,2,100,9,28,422,142957.7929134369
1424,-127.24999999999999,422,2,100,9,19,422,143074.96996998787
1425,-122.8,422,2,100,9,24,422,143200.66020655632
1426,-123.59999999999998,422,2,100,9,18,422,143309.2494237423
1427,-120.45,422,2,100,9,27,422,143409.24256944656
1428,-122.3,422,2,100,9,24,422,143525.8395512104
1429,-124.40000000000002,422,2,100,10,32,422,143644.81599593163
1430,-121.85,422,2,100,22,31,422,143753.0032505989
1431,-121.85,422,2,100,9,15,422,143842.63600873947
1432,-127.30000000000003,422,2,100,9,32,422,143939.7814898491
1433,-119.55,422,2,100,9,27,422,144040.46287798882
1434,-121.85000000000001,422,2,100,9,29,422,144154.0766761303
1435,-123.19999999999999,422,2,100,9,24,422,144270.20517277718
1436,-117.25000000000001,422,2,100,9,33,422,144383.6198103428
1437,-120.79999999999998,422,2,100,9,24,422,144494.4380350113
1438,-127.0,422,2,100,9,24,422,144592.18493294716
1439,-122.74999999999999,422,2,100,9,25,422,144707.77545022964
1440,-123.79999999999998,422,2,100,9,24,422,144817.18297100067
1441,-124.04999999999998,422,2,100,9,19,422,144936.89377617836
1442,-122.29999999999998,422,2,100,9,24,422,145064.18861985207
1443,-122.20000000000002,422,2,100,9,28,422,145176.82267069817
1444,-123.45,422,2,100,9,31,422,145286.02722406387
1445,-119.8,422,2,100,9,24,422,145386.23041200638
1446,-118.25,422,2,100,9,25,422,145501.73555612564
1447,-122.85000000000001,422,2,100,9,31,422,145612.02009487152
1448,-122.05,422,2,100,9,27,422,145714.7184867859
1449,-122.75,422,2,100,9,27,422,145831.83562541008
1450,-120.14999999999999,422,2,100,10,27,422,145944.3906469345
1451,-119.7,422,2,100,9,34,422,146049.21376514435
1452,-120.2,422,2,100,9,26,422,146155.78437137604
1453,-117.8,422,2,100,9,24,422,146272.13313555717
1454,-124.65,422,2,100,9,27,422,146377.33668398857
1455,-124.39999999999998,422,2,100,9,22,422,146479.88112592697
1456,-122.44999999999999,422,2,100,9,19,422,146575.77447342873
1457,-120.79999999999998,422,2,100,10,30,422,146677.83084726334
1458,-119.59999999999998,422,2,100,10,26,422,146779.02077269554
1459,-121.39999999999998,422,2,100,10,24,422,146883.46304106712
1460,-122.79999999999997,422,2,100,17,26,422,146993.75152015686
1461,-125.05000000000001,422,2,100,9,25,422,147088.46093320847
1462,-119.15,422,2,100,9,25,422,147191.62364673615
1463,-123.0,422,2,100,9,20,422,147293.20601034164
1464,-116.54999999999998,422,2,100,10,25,422,147389.50304841995
1465,-128.05,422,2,100,9,41,422,147497.8064045906
1466,-119.8,422,2,100,9,22,422,147595.6646990776
1467,-124.7,422,2,100,9,28,422,147709.2176642418
1468,-118.30000000000003,422,2,100,9,32,422,147813.0561621189
1469,-124.99999999999999,422,2,100,9,22,422,147915.41575551033
1470,-123.35000000000001,422,2,100,9,31,422,148010.2793021202
1471,-120.50000000000001,422,2,100,9,30,422,148114.27831697464
1472,-118.15000000000002,422,2,100,9,31,422,148214.57147407532
1473,-117.25000000000001,422,2,100,9,31,422,148320.67224550247
1474,-125.65,422,2,100,9,33,422,148437.1776819229
1475,-121.24999999999999,422,2,100,9,23,422,148549.9409174919
1476,-125.79999999999998,422,2,100,9,28,422,148659.45286154747
1477,-123.45000000000002,422,2,100,9,33,422,148775.07478642464
1478,-126.54999999999998,422,2,100,9,29,422,148896.2686431408
1479,-127.25,422,2,100,9,27,422,149027.1161866188
1480,-121.50000000000001,422,2,100,9,30,422,149145.91772913933
1481,-120.8,422,2,100,9,24,422,149253.52831363678
1482,-118.5,422,2,100,9,26,422,149364.40246272087
1483,-117.5,422,2,100,9,26,422,149470.3787267208
1484,-123.35000000000001,422,2,100,9,33,422,149593.29043650627
1485,-121.7,422,2,100,9,28,422,149723.36972618103
1486,-118.14999999999999,422,2,100,9,31,422,149828.18241381645
1487,-119.85000000000001,422,2,100,9,29,422,149937.7756164074
1488,-118.84999999999998,422,2,100,9,19,422,150032.27647089958
1489,-123.65,422,2,100,14,31,422,150130.44268012047
1490,-123.44999999999999,422,2,100,9,27,422,150234.2974922657
1491,-133.2,422,2,100,9,24,422,150282.04038381577
1492,-120.1,422,2,100,9,24,422,150381.26329779625
1493,-121.95,422,2,100,9,27,422,150481.86977434158
1494,-122.05000000000003,422,2,100,9,31,422,150574.43833637238
1495,-121.10000000000001,422,2,100,9,26,422,150669.15263795853
1496,-118.60000000000001,422,2,100,9,22,422,150761.09879136086
1497,-116.45000000000003,422,2,100,9,29,422,150863.28878045082
1498,-125.15,422,2,100,9,19,422,150948.86489367485
1499,-123.7,422,2,100,9,24,422,151056.2343211174
1500,-119.3,422,2,100,9,24,422,151156.66962361336
1501,-122.40000000000002,422,2,100,9,30,422,151257.41591644287
1502,-126.15000000000002,422,2,100,25,37,422,151361.3580312729
1503,-123.09999999999998,422,2,100,9,18,422,151463.9821753502
1504,-125.45,422,2,100,43,33,422,151580.4566168785
1505,-120.30000000000001,422,2,100,9,24,422,151684.63887691498
1506,-119.3,422,2,100,9,24,422,151795.78700733185
1507,-123.54999999999998,422,2,100,22,27,422,151896.22374033928
1508,-120.10000000000001,422,2,100,9,26,422,152004.0825099945
1509,-122.5,422,2,100,9,28,422,152103.01677680016
1510,-123.49999999999999,422,2,100,24,30,422,152217.3764922619
1511,-121.05000000000001,422,2,100,9,27,422,152320.6865837574
1512,-119.60000000000001,422,2,100,9,22,422,152420.47384047508
1513,-121.0,422,2,100,9,28,422,152525.59649801254
1514,-120.7,422,2,100,9,34,422,152625.3869304657
1515,-123.39999999999999,422,2,100,9,30,422,152725.69451332092
1516,-123.74999999999999,422,2,100,9,23,422,152826.15923929214
1517,-121.05000000000001,422,2,100,9,27,422,152930.65476870537
1518,-122.89999999999999,422,2,100,9,20,422,153027.00615930557
1519,-136.35,422,2,100,9,17,422,153061.69380784035
1520,-123.19999999999997,422,2,100,9,18,422,153170.42007255554
1521,-122.04999999999998,422,2,100,9,19,422,153274.1700987816
1522,-116.99999999999999,422,2,100,9,18,422,153372.57790136337
1523,-122.89999999999998,422,2,100,9,22,422,153469.80951166153
1524,-119.49999999999999,422,2,100,9,30,422,153573.6036581993
1525,-122.54999999999997,422,2,100,9,19,422,153671.38901090622
1526,-119.39999999999999,422,2,100,9,22,422,153775.70692133904
1527,-120.25,422,2,100,9,23,422,153874.2264573574
1528,-121.9,422,2,100,9,28,422,153969.74713015556
1529,-121.05,422,2,100,9,29,422,154074.98066854477
1530,-121.14999999999998,422,2,100,9,27,422,154178.39959454536
1531,-121.74999999999999,422,2,100,19,25,422,154290.01815223694
1532,-117.6,422,2,100,9,24,422,154379.88236904144
1533,-120.54999999999998,422,2,100,9,19,422,154481.30823373795
1534,-121.69999999999997,422,2,100,9,26,422,154581.87981176376
1535,-124.1,422,2,100,9,26,422,154681.97389769554
1536,-118.44999999999999,422,2,100,9,25,422,154774.54866719246
1537,-119.99999999999999,422,2,100,19,28,422,154874.91106128693
1538,-122.2,422,2,100,9,24,422,154977.46761965752
1539,-119.2,422,2,100,9,26,422,155083.83779859543
1540,-121.49999999999997,422,2,100,9,18,422,155186.75918126106
1541,-119.89999999999999,422,2,100,19,32,422,155288.8139412403
1542,-119.95,422,2,100,9,29,422,155406.75814533234
1543,-120.1,422,2,100,9,26,422,155505.51675581932
1544,-117.84999999999998,422,2,100,9,19,422,155600.80380797386
1545,-122.40000000000002,422,2,100,9,26,422,155699.2259361744
1546,-121.7,422,2,100,9,26,422,155813.47664022446
1547,-129.40000000000003,422,2,100,26,36,422,155917.55963253975
1548,-122.35000000000001,422,2,100,9,33,422,156026.1214132309
1549,-122.44999999999997,422,2,100,26,31,422,156140.9413819313
1550,-119.89999999999999,422,2,100,9,22,422,156245.9075937271
1551,-121.54999999999998,422,2,100,9,19,422,156347.7012784481
1552,-121.94999999999999,422,2,100,9,21,422,156447.59515929222
1553,-119.90000000000002,422,2,100,9,32,422,156554.31547880173
1554,-124.94999999999999,422,2,100,9,21,422,156659.28810429573
1555,-115.99999999999999,422,2,100,9,18,422,156764.53647613525
1556,-126.15,422,2,100,19,33,422,156852.22475075722
1557,-126.89999999999998,422,2,100,9,18,422,156948.4221522808
1558,-123.65,422,2,100,9,25,422,157045.82045459747
1559,-118.5,422,2,100,9,26,422,157145.87668156624
1560,-125.2,422,2,100,9,32,422,157251.12506699562
1561,-124.19999999999999,422,2,100,9,18,422,157349.7955930233
1562,-131.25,422,2,100,9,23,422,157431.72534060478
1563,-122.59999999999997,422,2,100,9,28,422,157545.40825009346
1564,-124.2,422,2,100,19,32,422,157648.2744793892
1565,-122.99999999999997,422,2,100,9,18,422,157752.06870222092
1566,-119.49999999999997,422,2,100,9,18,422,157861.08949065208
1567,-120.44999999999997,422,2,100,9,19,422,157983.05452299118
1568,-120.2,422,2,100,9,26,422,158091.05818343163
1569,-123.19999999999997,422,2,100,9,18,422,158199.01290154457
1570,-121.54999999999998,422,2,100,9,19,422,158324.10940217972
1571,-121.54999999999998,422,2,100,9,19,422,158444.09983682632
1572,-125.09999999999998,422,2,100,9,20,422,158558.95131707191
1573,-121.54999999999998,422,2,100,9,19,422,158660.64596009254
1574,-123.14999999999998,422,2,100,9,19,422,158774.84293103218
1575,-120.54999999999998,422,2,100,9,19,422,158880.5747346878
1576,-121.15,422,2,100,9,27,422,158996.4662399292
1577,-121.59999999999998,422,2,100,9,18,422,159102.0679898262
1578,-122.54999999999998,422,2,100,9,19,422,159200.8720972538
1579,-118.49999999999997,422,2,100,9,18,422,159313.0480492115
1580,-123.64999999999998,422,2,100,9,27,422,159426.2200167179
1581,-119.04999999999998,422,2,100,9,19,422,159541.87294650078
1582,-121.69999999999999,422,2,100,19,26,422,159650.94772839546
1583,-125.14999999999998,422,2,100,9,19,422,159759.3087823391
1584,-122.04999999999998,422,2,100,9,19,422,159860.3758866787
1585,-121.19999999999997,422,2,100,9,26,422,159967.80806303024
1586,-124.69999999999997,422,2,100,9,20,422,160068.5414941311
1587,-124.19999999999997,422,2,100,9,18,422,160175.56690645218
1588,-118.99999999999997,422,2,100,9,18,422,160276.64773201942
1589,-122.19999999999997,422,2,100,19,26,422,160401.5523545742
1590,-121.8,422,2,100,9,24,422,160508.59642982483
1591,-124.04999999999997,422,2,100,9,19,422,160614.1570725441
1592,-120.74999999999999,422,2,100,19,25,422,160728.6624839306
1593,-121.49999999999999,422,2,100,9,18,422,160834.6939535141
1594,-121.4,422,2,100,9,30,422,160942.68195843697
1595,-119.45,422,2,100,19,25,422,161040.669246912
1596,-122.90000000000002,422,2,100,9,28,422,161147.37348222733
1597,-125.44999999999999,422,2,100,19,25,422,161243.12930440903
1598,-122.60000000000001,422,2,100,9,28,422,161349.4359986782
1599,-117.40000000000002,422,2,100,9,30,422,161469.39191913605
1600,-124.19999999999997,422,2,100,9,18,422,161570.11716985703
1601,-122.49999999999999,422,2,100,9,18,422,161669.34929466248
1602,-122.7,422,2,100,9,26,422,161782.44394874573
1603,-118.60000000000001,422,2,100,9,26,422,161901.53143882751
1604,-123.34999999999998,422,2,100,9,23,422,162006.18437743187
1605,-122.7,422,2,100,9,26,422,162110.4131758213
1606,-120.59999999999998,422,2,100,9,18,422,162214.04003190994
1607,-122.64999999999999,422,2,100,9,27,422,162319.76754951477
1608,-123.8,422,2,100,9,26,422,162435.3379805088
1609,-117.25000000000003,422,2,100,9,33,422,162542.35365390778
1610,-121.2,422,2,100,9,26,422,162645.29989385605
1611,-121.44999999999999,422,2,100,9,21,422,162765.14118433
1612,-124.40000000000002,422,2,100,9,32,422,162868.02956604958
1613,-123.99999999999999,422,2,100,9,20,422,162972.19571566582
1614,-116.99999999999999,422,2,100,9,18,422,163074.61725592613
1615,-123.8,422,2,100,9,24,422,163176.79140639305
1616,-122.1,422,2,100,9,28,422,163285.75409412384
1617,-121.74999999999999,422,2,100,19,25,422,163390.67693543434
1618,-121.95,422,2,100,19,27,422,163497.6576795578
1619,-116.55,422,2,100,9,25,422,163610.39427995682
1620,-123.35000000000001,422,2,100,9,31,422,163719.02943134308
1621,-122.35,422,2,100,19,33,422,163832.7725868225
1622,-122.1,422,2,100,9,26,422,163959.78500318527
1623,-126.80000000000003,422,2,100,9,26,422,164069.25765132904
1624,-118.44999999999999,422,2,100,9,29,422,164189.41768860817
1625,-124.20000000000003,422,2,100,9,34,422,164314.27751731873
1626,-124.80000000000003,422,2,100,9,32,422,164432.9056968689
1627,-123.00000000000001,422,2,100,9,28,422,164545.62892198563
1628,-121.7,422,2,100,9,18,422,164637.79270529747
1629,-124.85,422,2,100,9,29,422,164739.46860456467
1630,-118.39999999999999,422,2,100,9,26,422,164864.74712634087
1631,-122.69999999999999,422,2,100,9,26,422,164972.78597021103
1632,-121.39999999999998,422,2,100,10,18,422,165074.34646058083
1633,-115.25000000000001,422,2,100,9,33,422,165192.74848985672
1634,-121.84999999999998,422,2,100,9,23,422,165301.70537424088
1635,-119.65,422,2,100,9,25,422,165432.53715133667
1636,-123.5,422,2,100,19,32,422,165564.82097911835
1637,-119.44999999999997,422,2,100,21,19,422,165664.33316659927
1638,-125.80000000000001,422,2,100,9,26,422,165756.94831204414
1639,-122.6,422,2,100,9,26,422,165868.22344470024
1640,-126.55000000000001,422,2,100,9,25,422,165963.5919353962
1641,-123.30000000000001,422,2,100,9,32,422,166069.29172730446
1642,-123.05,422,2,100,9,29,422,166178.35045027733
1643,-116.6,422,2,100,9,26,422,166297.2832517624
1644,-119.44999999999999,422,2,100,9,25,422,166398.51460266113
1645,-122.4,422,2,100,9,32,422,166511.71801805496
1646,-124.30000000000001,422,2,100,9,32,422,166623.2430510521
1647,-124.05,422,2,100,9,25,422,166729.82572221756
1648,-125.74999999999999,422,2,100,9,25,422,166854.48542118073
1649,-122.44999999999997,422,2,100,9,19,422,166973.89654302597
1650,-123.25,422,2,100,9,25,422,167089.47821378708
1651,-123.3,422,2,100,9,32,422,167207.84000205994
1652,-126.74999999999997,422,2,100,9,17,422,167335.0894973278
1653,-123.74999999999997,422,2,100,19,25,422,167462.9084174633
1654,-124.7,422,2,100,9,28,422,167598.634578228
1655,-120.19999999999999,422,2,100,9,26,422,167706.35782456398
1656,-121.85,422,2,100,9,31,422,167822.41355514526
1657,-121.64999999999999,422,2,100,9,19,422,167924.409034729
1658,-121.25,422,2,100,9,25,422,168041.81034994125
1659,-120.69999999999997,422,2,100,9,26,422,168158.7178659439
1660,-122.19999999999999,422,2,100,9,26,422,168278.6449558735
1661,-122.69999999999999,422,2,100,9,26,422,168386.1697473526
1662,-124.8,422,2,100,9,26,422,168499.29890108109
1663,-119.85,422,2,100,10,31,422,168606.3417122364
1664,-121.5,422,2,100,9,30,422,168724.16881728172
1665,-122.69999999999999,422,2,100,9,26,422,168831.50020599365
1666,-121.74999999999997,422,2,100,10,25,422,168942.40371465683
1667,-125.7,422,2,100,9,28,422,169062.35821032524
1668,-120.05,422,2,100,9,27,422,169169.3493976593
1669,-123.7,422,2,100,9,26,422,169279.79815530777
1670,-123.0,422,2,100,9,28,422,169389.45171880722
1671,-122.2,422,2,100,9,24,422,169494.07983613014
1672,-124.39999999999998,422,2,100,9,18,422,169608.54829263687
1673,-125.60000000000001,422,2,100,9,24,422,169711.95826554298
1674,-125.35000000000001,422,2,100,9,27,422,169820.75561237335
1675,-118.44999999999997,422,2,100,9,19,422,169922.45221614838
1676,-120.25,422,2,100,9,23,422,170031.6682035923
1677,-121.64999999999998,422,2,100,10,25,422,170152.36582374573
1678,-124.69999999999999,422,2,100,9,28,422,170275.31311178207
1679,-123.75,422,2,100,9,27,422,170387.97130036354
1680,-119.8,422,2,100,9,32,422,170493.82646036148
1681,-122.14999999999999,422,2,100,9,27,422,170604.63523554802
1682,-123.35000000000002,422,2,100,9,29,422,170700.24095201492
1683,-116.99999999999999,422,2,100,9,18,422,170801.05609631538
1684,-119.29999999999998,422,2,100,9,22,422,170904.291431427
1685,-122.1,422,2,100,9,26,422,171010.948230505
1686,-124.59999999999998,422,2,100,9,26,422,171116.89655780792
1687,-122.15,422,2,100,9,25,422,171216.05758023262
1688,-121.69999999999999,422,2,100,9,26,422,171319.35321760178
1689,-121.2,422,2,100,9,26,422,171427.62049508095
1690,-121.49999999999999,422,2,100,9,32,422,171534.488022089
1691,-121.44999999999999,422,2,100,9,19,422,171640.8367612362
1692,-126.00000000000001,422,2,100,9,34,422,171723.70072698593
1693,-116.50000000000001,422,2,100,9,26,422,171836.5796060562
1694,-116.99999999999999,422,2,100,9,18,422,171935.91783094406
1695,-120.24999999999999,422,2,100,9,21,422,172041.3399128914
1696,-124.04999999999997,422,2,100,9,19,422,172143.42344141006
1697,-118.4,422,2,100,9,28,422,172252.4476454258
1698,-122.25,422,2,100,9,29,422,172359.8360157013
1699,-121.55,422,2,100,9,27,422,172459.93658351898
1700,-119.45,422,2,100,9,27,422,172559.08971190453
1701,-125.44999999999997,422,2,100,9,19,422,172667.59257888794
1702,-124.69999999999997,422,2,100,9,18,422,172787.14678955078
1703,-123.3,422,2,100,9,26,422,172898.886449337
1704,-120.19999999999999,422,2,100,9,26,422,173011.3859975338
1705,-121.1,422,2,100,9,26,422,173116.3526480198
1706,-121.89999999999999,422,2,100,9,32,422,173229.6842288971
1707,-123.54999999999998,422,2,100,9,19,422,173345.600212574
1708,-123.90000000000002,422,2,100,9,26,422,173454.95571613312
1709,-121.80000000000003,422,2,100,9,28,422,173553.7137646675
1710,-121.89999999999999,422,2,100,9,26,422,173648.31503510475
1711,-124.1,422,2,100,9,26,422,173747.20549845695
1712,-124.6,422,2,100,9,26,422,173849.02039933205
1713,-123.59999999999998,422,2,100,9,26,422,173953.6284031868
1714,-122.39999999999999,422,2,100,9,18,422,174050.06384587288
1715,-121.04999999999998,422,2,100,9,29,422,174169.10322475433
1716,-120.1,422,2,100,9,26,422,174277.0314655304
1717,-123.90000000000002,422,2,100,9,26,422,174376.58456277847
1718,-120.05,422,2,100,19,27,422,174480.41100525856
1719,-122.04999999999998,422,2,100,9,19,422,174579.74365711212
1720,-122.14999999999998,422,2,100,9,19,422,174686.03866577148
1721,-123.55,422,2,100,9,27,422,174789.46073627472
1722,-123.04999999999998,422,2,100,9,19,422,174891.78430008888
1723,-121.69999999999999,422,2,100,19,28,422,175004.7571694851
1724,-119.49999999999997,422,2,100,9,18,422,175110.21958208084
1725,-120.75,422,2,100,9,25,422,175229.1628100872
1726,-123.34999999999998,422,2,100,9,19,422,175333.7148220539
1727,-115.50000000000001,422,2,100,9,28,422,175447.10133242607
1728,-123.04999999999998,422,2,100,9,19,422,175545.49972605705
1729,-117.75,422,2,100,9,23,422,175647.85363459587
1730,-120.49999999999997,422,2,100,9,18,422,175743.5913028717
1731,-125.55,422,2,100,9,27,422,175843.17845892906
1732,-129.35000000000002,422,2,100,9,27,422,175941.8246831894
1733,-125.09999999999997,422,2,100,9,18,422,176053.530970335
1734,-121.2,422,2,100,9,26,422,176168.25773334503
1735,-124.79999999999998,422,2,100,9,26,422,176285.31187868118
1736,-126.50000000000001,422,2,100,9,26,422,176381.47007346153
1737,-122.49999999999997,422,2,100,9,18,422,176478.52029371262
1738,-116.35,422,2,100,9,31,422,176581.1326072216
1739,-122.19999999999999,422,2,100,9,26,422,176682.25141263008
1740,-123.65,422,2,100,9,27,422,176784.48753023148
1741,-122.89999999999998,422,2,100,9,22,422,176888.45192837715
1742,-120.10000000000001,422,2,100,9,28,422,176992.80796265602
1743,-120.1,422,2,100,9,26,422,177102.28782391548
1744,-117.99999999999997,422,2,100,9,18,422,177201.57439637184
1745,-121.2,422,2,100,9,26,422,177307.16572594643
1746,-125.6,422,2,100,9,26,422,177410.2997391224
1747,-121.69999999999999,422,2,100,9,26,422,177511.90241622925
1748,-120.59999999999998,422,2,100,9,18,422,177614.28904676437
1749,-122.99999999999999,422,2,100,9,20,422,177713.2720348835
1750,-116.5,422,2,100,9,26,422,177813.10316038132
1751,-124.64999999999999,422,2,100,9,27,422,177914.00933265686
1752,-121.69999999999999,422,2,100,9,18,422,178011.09216284752
1753,-123.99999999999999,422,2,100,9,18,422,178107.69155025482
1754,-122.69999999999999,422,2,100,9,26,422,178210.59823393822
1755,-122.04999999999997,422,2,100,9,19,422,178311.85572576523
1756,-122.64999999999998,422,2,100,19,25,422,178419.82203817368
1757,-122.55,422,2,100,9,29,422,178519.99170541763
1758,-124.19999999999997,422,2,100,9,18,422,178620.5770058632
1759,-122.8,422,2,100,9,26,422,178726.28502583504
1760,-117.99999999999999,422,2,100,9,18,422,178825.89006471634
1761,-121.0,422,2,100,9,26,422,178925.09647417068
1762,-119.5,422,2,100,9,28,422,179031.2545528412
1763,-120.39999999999998,422,2,100,9,18,422,179127.47706985474
1764,-124.95000000000002,422,2,100,9,25,422,179222.6063299179
1765,-123.94999999999999,422,2,100,9,23,422,179322.56537413597
1766,-122.14999999999999,422,2,100,21,27,422,179426.76632332802
1767,-122.99999999999997,422,2,100,9,18,422,179524.89829802513
1768,-116.99999999999999,422,2,100,9,18,422,179625.10093903542
1769,-123.39999999999998,422,2,100,9,18,422,179723.67806458473
1770,-123.99999999999999,422,2,100,9,20,422,179823.88743972778
1771,-120.04999999999998,422,2,100,9,19,422,179925.1446287632
1772,-119.3,422,2,100,9,22,422,180048.27313232422
1773,-123.60000000000002,422,2,100,9,24,422,180152.13453698158
1774,-120.84999999999997,422,2,100,9,15,422,180259.5119986534
1775,-124.85,422,2,100,9,21,422,180362.85892558098
1776,-121.55000000000001,422,2,100,9,29,422,180472.5752415657
1777,-118.74999999999997,422,2,100,9,15,422,180580.22432661057
1778,-119.24999999999997,422,2,100,9,15,422,180683.9354941845
1779,-123.24999999999997,422,2,100,9,15,422,180787.07352137566
1780,-124.04999999999998,422,2,100,9,19,422,180893.48254227638
1781,-125.75,422,2,100,9,19,422,180987.36521840096
1782,-124.74999999999999,422,2,100,9,23,422,181089.68795776367
1783,-123.94999999999997,422,2,100,9,19,422,181188.7724866867
1784,-117.85,422,2,100,9,19,422,181285.94117975235
1785,-119.15,422,2,100,9,27,422,181394.34759306908
1786,-118.49999999999999,422,2,100,9,18,422,181498.00941824913
1787,-122.69999999999999,422,2,100,9,18,422,181591.15550780296
1788,-121.2,422,2,100,9,26,422,181694.204580307
1789,-120.2,422,2,100,9,26,422,181805.89757537842
1790,-122.55,422,2,100,9,29,422,181915.7371110916
1791,-122.75,422,2,100,9,25,422,182018.27298355103
1792,-120.89999999999999,422,2,100,9,30,422,182122.2315135002
1793,-123.6,422,2,100,9,26,422,182223.00070548058
1794,-124.55,422,2,100,9,29,422,182331.54038167
1795,-122.7,422,2,100,9,26,422,182433.83260035515
1796,-120.89999999999999,422,2,100,9,32,422,182547.272295475
1797,-124.95,422,2,100,9,29,422,182656.68624305725
1798,-121.89999999999999,422,2,100,19,32,422,182769.6660308838
1799,-121.2,422,2,100,9,26,422,182878.32690835
1800,-123.60000000000002,422,2,100,9,36,422,182993.06622076035
1801,-120.70000000000002,422,2,100,9,34,422,183096.96920204163
1802,-127.80000000000001,422,2,100,9,26,422,183191.03240060806
1803,-121.0,422,2,100,9,28,422,183294.99467468262
1804,-117.5,422,2,100,9,26,422,183393.71794176102
1805,-121.1,422,2,100,9,26,422,183497.69130563736
1806,-119.49999999999997,422,2,100,9,18,422,183596.03737854958
1807,-122.99999999999999,422,2,100,9,20,422,183693.07513427734
1808,-117.99999999999999,422,2,100,9,18,422,183793.01151943207
1809,-117.50000000000001,422,2,100,9,26,422,183898.9337542057
1810,-121.9,422,2,100,9,30,422,184017.68865466118
1811,-123.9,422,2,100,9,26,422,184109.38549113274
1812,-122.05000000000001,422,2,100,9,27,422,184210.63005900383
1813,-123.10000000000001,422,2,100,9,26,422,184310.04571127892
1814,-122.04999999999998,422,2,100,9,19,422,184408.0934035778
1815,-121.7,422,2,100,9,26,422,184506.79072999954
1816,-117.99999999999999,422,2,100,9,18,422,184606.8211016655
1817,-117.99999999999997,422,2,100,9,18,422,184707.07905721664
1818,-124.64999999999999,422,2,100,9,25,422,184806.4253704548
1819,-121.14999999999999,422,2,100,9,23,422,184905.8089709282
1820,-127.4,422,2,100,9,30,422,185001.36885142326
1821,-122.49999999999999,422,2,100,9,18,422,185096.8929219246
1822,-121.1,422,2,100,9,24,422,185194.1161623001
1823,-123.79999999999998,422,2,100,9,24,422,185295.7244644165
1824,-117.99999999999999,422,2,100,9,18,422,185393.97666978836
1825,-121.49999999999999,422,2,100,9,18,422,185494.8375544548
1826,-120.35,422,2,100,9,23,422,185593.61386060715
1827,-119.54999999999998,422,2,100,9,19,422,185699.22110772133
1828,-123.19999999999999,422,2,100,19,26,422,185812.66222524643
1829,-120.04999999999998,422,2,100,10,19,422,185922.16501808167
1830,-120.2,422,2,100,9,26,422,186038.14830636978
1831,-122.35,422,2,100,9,25,422,186146.22970485687
1832,-120.79999999999998,422,2,100,9,26,422,186249.29472088814
1833,-121.1,422,2,100,9,28,422,186353.33347129822
1834,-123.14999999999998,422,2,100,9,27,422,186458.6719264984
1835,-116.79999999999998,422,2,100,9,22,422,186559.47792816162
1836,-120.25,422,2,100,9,25,422,186666.50996875763
1837,-120.19999999999999,422,2,100,9,24,422,186768.08625864983
1838,-123.5,422,2,100,9,26,422,186862.92336201668
1839,-118.6,422,2,100,9,24,422,186962.26001644135
1840,-119.19999999999997,422,2,100,9,24,422,187061.9676039219
1841,-121.84999999999998,422,2,100,9,23,422,187165.52170348167
1842,-118.34999999999998,422,2,100,9,21,422,187261.86711359024
1843,-123.79999999999998,422,2,100,9,20,422,187351.5046131611
1844,-125.00000000000003,422,2,100,9,36,422,187453.07240986824
1845,-124.60000000000001,422,2,100,9,26,422,187553.43780517578
1846,-123.19999999999997,422,2,100,9,18,422,187652.51668691635
1847,-120.7,422,2,100,9,26,422,187752.30963253975
1848,-120.44999999999997,422,2,100,9,21,422,187852.04990148544
1849,-120.84999999999998,422,2,100,9,23,422,187957.00565099716
1850,-119.34999999999998,422,2,100,9,21,422,188056.21805405617
1851,-125.69999999999999,422,2,100,9,26,422,188162.24933099747
1852,-121.84999999999998,422,2,100,9,21,422,188263.60307502747
1853,-124.04999999999998,422,2,100,9,21,422,188366.10298752785
1854,-121.65,422,2,100,9,27,422,188471.55689883232
1855,-116.79999999999998,422,2,100,9,22,422,188568.20373487473
1856,-121.35,422,2,100,9,21,422,188661.78386831284
1857,-121.84999999999998,422,2,100,9,21,422,188773.46429491043
1858,-117.89999999999998,422,2,100,9,20,422,188871.54397273064
1859,-125.04999999999998,422,2,100,9,21,422,188968.3374788761
1860,-115.89999999999998,422,2,100,9,20,422,189068.76971244812
1861,-117.84999999999998,422,2,100,9,21,422,189164.11353707314
1862,-122.74999999999999,422,2,100,9,25,422,189267.17413520813
1863,-119.09999999999998,422,2,100,9,28,422,189371.36638712883
1864,-128.39999999999998,422,2,100,9,26,422,189465.3929052353
1865,-123.89999999999998,422,2,100,9,22,422,189563.43750405312
1866,-118.85,422,2,100,9,21,422,189661.6620466709
1867,-116.99999999999997,422,2,100,9,18,422,189756.22196674347
1868,-121.89999999999998,422,2,100,9,20,422,189851.810587883
1869,-120.85,422,2,100,19,33,422,189957.9029622078
1870,-123.55000000000001,422,2,100,9,27,422,190059.50977253914
1871,-121.69999999999997,422,2,100,9,26,422,190159.07703781128
1872,-124.05,422,2,100,9,25,422,190258.2235338688
1873,-119.44999999999997,422,2,100,9,21,422,190357.18192195892
1874,-120.15,422,2,100,9,27,422,190457.482118845
1875,-122.85,422,2,100,9,21,422,190551.18374204636
1876,-121.79999999999998,422,2,100,9,24,422,190675.64472603798
1877,-119.8,422,2,100,9,22,422,190778.5970404148
1878,-121.60000000000001,422,2,100,9,30,422,190881.4807589054
1879,-117.84999999999998,422,2,100,9,21,422,190983.4570915699
1880,-120.09999999999997,422,2,100,9,20,422,191082.93893408775
1881,-119.44999999999997,422,2,100,9,21,422,191198.2093167305
1882,-121.44999999999999,422,2,100,9,21,422,191301.28154969215
1883,-125.19999999999999,422,2,100,9,20,422,191387.54724359512
1884,-121.09999999999997,422,2,100,9,20,422,191500.74219298363
1885,-122.1,422,2,100,9,26,422,191604.41121578217
1886,-120.09999999999998,422,2,100,9,26,422,191709.7600798607
1887,-119.9,422,2,100,9,32,422,191813.73051428795
1888,-121.69999999999999,422,2,100,9,26,422,191920.43359971046
1889,-121.39999999999999,422,2,100,9,32,422,192027.19235229492
1890,-122.0,422,2,100,9,30,422,192129.42557263374
1891,-125.79999999999998,422,2,100,9,20,422,192226.94462871552
1892,-116.74999999999999,422,2,100,9,23,422,192321.0496122837
1893,-122.04999999999997,422,2,100,9,21,422,192419.49861049652
1894,-124.74999999999997,422,2,100,9,27,422,192521.9489247799
1895,-122.09999999999997,422,2,100,9,20,422,192623.2084760666
1896,-121.09999999999997,422,2,100,9,20,422,192722.849848032
1897,-121.04999999999997,422,2,100,9,21,422,192820.6602332592
1898,-123.04999999999997,422,2,100,9,21,422,192917.4858033657
1899,-123.84999999999998,422,2,100,9,21,422,193020.72462511063
1900,-120.34999999999998,422,2,100,9,23,422,193122.67238354683
1901,-122.09999999999997,422,2,100,9,20,422,193239.03674077988
1902,-124.14999999999998,422,2,100,9,21,422,193340.08132195473
1903,-122.00000000000001,422,2,100,9,30,422,193452.67143297195
1904,-119.39999999999998,422,2,100,9,20,422,193550.97062778473
1905,-123.7,422,2,100,35,26,422,193651.2434208393
1906,-121.09999999999998,422,2,100,9,20,422,193751.7873210907
1907,-121.09999999999998,422,2,100,9,20,422,193849.08315110207
1908,-121.94999999999997,422,2,100,9,23,422,193957.82083821297
1909,-123.94999999999999,422,2,100,9,23,422,194057.98504543304
1910,-120.09999999999997,422,2,100,9,20,422,194159.1532549858
1911,-119.1,422,2,100,9,26,422,194264.7362859249
1912,-120.64999999999999,422,2,100,9,27,422,194371.9342186451
1913,-115.89999999999998,422,2,100,9,20,422,194472.0483968258
1914,-122.6,422,2,100,9,28,422,194577.82696008682
1915,-118.79999999999998,422,2,100,9,22,422,194676.50009155273
1916,-135.35,422,2,100,9,17,422,194704.8923010826
1917,-123.19999999999997,422,2,100,9,22,422,194798.53143382072
1918,-120.24999999999999,422,2,100,9,23,422,194894.62330651283
1919,-122.04999999999998,422,2,100,9,21,422,194993.4946360588
1920,-122.04999999999998,422,2,100,9,21,422,195091.5785882473
1921,-122.09999999999997,422,2,100,9,20,422,195193.26841688156
1922,-122.89999999999998,422,2,100,9,24,422,195296.46692728996
1923,-123.99999999999997,422,2,100,9,22,422,195395.26094198227
1924,-122.09999999999997,422,2,100,9,20,422,195498.69228553772
1925,-122.09999999999997,422,2,100,9,20,422,195598.51326799393
1926,-121.09999999999997,422,2,100,9,20,422,195697.64178824425
1927,-121.94999999999997,422,2,100,9,23,422,195797.96163797379
1928,-122.09999999999997,422,2,100,9,20,422,195896.17409348488
1929,-122.5,422,2,100,9,32,422,196007.4152057171
1930,-121.04999999999997,422,2,100,9,21,422,196104.8265697956
1931,-117.85,422,2,100,9,23,422,196207.7678899765
1932,-121.89999999999998,422,2,100,9,24,422,196311.1430027485
1933,-122.09999999999997,422,2,100,9,20,422,196409.54100179672
1934,-121.99999999999999,422,2,100,9,22,422,196515.43146348
1935,-122.09999999999997,422,2,100,9,20,422,196616.53020095825
1936,-122.04999999999998,422,2,100,9,21,422,196712.74867510796
1937,-121.99999999999999,422,2,100,9,22,422,196809.47462654114
1938,-121.09999999999997,422,2,100,9,20,422,196908.45977330208
1939,-122.09999999999997,422,2,100,9,20,422,197015.45302009583
1940,-120.44999999999997,422,2,100,9,21,422,197115.0585577488
1941,-120.3,422,2,100,9,24,422,197215.67493581772
1942,-116.85,422,2,100,9,21,422,197317.60325431824
1943,-121.04999999999998,422,2,100,9,29,422,197423.3579773903
1944,-122.1,422,2,100,9,26,422,197534.5996849537
1945,-124.79999999999998,422,2,100,9,26,422,197640.35347914696
1946,-124.14999999999998,422,2,100,9,27,422,197740.34088015556
1947,-123.5,422,2,100,9,32,422,197845.5084593296
1948,-120.5,422,2,100,9,30,422,197944.931650877
1949,-121.99999999999997,422,2,100,9,22,422,198045.70531344414
1950,-120.69999999999999,422,2,100,9,26,422,198146.0989842415
1951,-122.89999999999998,422,2,100,9,22,422,198240.74052858353
1952,-124.50000000000003,422,2,100,9,26,422,198335.54044413567
1953,-121.79999999999998,422,2,100,9,24,422,198432.37109065056
1954,-120.7,422,2,100,9,26,422,198530.1501903534
1955,-119.49999999999997,422,2,100,9,20,422,198636.8238942623
1956,-122.35,422,2,100,9,23,422,198731.03161978722
1957,-121.04999999999997,422,2,100,9,21,422,198830.08493185043
1958,-123.0,422,2,100,9,26,422,198934.90119290352
1959,-116.89999999999998,422,2,100,9,20,422,199033.74207019806
1960,-122.94999999999999,422,2,100,9,23,422,199142.9893028736
1961,-124.74999999999999,422,2,100,9,21,422,199254.8916697502
1962,-121.24999999999999,422,2,100,9,23,422,199366.06418442726
1963,-123.99999999999997,422,2,100,9,22,422,199475.99252295494
1964,-120.34999999999998,422,2,100,9,23,422,199585.50040912628
1965,-122.04999999999998,422,2,100,9,21,422,199699.13376927376
1966,-120.99999999999997,422,2,100,9,22,422,199806.08948659897
1967,-123.84999999999998,422,2,100,9,25,422,199933.98227500916
1968,-123.55000000000001,422,2,100,9,27,422,200027.4903447628
1969,-118.39999999999999,422,2,100,9,22,422,200140.7568371296
1970,-121.04999999999997,422,2,100,9,21,422,200247.8254237175
1971,-116.89999999999999,422,2,100,9,20,422,200357.31680846214
1972,-120.9,422,2,100,9,32,422,200474.05235004425
1973,-117.89999999999999,422,2,100,9,20,422,200571.30908060074
1974,-122.45,422,2,100,9,29,422,200668.35647678375
1975,-120.44999999999997,422,2,100,9,21,422,200767.0711505413
1976,-115.84999999999998,422,2,100,9,21,422,200863.06894278526
1977,-118.89999999999999,422,2,100,9,20,422,200959.5230267048
1978,-117.19999999999999,422,2,100,9,26,422,201066.76397752762
1979,-118.50000000000001,422,2,100,9,26,422,201178.57441163063
1980,-124.04999999999997,422,2,100,9,21,422,201276.34942746162
1981,-118.89999999999999,422,2,100,9,20,422,201382.5881459713
1982,-114.89999999999999,422,2,100,9,20,422,201484.28300213814
1983,-114.89999999999998,422,2,100,9,20,422,201580.42878127098
1984,-119.24999999999999,422,2,100,9,23,422,201677.35069918633
1985,-119.39999999999999,422,2,100,9,26,422,201773.21735072136
1986,-120.29999999999997,422,2,100,9,20,422,201882.57250213623
1987,-116.20000000000002,422,2,100,10,32,422,201982.5133881569
1988,-115.84999999999998,422,2,100,9,21,422,202079.57498931885
1989,-120.44999999999999,422,2,100,9,21,422,202177.2988536358
1990,-121.6,422,2,100,9,20,422,202264.1437985897
1991,-121.3,422,2,100,9,20,422,202362.77064847946
1992,-123.89999999999998,422,2,100,9,20,422,202457.41120696068
1993,-116.55000000000001,422,2,100,44,27,422,202558.99138355255
1994,-121.69999999999999,422,2,100,9,26,422,202673.36936593056
1995,-121.89999999999999,422,2,100,9,30,422,202770.27652859688
1996,-122.60000000000001,422,2,100,9,26,422,202865.16577506065
1997,-121.7,422,2,100,9,26,422,202967.01512122154
1998,-120.29999999999998,422,2,100,9,22,422,203073.56192994118
1999,-116.89999999999999,422,2,100,9,20,422,203171.41410040855
2000,-119.19999999999999,422,2,100,9,26,422,203275.5345029831
2001,-120.29999999999998,422,2,100,9,20,422,203369.43257784843
2002,-122.15,422,2,100,9,23,422,203463.7142021656
2003,-121.4,422,2,100,9,32,422,203565.60687446594
2004,-123.79999999999998,422,2,100,9,26,422,203669.41467785835
2005,-121.09999999999998,422,2,100,9,20,422,203785.01450943947
2006,-123.3,422,2,100,9,22,422,203883.02662682533
2007,-120.99999999999997,422,2,100,9,22,422,203981.95302724838
2008,-121.04999999999997,422,2,100,9,21,422,204091.36701893806
2009,-121.09999999999997,422,2,100,9,20,422,204191.68595671654
2010,-120.39999999999999,422,2,100,9,22,422,204291.0974714756
2011,-121.19999999999999,422,2,100,19,26,422,204394.33009195328
2012,-121.04999999999997,422,2,100,9,21,422,204494.06647253036
2013,-119.1,422,2,100,9,26,422,204594.2541065216
2014,-120.15,422,2,100,9,25,422,204702.91628575325
2015,-121.54999999999998,422,2,100,9,31,422,204808.2087481022
2016,-122.69999999999999,422,2,100,9,26,422,204911.98643684387
2017,-114.6,422,2,100,9,26,422,205015.61442542076
2018,-120.94999999999997,422,2,100,9,21,422,205112.605489254
2019,-125.05,422,2,100,9,25,422,205209.28978705406
2020,-124.15,422,2,100,9,21,422,205307.88618922234
2021,-120.2,422,2,100,9,26,422,205414.00800561905
2022,-122.85,422,2,100,9,21,422,205508.51150393486
2023,-120.69999999999999,422,2,100,9,26,422,205610.40129709244
2024,-122.89999999999998,422,2,100,9,20,422,205705.35941505432
2025,-118.69999999999997,422,2,100,9,26,422,205812.8999824524
2026,-117.49999999999999,422,2,100,9,30,422,205917.04110336304
2027,-120.99999999999997,422,2,100,9,22,422,206025.75329256058
2028,-122.9,422,2,100,9,22,422,206121.0925769806
2029,-123.89999999999998,422,2,100,9,20,422,206213.38463807106
2030,-122.29999999999998,422,2,100,9,26,422,206322.27082800865
2031,-119.2,422,2,100,9,26,422,206421.78536009789
2032,-122.34999999999998,422,2,100,9,25,422,206525.8415107727
2033,-122.09999999999997,422,2,100,9,20,422,206633.3685798645
2034,-121.99999999999997,422,2,100,9,22,422,206735.17401838303
2035,-121.09999999999997,422,2,100,9,20,422,206836.59605622292
2036,-119.39999999999998,422,2,100,9,20,422,206934.61578845978
2037,-122.09999999999997,422,2,100,9,20,422,207033.09645986557
2038,-124.75,422,2,100,9,27,422,207137.59315538406
2039,-124.04999999999998,422,2,100,9,21,422,207236.8582148552
2040,-121.94999999999997,422,2,100,9,23,422,207337.22417521477
2041,-120.29999999999998,422,2,100,9,26,422,207453.8676636219
2042,-120.99999999999997,422,2,100,9,22,422,207553.8552427292
2043,-121.75,422,2,100,9,27,422,207658.15462112427
2044,-122.09999999999997,422,2,100,9,20,422,207756.31651687622
2045,-121.09999999999997,422,2,100,9,20,422,207854.92910647392
2046,-119.49999999999999,422,2,100,9,20,422,207953.65087723732
2047,-121.24999999999999,422,2,100,9,27,422,208056.15339398384
2048,-121.09999999999997,422,2,100,9,20,422,208153.1119172573
2049,-122.29999999999998,422,2,100,9,26,422,208256.21775317192
2050,-122.09999999999997,422,2,100,9,20,422,208359.31709241867
2051,-120.09999999999997,422,2,100,9,20,422,208460.28979325294
2052,-122.09999999999997,422,2,100,9,20,422,208564.72027873993
2053,-119.89999999999999,422,2,100,9,22,422,208662.34977006912
2054,-121.09999999999997,422,2,100,9,20,422,208769.0110025406
2055,-121.09999999999997,422,2,100,9,20,422,208873.46330690384
2056,-120.49999999999997,422,2,100,9,20,422,208970.69828605652
2057,-119.49999999999997,422,2,100,9,20,422,209067.5540318489
2058,-121.1,422,2,100,9,30,422,209170.53139185905
2059,-123.6,422,2,100,9,26,422,209266.50421714783
2060,-120.89999999999999,422,2,100,9,32,422,209377.296302557
2061,-118.39999999999998,422,2,100,9,20,422,209474.74205565453
2062,-121.09999999999997,422,2,100,9,20,422,209574.9439651966
2063,-120.79999999999998,422,2,100,9,26,422,209695.89945411682
2064,-119.14999999999998,422,2,100,9,27,422,209804.03174304962
2065,-115.89999999999998,422,2,100,9,20,422,209903.3026447296
2066,-120.69999999999999,422,2,100,9,26,422,210000.99569368362
2067,-116.89999999999999,422,2,100,9,20,422,210098.7138800621
2068,-120.6,422,2,100,9,20,422,210184.40085315704
2069,-124.89999999999999,422,2,100,9,20,422,210277.79486393929
2070,-121.39999999999999,422,2,100,9,20,422,210376.6564180851
2071,-123.09999999999997,422,2,100,9,20,422,210473.66341233253
2072,-120.19999999999997,422,2,100,9,26,422,210582.29962396622
2073,-119.74999999999999,422,2,100,9,25,422,210685.78841662407
2074,-120.09999999999998,422,2,100,9,22,422,210795.53593206406
2075,-122.74999999999999,422,2,100,9,27,422,210907.8751897812
2076,-119.39999999999998,422,2,100,9,20,422,211001.8339290619
2077,-121.04999999999998,422,2,100,9,23,422,211106.95829463005
2078,-119.8,422,2,100,9,28,422,211212.01803731918
2079,-119.19999999999997,422,2,100,9,20,422,211316.3140525818
2080,-119.45,422,2,100,9,25,422,211423.66033124924
2081,-118.89999999999999,422,2,100,9,26,422,211529.04045248032
2082,-118.04999999999998,422,2,100,9,31,422,211637.42108345032
2083,-118.04999999999998,422,2,100,9,23,422,211744.4401051998
2084,-116.39999999999999,422,2,100,9,24,422,211848.1298778057
2085,-114.75,422,2,100,9,25,422,211951.78921484947
2086,-121.24999999999999,422,2,100,9,25,422,212051.12280011177
2087,-118.44999999999997,422,2,100,9,25,422,212157.2863895893
2088,-113.19999999999997,422,2,100,9,20,422,212263.86018252373
2089,-115.69999999999997,422,2,100,9,20,422,212369.20728468895
2090,-120.94999999999996,422,2,100,9,25,422,212477.6149878502
2091,-114.69999999999997,422,2,100,9,20,422,212579.23157835007
2092,-115.64999999999998,422,2,100,9,21,422,212689.34640288353
2093,-119.44999999999996,422,2,100,9,19,422,212801.55827116966
2094,-118.39999999999999,422,2,100,9,26,422,212909.3268752098
2095,-121.04999999999998,422,2,100,9,25,422,213016.3200287819
2096,-119.44999999999996,422,2,100,9,19,422,213127.83379101753
2097,-116.84999999999997,422,2,100,9,19,422,213236.30336260796
2098,-111.24999999999997,422,2,100,9,19,422,213344.01822686195
2099,-117.14999999999998,422,2,100,9,21,422,213447.80593156815
2100,-113.19999999999997,422,2,100,9,20,422,213557.33588814735
2101,-115.74999999999997,422,2,100,9,19,422,213664.7723493576
2102,-116.69999999999997,422,2,100,9,20,422,213768.05061030388
2103,-115.94999999999999,422,2,100,9,19,422,213865.6999900341
2104,-120.44999999999999,422,2,100,9,25,422,213974.1116080284
2105,-116.29999999999998,422,2,100,9,26,422,214076.66178941727
2106,-119.89999999999999,422,2,100,9,24,422,214198.67098140717
2107,-118.44999999999997,422,2,100,9,21,422,214294.9951159954
2108,-114.24999999999997,422,2,100,9,19,422,214405.96233725548
2109,-116.59999999999997,422,2,100,9,20,422,214510.28091359138
2110,-120.39999999999998,422,2,100,9,26,422,214621.72289586067
2111,-118.54999999999998,422,2,100,9,23,422,214729.45957922935
2112,-116.74999999999999,422,2,100,9,21,422,214833.78479862213
2113,-118.44999999999996,422,2,100,9,19,422,214947.37385606766
2114,-114.64999999999998,422,2,100,9,21,422,215058.56737470627
2115,-116.84999999999997,422,2,100,9,19,422,215165.84986448288
2116,-120.24999999999996,422,2,100,9,19,422,215266.8928682804
2117,-117.74999999999997,422,2,100,9,21,422,215370.9523024559
2118,-118.44999999999996,422,2,100,9,19,422,215478.2368350029
2119,-118.8,422,2,100,9,26,422,215583.0984427929
2120,-116.74999999999997,422,2,100,9,21,422,215689.84885716438
2121,-118.44999999999996,422,2,100,9,19,422,215802.38148593903
2122,-117.54999999999998,422,2,100,9,21,422,215901.5323832035
2123,-118.44999999999996,422,2,100,9,19,422,216014.0685362816
2124,-118.44999999999996,422,2,100,9,19,422,216123.21666884422
2125,-118.44999999999996,422,2,100,9,19,422,216232.93100237846
2126,-119.44999999999997,422,2,100,9,19,422,216336.88777971268
2127,-117.79999999999997,422,2,100,9,20,422,216446.66096019745
2128,-119.44999999999997,422,2,100,9,19,422,216557.1494488716
2129,-118.44999999999996,422,2,100,9,19,422,216662.82466101646
2130,-118.44999999999996,422,2,100,9,19,422,216768.38895154
2131,-118.44999999999996,422,2,100,9,19,422,216878.4702041149
2132,-120.39999999999996,422,2,100,9,20,422,216988.72707390785
2133,-114.1,422,2,100,9,22,422,217093.0513958931
2134,-115.09999999999998,422,2,100,9,22,422,217199.90118837357
2135,-120.39999999999996,422,2,100,9,20,422,217304.92792606354
2136,-118.44999999999996,422,2,100,9,19,422,217416.30135536194
2137,-116.74999999999997,422,2,100,9,21,422,217523.9982805252
2138,-119.94999999999999,422,2,100,9,27,422,217631.8961622715
2139,-113.14999999999996,422,2,100,9,21,422,217738.0516526699
2140,-111.24999999999997,422,2,100,9,19,422,217847.51902365685
2141,-116.39999999999998,422,2,100,9,26,422,217956.12139368057
2142,-118.44999999999996,422,2,100,9,19,422,218060.55229783058
2143,-116.09999999999998,422,2,100,9,24,422,218168.90972733498
2144,-120.8,422,2,100,9,26,422,218272.1832690239
2145,-117.39999999999996,422,2,100,9,20,422,218376.74166083336
2146,-112.24999999999997,422,2,100,10,19,422,218489.1268541813
2147,-119.44999999999996,422,2,100,9,19,422,218599.03297495842
2148,-119.09999999999998,422,2,100,9,22,422,218703.50447177887
2149,-116.74999999999997,422,2,100,9,21,422,218812.95845913887
2150,-113.14999999999998,422,2,100,9,21,422,218925.40951633453
2151,-118.44999999999999,422,2,100,9,25,422,219017.23777627945
2152,-120.54999999999998,422,2,100,9,19,422,219114.41461324692
2153,-114.94999999999999,422,2,100,9,19,422,219217.2245349884
2154,-113.79999999999998,422,2,100,19,24,422,219316.26616501808
2155,-113.74999999999997,422,2,100,9,25,422,219419.1743683815
2156,-115.64999999999998,422,2,100,9,19,422,219519.49831056595
2157,-116.74999999999997,422,2,100,9,19,422,219619.78083491325
2158,-115.84999999999997,422,2,100,9,19,422,219725.73254656792
2159,-114.04999999999998,422,2,100,9,21,422,219827.67261099815
2160,-120.79999999999998,422,2,100,9,26,422,219932.35890984535
2161,-119.24999999999997,422,2,100,9,19,422,220034.49273753166
2162,-112.75,422,2,100,9,25,422,220138.92665290833
2163,-121.39999999999998,422,2,100,9,20,422,220236.77378177643
2164,-113.69999999999997,422,2,100,9,20,422,220339.96918725967
2165,-117.49999999999999,422,2,100,9,24,422,220446.17333555222
2166,-112.99999999999999,422,2,100,9,24,422,220551.09173870087
2167,-117.74999999999997,422,2,100,9,17,422,220650.14549350739
2168,-120.29999999999997,422,2,100,19,24,422,220763.19297266006
2169,-133.2,422,2,100,9,22,422,220800.67237448692
2170,-118.4,422,2,100,9,26,422,220903.61052894592
2171,-120.9,422,2,100,9,26,422,221006.76582455635
2172,-117.69999999999997,422,2,100,9,20,422,221117.48201203346
2173,-118.89999999999999,422,2,100,9,18,422,221221.11576485634
2174,-118.49999999999999,422,2,100,9,24,422,221327.12650322914
2175,-117.84999999999997,422,2,100,9,17,422,221429.56632852554
2176,-116.69999999999997,422,2,100,9,20,422,221531.37737059593
2177,-117.84999999999997,422,2,100,9,17,422,221633.2503941059
2178,-120.04999999999998,422,2,100,9,23,422,221742.00950837135
2179,-116.84999999999997,422,2,100,9,17,422,221842.35159778595
2180,-115.29999999999998,422,2,100,9,18,422,221940.97974181175
2181,-121.19999999999997,422,2,100,9,20,422,222043.5138912201
2182,-117.74999999999997,422,2,100,9,17,422,222145.15696787834
2183,-119.14999999999998,422,2,100,9,21,422,222246.66026949883
2184,-116.95,422,2,100,9,21,422,222343.61279559135
2185,-116.69999999999997,422,2,100,9,20,422,222452.6412010193
2186,-120.09999999999998,422,2,100,9,20,422,222548.10588932037
2187,-118.74999999999997,422,2,100,9,17,422,222663.35472035408
2188,-119.94999999999999,422,2,100,9,21,422,222766.83914899826
2189,-115.74999999999997,422,2,100,9,17,422,222873.3253979683
2190,-117.59999999999998,422,2,100,9,20,422,222971.8007221222
2191,-118.34999999999997,422,2,100,9,17,422,223074.60731077194
2192,-116.74999999999997,422,2,100,9,17,422,223195.5065922737
2193,-116.79999999999998,422,2,100,9,18,422,223312.16852736473
2194,-120.99999999999999,422,2,100,9,24,422,223423.0097141266
2195,-117.94999999999999,422,2,100,9,19,422,223518.75566840172
2196,-117.64999999999998,422,2,100,9,17,422,223617.1530752182
2197,-118.64999999999998,422,2,100,9,17,422,223714.9931333065
2198,-119.69999999999997,422,2,100,9,20,422,223818.95174264908
2199,-117.84999999999997,422,2,100,9,17,422,223923.29712843895
2200,-116.74999999999997,422,2,100,9,17,422,224029.77694535255
2201,-116.74999999999997,422,2,100,9,17,422,224132.4424676895
2202,-119.34999999999997,422,2,100,9,17,422,224234.60649633408
2203,-117.4,422,2,100,9,24,422,224347.04562807083
2204,-116.39999999999998,422,2,100,19,24,422,224457.28396725655
2205,-116.84999999999997,422,2,100,9,17,422,224568.54623699188
2206,-119.34999999999997,422,2,100,9,17,422,224670.91358423233
2207,-117.84999999999997,422,2,100,9,17,422,224777.03966641426
2208,-117.79999999999998,422,2,100,9,18,422,224878.76997041702
2209,-118.84999999999997,422,2,100,9,17,422,224983.8829805851
2210,-117.84999999999997,422,2,100,9,17,422,225105.98849916458
2211,-122.24999999999997,422,2,100,9,17,422,225214.70487427711
2212,-118.2,422,2,100,9,26,422,225317.60348320007
2213,-119.25,422,2,100,9,29,422,225419.05007052422
2214,-118.04999999999998,422,2,100,9,23,422,225531.80729842186
2215,-120.34999999999997,422,2,100,9,17,422,225637.52689290047
2216,-116.29999999999997,422,2,100,9,18,422,225743.12079811096
2217,-120.34999999999998,422,2,100,9,17,422,225852.71332073212
2218,-122.8,422,2,100,9,22,422,225938.71707820892
2219,-119.64999999999998,422,2,100,9,17,422,226037.07474255562
2220,-115.89999999999998,422,2,100,9,20,422,226135.46649432182
2221,-117.64999999999998,422,2,100,9,17,422,226236.24033021927
2222,-120.24999999999997,422,2,100,9,17,422,226336.71961331367
2223,-118.64999999999998,422,2,100,9,17,422,226441.04351949692
2224,-116.04999999999998,422,2,100,9,17,422,226544.99331593513
2225,-117.99999999999999,422,2,100,9,24,422,226669.9238667488
2226,-118.34999999999997,422,2,100,9,17,422,226772.1680738926
2227,-116.04999999999998,422,2,100,9,17,422,226869.1810042858
2228,-119.39999999999999,422,2,100,9,24,422,226972.14167189598
2229,-119.14999999999998,422,2,100,9,21,422,227078.37125563622
2230,-120.79999999999997,422,2,100,19,24,422,227187.2761440277
2231,-117.84999999999997,422,2,100,9,17,422,227291.87297177315
2232,-119.34999999999997,422,2,100,9,17,422,227398.12648892403
2233,-119.29999999999998,422,2,100,9,26,422,227502.32442474365
2234,-118.64999999999998,422,2,100,9,17,422,227618.22714805603
2235,-114.8,422,2,100,9,24,422,227738.47657847404
2236,-119.24999999999997,422,2,100,9,17,422,227838.88955497742
2237,-118.99999999999999,422,2,100,9,24,422,227946.88815021515
2238,-119.24999999999997,422,2,100,9,19,422,228052.02691483498
2239,-118.69999999999997,422,2,100,9,20,422,228158.8460943699
2240,-120.99999999999997,422,2,100,19,24,422,228273.85421419144
2241,-116.84999999999997,422,2,100,9,17,422,228390.25571274757
2242,-120.34999999999997,422,2,100,9,17,422,228496.91100287437
2243,-118.99999999999999,422,2,100,9,24,422,228602.24677038193
2244,-116.84999999999997,422,2,100,9,17,422,228711.65416049957
2245,-121.29999999999998,422,2,100,9,20,422,228824.196778059
2246,-116.84999999999997,422,2,100,9,17,422,228928.9362771511
2247,-117.84999999999997,422,2,100,9,17,422,229033.45576238632
2248,-118.35,422,2,100,9,25,422,229157.05750727654
2249,-116.84999999999997,422,2,100,9,17,422,229266.65261912346
2250,-120.99999999999997,422,2,100,19,24,422,229373.4116215706
2251,-134.2,422,2,100,9,22,422,229411.85409379005
2252,-116.64999999999998,422,2,100,9,21,422,229517.8305580616
2253,-116.84999999999997,422,2,100,9,17,422,229622.74842691422
2254,-117.84999999999997,422,2,100,9,17,422,229730.73954439163
2255,-114.19999999999997,422,2,100,9,20,422,229845.2488307953
2256,-116.39999999999999,422,2,100,9,26,422,229957.2430343628
2257,-119.04999999999998,422,2,100,9,25,422,230071.5898220539
2258,-115.65,422,2,100,9,29,422,230180.43911099434
2259,-117.19999999999997,422,2,100,9,20,422,230287.45047092438
2260,-119.44999999999996,422,2,100,9,19,422,230397.3432507515
2261,-115.64999999999998,422,2,100,9,19,422,230502.79461979866
2262,-117.14999999999998,422,2,100,9,23,422,230618.25403809547
2263,-115.39999999999999,422,2,100,9,26,422,230726.00551319122
2264,-116.54999999999998,422,2,100,9,25,422,230857.52709174156
2265,-115.44999999999999,422,2,100,9,25,422,230982.65972971916
2266,-118.44999999999996,422,2,100,9,19,422,231095.68132019043
2267,-116.2,422,2,100,9,26,422,231203.07409381866
2268,-117.04999999999998,422,2,100,9,25,422,231315.00631856918
2269,-113.74999999999997,422,2,100,9,19,422,231420.9500322342
2270,-117.24999999999999,422,2,100,9,25,422,231528.70421004295
2271,-114.64999999999998,422,2,100,9,21,422,231651.0157146454
2272,-117.29999999999995,422,2,100,19,28,422,231768.15743780136
2273,-120.19999999999997,422,2,100,9,20,422,231888.07024025917
2274,-115.34999999999998,422,2,100,10,25,422,232002.12234902382
2275,-119.74999999999997,422,2,100,26,25,422,232105.37318205833
2276,-115.34999999999998,422,2,100,9,25,422,232215.282674551
2277,-119.69999999999999,422,2,100,9,28,422,232321.19842410088
2278,-116.64999999999998,422,2,100,9,23,422,232431.72293400764
2279,-114.44999999999999,422,2,100,9,25,422,232544.93496322632
2280,-113.74999999999997,422,2,100,9,19,422,232653.0423092842
2281,-114.74999999999997,422,2,100,9,19,422,232767.86768698692
2282,-119.14999999999998,422,2,100,9,19,422,232869.0427479744
2283,-122.69999999999997,422,2,100,27,28,422,232982.29139757156
2284,-114.49999999999997,422,2,100,19,24,422,233102.4887998104
2285,-111.24999999999997,422,2,100,9,19,422,233211.3970477581
2286,-117.84999999999998,422,2,100,17,23,422,233315.7318892479
2287,-114.74999999999997,422,2,100,9,19,422,233421.25799536705
2288,-116.94999999999999,422,2,100,9,25,422,233529.82933235168
2289,-113.75,422,2,100,9,25,422,233637.21112251282
2290,-121.04999999999997,422,2,100,9,21,422,233744.45209431648
2291,-120.14999999999996,422,2,100,9,19,422,233850.3620891571
2292,-118.24999999999997,422,2,100,9,19,422,233966.81948781013
2293,-113.24999999999997,422,2,100,9,19,422,234075.50787687302
2294,-116.74999999999997,422,2,100,9,19,422,234187.14099001884
2295,-119.44999999999996,422,2,100,9,19,422,234307.73204803467
2296,-113.24999999999997,422,2,100,9,19,422,234434.3242843151
2297,-118.59999999999998,422,2,100,9,20,422,234551.81475448608
2298,-117.24999999999997,422,2,100,9,19,422,234660.61891841888
2299,-120.24999999999997,422,2,100,9,19,422,234767.72455835342
2300,-118.44999999999996,422,2,100,9,19,422,234881.9826450348
2301,-115.84999999999997,422,2,100,9,19,422,234996.52026724815
2302,-120.19999999999997,422,2,100,9,24,422,235112.00237107277
2303,-119.44999999999996,422,2,100,9,19,422,235225.3307080269
2304,-114.14999999999998,422,2,100,9,21,422,235334.92148804665
2305,-117.54999999999997,422,2,100,9,25,422,235455.62901234627
2306,-119.44999999999996,422,2,100,9,19,422,235570.12421154976
2307,-116.54999999999997,422,2,100,9,25,422,235686.02964782715
2308,-118.44999999999996,422,2,100,9,19,422,235803.59874486923
2309,-120.34999999999997,422,2,100,9,21,422,235921.0735361576
2310,-115.84999999999997,422,2,100,9,19,422,236032.4239039421
2311,-114.24999999999997,422,2,100,9,19,422,236146.78324770927
2312,-120.34999999999997,422,2,100,9,21,422,236259.04443836212
2313,-118.44999999999996,422,2,100,9,19,422,236371.3764576912
2314,-118.44999999999996,422,2,100,9,19,422,236485.08910536766
2315,-120.39999999999996,422,2,100,9,20,422,236596.461145401
2316,-116.54999999999998,422,2,100,9,25,422,236711.2863278389
2317,-118.44999999999996,422,2,100,9,19,422,236828.1875565052
2318,-116.74999999999997,422,2,100,9,21,422,236938.29374575615
2319,-118.44999999999996,422,2,100,9,19,422,237051.6100692749
2320,-119.44999999999996,422,2,100,9,19,422,237164.3994281292
2321,-116.79999999999997,422,2,100,9,20,422,237275.20780968666
2322,-118.44999999999996,422,2,100,9,19,422,237390.6160182953
2323,-115.64999999999998,422,2,100,17,23,422,237505.26758813858
2324,-116.94999999999999,422,2,100,9,25,422,237614.67773103714
2325,-114.49999999999997,422,2,100,19,24,422,237728.7188887596
2326,-114.49999999999997,422,2,100,19,24,422,237839.32178997993
2327,-115.64999999999998,422,2,100,9,19,422,237946.38461494446
2328,-119.19999999999997,422,2,100,9,24,422,238061.1402270794
2329,-117.04999999999998,422,2,100,9,25,422,238181.8270690441
2330,-114.24999999999997,422,2,100,9,19,422,238302.9729115963
2331,-117.35,422,2,100,9,29,422,238419.2848341465
2332,-119.44999999999996,422,2,100,9,19,422,238546.54199171066
2333,-112.24999999999997,422,2,100,9,19,422,238655.12106657028
2334,-116.79999999999998,422,2,100,9,20,422,238780.64527225494
2335,-113.24999999999997,422,2,100,9,19,422,238891.37359309196
2336,-118.04999999999998,422,2,100,9,25,422,239011.23649048805
2337,-117.04999999999998,422,2,100,9,25,422,239132.60603952408
2338,-114.84999999999998,422,2,100,9,25,422,239259.69130563736
2339,-118.24999999999997,422,2,100,9,19,422,239373.83716511726
2340,-114.74999999999997,422,2,100,9,19,422,239487.61050200462
2341,-117.24999999999997,422,2,100,9,19,422,239593.7179646492
2342,-114.74999999999999,422,2,100,9,25,422,239705.0084426403
2343,-112.85,422,2,100,9,25,422,239818.08193731308
2344,-114.44999999999999,422,2,100,9,25,422,239931.43077802658
2345,-115.74999999999997,422,2,100,9,19,422,240039.61012983322
2346,-120.25,422,2,100,9,25,422,240152.22403669357
2347,-117.59999999999998,422,2,100,9,20,422,240259.35358428955
2348,-119.54999999999998,422,2,100,9,19,422,240367.69423818588
2349,-116.64999999999996,422,2,100,9,19,422,240473.07132458687
2350,-118.04999999999998,422,2,100,9,25,422,240587.35711598396
2351,-112.24999999999997,422,2,100,9,19,422,240698.5570857525
2352,-119.44999999999996,422,2,100,9,19,422,240809.80523777008
2353,-116.84999999999997,422,2,100,9,19,422,240930.7853319645
2354,-118.44999999999996,422,2,100,9,19,422,241057.04529237747
2355,-116.59999999999998,422,2,100,9,24,422,241169.04271435738
2356,-115.84999999999997,422,2,100,9,19,422,241282.0023291111
2357,-119.44999999999996,422,2,100,9,19,422,241396.17766690254
2358,-111.24999999999997,422,2,100,9,19,422,241505.86246156693
2359,-115.74999999999997,422,2,100,9,19,422,241616.97985720634
2360,-119.8,422,2,100,9,24,422,241721.0964474678
2361,-120.54999999999997,422,2,100,9,19,422,241822.10268831253
2362,-111.24999999999997,422,2,100,9,19,422,241934.38931298256
2363,-115.84999999999997,422,2,100,9,19,422,242048.94546627998
2364,-113.24999999999997,422,2,100,9,19,422,242160.5627720356
2365,-113.24999999999997,422,2,100,9,19,422,242272.00720715523
2366,-121.44999999999999,422,2,100,9,19,422,242370.59953260422
2367,-116.74999999999997,422,2,100,9,19,422,242479.5673210621
2368,-120.99999999999999,422,2,100,9,24,422,242589.64079499245
2369,-122.75,422,2,100,9,25,422,242716.01217269897
2370,-119.44999999999996,422,2,100,9,19,422,242829.6802201271
2371,-119.44999999999996,422,2,100,9,19,422,242943.2372097969
2372,-111.24999999999997,422,2,100,9,19,422,243054.4874405861
2373,-119.44999999999996,422,2,100,9,19,422,243169.49212050438
2374,-119.75,422,2,100,9,27,422,243278.23532176018
2375,-117.69999999999996,422,2,100,9,20,422,243395.27491784096
2376,-112.24999999999997,422,2,100,9,19,422,243507.46943759918
2377,-117.04999999999998,422,2,100,9,25,422,243624.17924785614
2378,-121.64999999999999,422,2,100,9,31,422,243739.05130910873
2379,-119.94999999999999,422,2,100,9,25,422,243853.5140826702
2380,-119.44999999999996,422,2,100,9,19,422,243986.47725462914
2381,-117.39999999999998,422,2,100,9,26,422,244099.64576554298
2382,-118.54999999999998,422,2,100,9,25,422,244212.15289878845
2383,-113.24999999999997,422,2,100,9,19,422,244324.00141239166
2384,-116.74999999999997,422,2,100,9,21,422,244439.539488554
2385,-114.74999999999997,422,2,100,9,19,422,244549.2961962223
2386,-116.74999999999997,422,2,100,19,19,422,244675.07246875763
2387,-117.24999999999997,422,2,100,9,19,422,244782.88730716705
2388,-116.74999999999997,422,2,100,9,21,422,244892.6294248104
2389,-120.24999999999997,422,2,100,9,19,422,245008.87259316444
2390,-114.64999999999998,422,2,100,9,19,422,245113.10324192047
2391,-118.19999999999997,422,2,100,9,22,422,245222.33573579788
2392,-119.44999999999996,422,2,100,9,19,422,245337.03615880013
2393,-113.24999999999997,422,2,100,9,19,422,245447.86797595024
2394,-118.44999999999996,422,2,100,9,19,422,245564.49696969986
2395,-115.84999999999997,422,2,100,9,19,422,245692.3945660591
2396,-113.24999999999997,422,2,100,9,19,422,245801.1119439602
2397,-119.44999999999996,422,2,100,9,19,422,245914.1635992527
2398,-114.94999999999999,422,2,100,9,19,422,246013.29784727097
2399,-117.54999999999997,422,2,100,9,19,422,246115.58095502853
2400,-115.74999999999997,422,2,100,9,19,422,246229.0657131672
2401,-113.24999999999997,422,2,100,9,19,422,246338.36856675148
2402,-115.74999999999997,422,2,100,9,19,422,246448.08506679535
2403,-115.44999999999997,422,2,100,9,25,422,246561.6861321926
2404,-113.24999999999997,422,2,100,9,19,422,246671.83081173897
2405,-117.64999999999998,422,2,100,9,19,422,246781.053044796
2406,-114.74999999999997,422,2,100,9,19,422,246890.43219304085
2407,-119.44999999999996,422,2,100,9,19,422,247005.8225479126
2408,-116.64999999999998,422,2,100,9,19,422,247111.52025938034
2409,-114.69999999999997,422,2,100,9,20,422,247217.53301787376
2410,-119.19999999999999,422,2,100,9,22,422,247326.6248073578
2411,-115.59999999999997,422,2,100,9,20,422,247431.84492850304
2412,-115.19999999999997,422,2,100,9,20,422,247541.02939510345
2413,-114.69999999999997,422,2,100,9,20,422,247648.4487771988
2414,-116.69999999999997,422,2,100,9,20,422,247755.66570854187
2415,-118.24999999999997,422,2,100,9,21,422,247867.52645134926
2416,-116.99999999999997,422,2,100,19,24,422,247985.29824066162
2417,-114.75,422,2,100,9,25,422,248094.57905483246
2418,-119.09999999999997,422,2,100,19,24,422,248213.65592598915
2419,-113.84999999999998,422,2,100,9,25,422,248328.0937371254
2420,-116.99999999999999,422,2,100,29,24,422,248464.5286269188
2421,-114.74999999999997,422,2,100,9,19,422,248574.13592934608
2422,-116.94999999999997,422,2,100,9,25,422,248692.33732271194
2423,-120.44999999999999,422,2,100,9,19,422,248791.7311987877
2424,-121.94999999999999,422,2,100,9,25,422,248896.87281894684
2425,-114.24999999999997,422,2,100,9,19,422,249007.19293999672
2426,-118.59999999999997,422,2,100,9,20,422,249111.83766579628
2427,-115.74999999999997,422,2,100,9,19,422,249221.30992889404
2428,-119.44999999999996,422,2,100,9,19,422,249334.08262705803
2429,-117.24999999999997,422,2,100,9,19,422,249442.40427565575
2430,-120.34999999999997,422,2,100,9,21,422,249556.66809940338
2431,-114.24999999999997,422,2,100,9,19,422,249668.2699868679
2432,-119.44999999999996,422,2,100,9,19,422,249782.59350562096
2433,-119.44999999999996,422,2,100,9,19,422,249898.64360833168
2434,-117.54999999999998,422,2,100,9,25,422,250013.09170746803
2435,-116.59999999999997,422,2,100,19,24,422,250133.30948019028
2436,-118.09999999999997,422,2,100,19,24,422,250247.66512727737
2437,-112.24999999999997,422,2,100,9,19,422,250358.66060996056
2438,-118.04999999999998,422,2,100,9,25,422,250474.88807034492
2439,-120.14999999999998,422,2,100,9,19,422,250579.88276457787
2440,-113.74999999999997,422,2,100,9,19,422,250689.77919769287
2441,-118.25,422,2,100,9,25,422,250795.05757141113
2442,-114.24999999999997,422,2,100,9,19,422,250904.29080224037
2443,-116.99999999999997,422,2,100,19,24,422,251028.03742337227
2444,-117.7,422,2,100,9,30,422,251159.61704993248
2445,-117.94999999999999,422,2,100,9,25,422,251275.8108973503
2446,-118.49999999999996,422,2,100,29,24,422,251390.15995550156
2447,-118.99999999999999,422,2,100,39,24,422,251511.3580224514
2448,-117.3,422,2,100,9,26,422,251626.17954349518
2449,-115.44999999999999,422,2,100,9,25,422,251745.17511200905
2450,-117.04999999999998,422,2,100,9,25,422,251860.84514832497
2451,-115.74999999999997,422,2,100,9,19,422,251979.4548983574
2452,-115.89999999999998,422,2,100,29,24,422,252108.80601620674
2453,-113.8,422,2,100,39,24,422,252243.27152466774
2454,-121.04999999999997,422,2,100,9,25,422,252378.09962368011
2455,-118.44999999999997,422,2,100,9,25,422,252502.0577764511
2456,-117.74999999999997,422,2,100,9,19,422,252617.25247716904
2457,-116.54999999999997,422,2,100,9,25,422,252755.36217927933
2458,-119.44999999999996,422,2,100,9,19,422,252874.68885803223
2459,-119.44999999999996,422,2,100,9,19,422,253008.72412657738
2460,-119.44999999999996,422,2,100,9,19,422,253138.85484671593
2461,-117.05,422,2,100,9,25,422,253259.9553079605
2462,-117.04999999999998,422,2,100,9,25,422,253387.5792067051
2463,-116.44999999999997,422,2,100,9,25,422,253528.6884174347
2464,-116.79999999999998,422,2,100,9,20,422,253662.9297220707
2465,-119.44999999999996,422,2,100,9,19,422,253788.44108653069
2466,-112.24999999999997,422,2,100,9,19,422,253912.37757372856
2467,-114.69999999999997,422,2,100,9,20,422,254032.21618771553
2468,-118.34999999999998,422,2,100,9,25,422,254151.70253396034
2469,-118.3,422,2,100,39,24,422,254271.08574819565
2470,-111.85,422,2,100,9,25,422,254401.61650156975
2471,-119.24999999999997,422,2,100,9,19,422,254522.55785107613
2472,-113.24999999999997,422,2,100,9,19,422,254653.10462498665
2473,-118.04999999999998,422,2,100,9,25,422,254795.37465929985
2474,-113.24999999999997,422,2,100,9,19,422,254917.9364774227
2475,-120.24999999999997,422,2,100,9,19,422,255035.41916036606
2476,-116.94999999999999,422,2,100,9,19,422,255143.14132499695
2477,-116.09999999999998,422,2,100,9,24,422,255264.18792939186
2478,-113.75,422,2,100,19,25,422,255388.31191420555
2479,-118.94999999999999,422,2,100,9,25,422,255513.17721796036
2480,-115.84999999999997,422,2,100,9,25,422,255653.45846295357
2481,-119.94999999999999,422,2,100,9,25,422,255773.0183954239
2482,-117.24999999999997,422,2,100,9,19,422,255897.52780342102
2483,-118.94999999999999,422,2,100,9,25,422,256020.4395647049
2484,-119.24999999999997,422,2,100,9,19,422,256142.8250322342
2485,-119.29999999999998,422,2,100,19,24,422,256269.40845012665
2486,-114.49999999999997,422,2,100,19,24,422,256399.55495977402
2487,-118.94999999999997,422,2,100,9,25,422,256521.5018849373
2488,-114.74999999999999,422,2,100,9,25,422,256659.76056408882
2489,-116.84999999999997,422,2,100,9,19,422,256783.89279007912
2490,-112.24999999999997,422,2,100,9,19,422,256897.59412240982
2491,-115.84999999999997,422,2,100,9,19,422,257014.049533844
2492,-115.44999999999999,422,2,100,9,25,422,257130.94063138962
2493,-113.74999999999997,422,2,100,9,19,422,257243.7484419346
2494,-116.49999999999999,422,2,100,9,24,422,257355.34887433052
2495,-117.24999999999997,422,2,100,9,19,422,257487.127304554
2496,-119.19999999999997,422,2,100,9,22,422,257611.78573536873
2497,-115.84999999999997,422,2,100,9,19,422,257746.31925940514
2498,-114.64999999999998,422,2,100,9,19,422,257894.4048690796
2499,-119.94999999999999,422,2,100,9,25,422,258031.30666708946
2500,-119.24999999999997,422,2,100,9,19,422,258159.09229445457
2501,-119.84999999999997,422,2,100,9,25,422,258291.94232702255
2502,-118.04999999999998,422,2,100,9,25,422,258425.7748734951
2503,-117.9,422,2,100,9,26,422,258551.4063949585
2504,-116.84999999999997,422,2,100,9,19,422,258675.21990537643
2505,-117.04999999999997,422,2,100,19,25,422,258811.14043402672
2506,-118.24999999999997,422,2,100,9,19,422,258940.96871066093
2507,-117.04999999999998,422,2,100,9,25,422,259083.57251381874
2508,-113.14999999999998,422,2,100,9,21,422,259214.1497282982
2509,-118.34999999999998,422,2,100,9,27,422,259352.85571861267
2510,-119.44999999999996,422,2,100,9,19,422,259488.05749440193
2511,-116.74999999999997,422,2,100,9,19,422,259626.25360560417
2512,-119.89999999999999,422,2,100,9,26,422,259788.9782114029
2513,-116.74999999999997,422,2,100,9,19,422,259927.1773095131
2514,-116.74999999999997,422,2,100,9,19,422,260059.82024383545
2515,-119.14999999999998,422,2,100,9,19,422,260182.69841074944
2516,-113.14999999999998,422,2,100,9,21,422,260316.1118516922
2517,-113.24999999999997,422,2,100,9,19,422,260468.7601006031
2518,-117.19999999999996,422,2,100,9,20,422,260596.05173110962
2519,-114.74999999999997,422,2,100,9,19,422,260720.09413957596
2520,-117.10000000000001,422,2,100,9,28,422,260840.52401971817
2521,-121.24999999999999,422,2,100,9,19,422,260976.21288013458
2522,-114.24999999999997,422,2,100,9,19,422,261104.31756925583
2523,-118.09999999999997,422,2,100,19,24,422,261237.3186633587
2524,-119.14999999999998,422,2,100,9,21,422,261357.86546897888
2525,-119.44999999999996,422,2,100,9,19,422,261480.60850667953
2526,-118.29999999999997,422,2,100,9,20,422,261606.01580405235
2527,-119.79999999999998,422,2,100,9,24,422,261718.0407383442
2528,-118.25,422,2,100,9,27,422,261827.0947186947
2529,-115.84999999999997,422,2,100,9,19,422,261945.99560165405
2530,-116.79999999999997,422,2,100,9,20,422,262065.29233527184
2531,-118.94999999999999,422,2,100,9,25,422,262181.8723883629
2532,-117.54999999999998,422,2,100,9,19,422,262309.6496551037
2533,-119.84999999999998,422,2,100,9,25,422,262432.0726251602
2534,-116.6,422,2,100,19,24,422,262547.2038629055
2535,-118.99999999999997,422,2,100,19,24,422,262679.7154209614
2536,-115.59999999999998,422,2,100,9,22,422,262801.28244042397
2537,-113.74999999999997,422,2,100,9,19,422,262928.343739748
2538,-119.85,422,2,100,9,25,422,263047.3349621296
2539,-117.79999999999998,422,2,100,19,24,422,263165.31615948677
2540,-118.64999999999996,422,2,100,9,19,422,263282.4066591263
2541,-116.09999999999998,422,2,100,9,24,422,263414.1434452534
2542,-114.8,422,2,100,19,24,422,263531.1093416214
2543,-116.44999999999997,422,2,100,10,25,422,263663.45934438705
2544,-117.44999999999997,422,2,100,9,25,422,263793.6531894207
2545,-119.65,422,2,100,9,31,422,263927.1046924591
2546,-116.54999999999998,422,2,100,9,25,422,264056.57912397385
2547,-117.04999999999998,422,2,100,9,25,422,264175.3566455841
2548,-119.09999999999997,422,2,100,19,24,422,264293.19549798965
2549,-118.44999999999996,422,2,100,9,19,422,264420.09587931633
2550,-116.54999999999998,422,2,100,9,25,422,264546.5208506584
2551,-118.39999999999999,422,2,100,9,26,422,264671.86454319954
2552,-116.84999999999997,422,2,100,9,19,422,264812.4312450886
2553,-119.44999999999996,422,2,100,9,19,422,264938.7401442528
2554,-119.44999999999996,422,2,100,9,19,422,265067.7499809265
2555,-118.44999999999996,422,2,100,9,19,422,265195.96867251396
2556,-118.44999999999996,422,2,100,9,19,422,265322.00825572014
2557,-116.44999999999999,422,2,100,9,25,422,265453.45179128647
2558,-116.69999999999996,422,2,100,9,20,422,265586.25798392296
2559,-113.89999999999998,422,2,100,19,26,422,265709.5807669163
2560,-119.34999999999998,422,2,100,19,27,422,265829.8987123966
2561,-120.39999999999998,422,2,100,9,20,422,265953.32374048233
2562,-119.09999999999997,422,2,100,19,24,422,266092.62154626846
2563,-113.99999999999999,422,2,100,9,24,422,266220.6554839611
2564,-116.79999999999997,422,2,100,9,20,422,266346.2376718521
2565,-118.29999999999997,422,2,100,9,20,422,266482.59545993805
2566,-117.89999999999998,422,2,100,9,26,422,266618.95617580414
2567,-118.39999999999998,422,2,100,29,24,422,266740.744512558
2568,-117.04999999999997,422,2,100,9,25,422,266860.34202718735
2569,-119.65,422,2,100,9,31,422,266988.29777407646
2570,-116.54999999999998,422,2,100,9,25,422,267116.79954981804
2571,-114.24999999999997,422,2,100,9,19,422,267246.05083990097
2572,-119.44999999999996,422,2,100,9,19,422,267378.20114564896
2573,-113.94999999999999,422,2,100,9,25,422,267502.7631800175
2574,-117.04999999999998,422,2,100,9,25,422,267636.9088528156
2575,-119.44999999999996,422,2,100,9,19,422,267768.1906592846
2576,-116.84999999999997,422,2,100,9,19,422,267899.0290799141
2577,-118.85,422,2,100,9,25,422,268024.3093018532
2578,-118.44999999999996,422,2,100,9,19,422,268145.6721973419
2579,-118.04999999999998,422,2,100,9,25,422,268267.33612012863
2580,-118.24999999999997,422,2,100,9,21,422,268388.4281492233
2581,-119.44999999999996,422,2,100,9,19,422,268509.1811490059
2582,-119.39999999999996,422,2,100,9,20,422,268633.838234663
2583,-115.44999999999999,422,2,100,9,25,422,268758.0279147625
2584,-114.74999999999997,422,2,100,9,19,422,268881.37247657776
2585,-114.74999999999997,422,2,100,9,19,422,269006.1546397209
2586,-119.44999999999996,422,2,100,9,19,422,269130.8945848942
2587,-118.44999999999996,422,2,100,9,19,422,269258.5438745022
2588,-115.84999999999997,422,2,100,9,19,422,269387.41246652603
2589,-116.59999999999998,422,2,100,9,24,422,269516.67392230034
2590,-115.64999999999998,422,2,100,9,23,422,269645.21331357956
2591,-117.39999999999998,422,2,100,10,26,422,269761.8646991253
2592,-120.24999999999997,422,2,100,9,19,422,269865.3113527298
2593,-118.04999999999997,422,2,100,9,25,422,269976.51418447495
2594,-116.74999999999997,422,2,100,9,21,422,270091.7986638546
2595,-115.64999999999996,422,2,100,9,21,422,270195.52572488785
2596,-119.44999999999996,422,2,100,9,19,422,270304.5252158642
2597,-117.44999999999999,422,2,100,9,25,422,270413.5161898136
2598,-117.59999999999998,422,2,100,9,24,422,270520.00050234795
2599,-119.44999999999996,422,2,100,9,19,422,270627.55702137947
2600,-114.14999999999998,422,2,100,9,21,422,270732.9147927761
2601,-119.44999999999996,422,2,100,9,19,422,270848.78673791885
2602,-113.74999999999997,422,2,100,9,19,422,270955.68908953667
2603,-121.94999999999999,422,2,100,9,23,422,271054.43352150917
2604,-116.4,422,2,100,9,26,422,271163.4558701515
2605,-113.74999999999997,422,2,100,9,19,422,271269.87404823303
2606,-117.54999999999998,422,2,100,9,19,422,271370.0472741127
2607,-118.19999999999997,422,2,100,9,20,422,271474.4389696121
2608,-118.19999999999997,422,2,100,9,20,422,271575.8973248005
2609,-117.19999999999996,422,2,100,9,20,422,271679.97648477554
2610,-114.19999999999999,422,2,100,9,20,422,271782.9546701908
2611,-119.24999999999997,422,2,100,9,19,422,271884.4599854946
2612,-113.24999999999997,422,2,100,9,19,422,271990.5909509659
2613,-120.29999999999997,422,2,100,9,20,422,272096.5323147774
2614,-113.14999999999998,422,2,100,9,21,422,272203.10045456886
2615,-116.84999999999998,422,2,100,9,19,422,272308.1579885483
2616,-119.24999999999997,422,2,100,9,19,422,272415.7090475559
2617,-116.15,422,2,100,9,31,422,272525.18805861473
2618,-116.64999999999999,422,2,100,9,31,422,272634.6322979927
2619,-119.44999999999996,422,2,100,9,19,422,272743.0288376808
2620,-115.84999999999997,422,2,100,9,19,422,272848.48861575127
2621,-118.59999999999998,422,2,100,9,20,422,272948.4255821705
2622,-116.54999999999997,422,2,100,9,21,422,273068.18712854385
2623,-120.24999999999997,422,2,100,9,23,422,273160.4214498997
2624,-118.39999999999996,422,2,100,9,20,422,273267.7573418617
2625,-116.74999999999997,422,2,100,9,21,422,273384.7853138447
2626,-118.34999999999997,422,2,100,9,21,422,273493.2770626545
2627,-118.39999999999996,422,2,100,9,20,422,273601.67722964287
2628,-114.79999999999997,422,2,100,9,20,422,273705.90319514275
2629,-112.84999999999997,422,2,100,9,29,422,273808.09987068176
2630,-115.24999999999997,422,2,100,9,15,422,273908.96434783936
2631,-116.1,422,2,100,9,26,422,274009.20168352127
2632,-117.29999999999998,422,2,100,9,20,422,274105.2920291424
2633,-115.44999999999999,422,2,100,9,25,422,274201.0766208172
2634,-115.2,422,2,100,9,24,422,274299.6797275543
2635,-115.59999999999998,422,2,100,9,30,422,274403.08568406105
2636,-119.00000000000001,422,2,100,9,24,422,274495.7050175667
2637,-121.49999999999997,422,2,100,9,22,422,274588.8742272854
2638,-117.94999999999997,422,2,100,9,15,422,274678.8317525387
2639,-117.44999999999999,422,2,100,9,23,422,274778.9588494301
2640,-119.44999999999997,422,2,100,9,15,422,274872.54288983345
2641,-111.44999999999997,422,2,100,9,15,422,274966.69077277184
2642,-117.1,422,2,100,9,32,422,275084.51781988144
2643,-116.04999999999997,422,2,100,9,15,422,275181.73606300354
2644,-116.64999999999998,422,2,100,9,15,422,275279.1300354004
2645,-122.35,422,2,100,9,27,422,275376.4839076996
2646,-111.44999999999997,422,2,100,9,15,422,275469.00665688515
2647,-112.14999999999998,422,2,100,9,15,422,275562.7600069046
2648,-110.64999999999998,422,2,100,9,15,422,275657.5193095207
2649,-113.24999999999997,422,2,100,9,15,422,275746.8516843319
2650,-115.94999999999999,422,2,100,9,15,422,275837.47228217125
2651,-114.94999999999996,422,2,100,9,15,422,275927.67328071594
2652,-116.64999999999996,422,2,100,9,25,422,276023.071015358
2653,-118.64999999999996,422,2,100,9,15,422,276115.90964508057
2654,-116.24999999999997,422,2,100,9,15,422,276212.82785367966
2655,-112.14999999999998,422,2,100,9,15,422,276312.78561520576
2656,-116.55,422,2,100,9,25,422,276410.89847278595
2657,-114.14999999999995,422,2,100,27,25,422,276515.41333270073
2658,-112.14999999999998,422,2,100,9,15,422,276618.30149006844
2659,-112.64999999999998,422,2,100,9,15,422,276713.98853969574
2660,-116.04999999999998,422,2,100,9,15,422,276806.5738873482
2661,-116.64999999999996,422,2,100,9,15,422,276900.7382771969
2662,-118.44999999999999,422,2,100,9,19,422,277010.4500865936
2663,-122.44999999999999,422,2,100,9,15,422,277105.5946238041
2664,-118.84999999999997,422,2,100,9,15,422,277196.31870412827
2665,-112.09999999999998,422,2,100,9,20,422,277292.4496753216
2666,-118.74999999999997,422,2,100,9,15,422,277378.4910802841
2667,-118.04999999999998,422,2,100,9,15,422,277471.3518297672
2668,-113.74999999999999,422,2,100,9,25,422,277563.41921520233
2669,-114.14999999999998,422,2,100,9,15,422,277658.6369278431
2670,-117.04999999999995,422,2,100,9,15,422,277751.53384900093
2671,-112.14999999999998,422,2,100,9,15,422,277844.0732369423
2672,-115.14999999999998,422,2,100,9,15,422,277942.07738113403
2673,-117.75,422,2,100,9,25,422,278034.8977971077
2674,-119.14999999999998,422,2,100,9,23,422,278130.1495401859
2675,-116.64999999999996,422,2,100,9,15,422,278222.25179076195
2676,-116.29999999999998,422,2,100,9,20,422,278321.2946410179
2677,-118.84999999999997,422,2,100,9,15,422,278412.1523346901
2678,-115.04999999999997,422,2,100,9,15,422,278505.1438090801
2679,-111.64999999999998,422,2,100,9,15,422,278600.018194437
2680,-116.24999999999997,422,2,100,9,15,422,278702.5955681801
2681,-117.09999999999997,422,2,100,9,18,422,278801.29416394234
2682,-115.24999999999997,422,2,100,9,15,422,278896.9487531185
2683,-114.14999999999998,422,2,100,9,15,422,278990.09647893906
2684,-114.99999999999997,422,2,100,9,24,422,279093.1974699497
2685,-117.24999999999999,422,2,100,9,15,422,279182.14249944687
2686,-116.94999999999997,422,2,100,9,15,422,279272.87621951103
2687,-112.64999999999998,422,2,100,9,15,422,279368.968385458
2688,-113.14999999999998,422,2,100,9,15,422,279462.43278074265
2689,-115.24999999999997,422,2,100,9,15,422,279561.3109240532
2690,-115.04999999999997,422,2,100,9,15,422,279652.11646032333
2691,-116.64999999999998,422,2,100,9,15,422,279745.5985028744
2692,-120.74999999999997,422,2,100,9,15,422,279835.6499621868
2693,-118.39999999999999,422,2,100,9,24,422,279927.22585582733
2694,-119.64999999999996,422,2,100,9,15,422,280020.8345093727
2695,-121.44999999999996,422,2,100,9,15,422,280110.62458896637
2696,-120.39999999999998,422,2,100,9,24,422,280219.57709622383
2697,-118.64999999999998,422,2,100,9,15,422,280331.25783729553
2698,-115.24999999999997,422,2,100,9,15,422,280429.16102719307
2699,-116.64999999999996,422,2,100,9,15,422,280538.28056526184
2700,-117.64999999999998,422,2,100,9,15,422,280631.8393535614
2701,-118.74999999999997,422,2,100,27,29,422,280728.11759901047
2702,-118.64999999999996,422,2,100,9,15,422,280826.3350543976
2703,-120.49999999999997,422,2,100,9,16,422,280923.07323122025
2704,-115.40000000000002,422,2,100,9,26,422,281022.7413640022
2705,-116.79999999999997,422,2,100,9,24,422,281115.5913565159
2706,-114.65,422,2,100,9,29,422,281222.49878668785
2707,-117.44999999999996,422,2,100,27,25,422,281320.57269477844
2708,-113.64999999999996,422,2,100,9,15,422,281417.84198498726
2709,-118.04999999999997,422,2,100,9,15,422,281518.3747844696
2710,-113.94999999999999,422,2,100,47,25,422,281636.5289132595
2711,-116.69999999999999,422,2,100,9,20,422,281732.32276439667
2712,-115.24999999999997,422,2,100,9,15,422,281828.5444984436
2713,-114.14999999999996,422,2,100,9,15,422,281932.30742549896
2714,-115.94999999999997,422,2,100,9,15,422,282023.48654174805
2715,-115.94999999999997,422,2,100,9,15,422,282118.05035829544
2716,-115.54999999999995,422,2,100,27,25,422,282216.2456791401
2717,-112.94999999999996,422,2,100,27,25,422,282312.7143292427
2718,-120.44999999999999,422,2,100,9,15,422,282403.7223198414
2719,-113.24999999999997,422,2,100,9,15,422,282491.1984639168
2720,-118.84999999999997,422,2,100,9,15,422,282588.8827140331
2721,-111.64999999999998,422,2,100,9,15,422,282685.21066713333
2722,-120.10000000000001,422,2,100,9,26,422,282789.54240202904
2723,-122.10000000000001,422,2,100,9,20,422,282897.68609404564
2724,-117.70000000000002,422,2,100,9,24,422,282994.44404792786
2725,-116.64999999999996,422,2,100,9,15,422,283089.61576390266
2726,-114.14999999999998,422,2,100,9,15,422,283184.1595463753
2727,-114.14999999999998,422,2,100,9,15,422,283277.79496216774
2728,-112.44999999999999,422,2,100,9,15,422,283375.5432777405
2729,-117.84999999999997,422,2,100,9,15,422,283467.9337236881
2730,-115.04999999999997,422,2,100,9,15,422,283561.5110657215
2731,-116.14999999999996,422,2,100,9,15,422,283657.1969652176
2732,-118.49999999999999,422,2,100,9,24,422,283761.0488727093
2733,-118.09999999999998,422,2,100,9,26,422,283860.8042354584
2734,-113.14999999999996,422,2,100,9,15,422,283961.39240550995
2735,-117.09999999999998,422,2,100,9,26,422,284073.0381193161
2736,-118.59999999999997,422,2,100,10,18,422,284176.12344145775
2737,-116.64999999999996,422,2,100,9,15,422,284270.9660909176
2738,-120.64999999999996,422,2,100,9,15,422,284366.0535206795
2739,-114.79999999999995,422,2,100,9,20,422,284468.3176777363
2740,-111.64999999999998,422,2,100,9,15,422,284565.0940158367
2741,-117.84999999999997,422,2,100,9,15,422,284667.1958551407
2742,-118.64999999999998,422,2,100,9,15,422,284761.67871427536
2743,-117.84999999999997,422,2,100,9,15,422,284858.2248096466
2744,-118.84999999999997,422,2,100,9,15,422,284962.8650329113
2745,-116.24999999999997,422,2,100,9,15,422,285058.80838155746
2746,-110.64999999999998,422,2,100,9,15,422,285156.6686787605
2747,-117.84999999999997,422,2,100,9,15,422,285278.29940509796
2748,-115.24999999999997,422,2,100,9,15,422,285376.355887413
2749,-116.04999999999998,422,2,100,9,15,422,285468.3052895069
2750,-111.64999999999998,422,2,100,9,15,422,285567.61376047134
2751,-112.64999999999998,422,2,100,9,15,422,285664.0528638363
2752,-117.54999999999995,422,2,100,27,25,422,285759.9110991955
2753,-114.69999999999999,422,2,100,9,22,422,285858.974224329
2754,-110.44999999999997,422,2,100,9,15,422,285950.3320274353
2755,-119.64999999999998,422,2,100,9,15,422,286065.5232143402
2756,-112.44999999999997,422,2,100,9,15,422,286157.29322457314
2757,-118.04999999999997,422,2,100,9,15,422,286250.22644662857
2758,-116.94999999999997,422,2,100,9,15,422,286344.0829832554
2759,-115.50000000000001,422,2,100,9,26,422,286443.0203104019
2760,-115.24999999999997,422,2,100,9,15,422,286542.8805434704
2761,-112.14999999999998,422,2,100,9,15,422,286653.7991771698
2762,-114.04999999999997,422,2,100,9,15,422,286751.61855721474
2763,-117.74999999999999,422,2,100,9,15,422,286856.1339197159
2764,-121.9,422,2,100,9,22,422,286943.2571401596
2765,-119.74999999999996,422,2,100,9,15,422,287046.3553504944
2766,-116.55,422,2,100,9,25,422,287146.63821959496
2767,-121.44999999999996,422,2,100,9,15,422,287238.38306331635
2768,-113.44999999999996,422,2,100,9,15,422,287329.63275933266
2769,-114.14999999999996,422,2,100,9,15,422,287423.85515499115
2770,-119.64999999999996,422,2,100,9,15,422,287531.70548701286
2771,-111.64999999999998,422,2,100,9,15,422,287627.27766013145
2772,-118.14999999999999,422,2,100,9,25,422,287725.4124529362
2773,-119.55000000000001,422,2,100,9,25,422,287821.2882874012
2774,-113.89999999999998,422,2,100,19,28,422,287923.89905905724
2775,-118.49999999999997,422,2,100,9,20,422,288020.79819989204
2776,-115.89999999999998,422,2,100,9,16,422,288122.192956686
2777,-118.04999999999997,422,2,100,9,25,422,288222.1871752739
2778,-118.55,422,2,100,9,27,422,288322.9014489651
2779,-118.84999999999997,422,2,100,9,15,422,288425.1274397373
2780,-112.64999999999998,422,2,100,9,15,422,288519.29558730125
2781,-114.49999999999997,422,2,100,9,18,422,288613.72429704666
2782,-115.59999999999997,422,2,100,9,26,422,288712.3140203953
2783,-119.64999999999998,422,2,100,9,15,422,288806.5157778263
2784,-117.84999999999997,422,2,100,9,15,422,288902.97565317154
2785,-115.89999999999999,422,2,100,9,22,422,289001.9100751877
2786,-118.84999999999997,422,2,100,9,15,422,289107.7370455265
2787,-115.24999999999997,422,2,100,9,15,422,289220.8238415718
2788,-118.55000000000001,422,2,100,9,25,422,289338.0655579567
2789,-113.14999999999998,422,2,100,9,15,422,289430.7382583618
2790,-118.64999999999998,422,2,100,9,15,422,289526.2930779457
2791,-116.14999999999996,422,2,100,9,15,422,289631.9261209965
2792,-115.49999999999999,422,2,100,9,26,422,289732.20042157173
2793,-112.79999999999997,422,2,100,9,20,422,289826.4633228779
2794,-115.60000000000001,422,2,100,9,26,422,289921.7617242336
2795,-118.9,422,2,100,9,26,422,290015.92648530006
2796,-116.94999999999996,422,2,100,9,15,422,290110.14417147636
2797,-119.10000000000001,422,2,100,9,26,422,290206.934194088
2798,-119.14999999999995,422,2,100,29,25,422,290304.3488407135
2799,-118.64999999999998,422,2,100,9,15,422,290403.59163093567
2800,-111.44999999999999,422,2,100,9,15,422,290496.2953093052
2801,-120.44999999999999,422,2,100,9,15,422,290595.7634496689
2802,-117.84999999999998,422,2,100,9,15,422,290682.25090146065
2803,-116.49999999999999,422,2,100,9,26,422,290785.12356996536
2804,-116.50000000000001,422,2,100,9,26,422,290883.95477461815
2805,-118.05,422,2,100,9,15,422,290968.58124399185
2806,-114.44999999999997,422,2,100,9,15,422,291062.3835043907
2807,-123.74999999999997,422,2,100,27,25,422,291150.94960188866
2808,-112.44999999999997,422,2,100,9,15,422,291241.9082083702
2809,-115.64999999999996,422,2,100,9,15,422,291338.0915350914
2810,-117.64999999999998,422,2,100,9,15,422,291436.34788274765
2811,-114.14999999999996,422,2,100,9,15,422,291545.7822275162
2812,-115.14999999999996,422,2,100,9,15,422,291640.9548034668
2813,-113.64999999999996,422,2,100,9,15,422,291739.8003177643
2814,-110.95,422,2,100,9,25,422,291837.2359108925
2815,-116.99999999999997,422,2,100,9,18,422,291936.30579304695
2816,-116.64999999999996,422,2,100,9,15,422,292028.707552433
2817,-114.74999999999997,422,2,100,27,25,422,292123.6408801079
2818,-114.24999999999997,422,2,100,9,15,422,292215.05774736404
2819,-115.69999999999999,422,2,100,9,22,422,292315.5855717659
2820,-117.29999999999998,422,2,100,9,26,422,292410.2437748909
2821,-121.44999999999997,422,2,100,9,15,422,292500.8057181835
2822,-113.44999999999997,422,2,100,9,15,422,292591.03152656555
2823,-114.69999999999996,422,2,100,27,24,422,292695.05244231224
2824,-118.84999999999997,422,2,100,9,15,422,292794.76532411575
2825,-113.19999999999997,422,2,100,9,20,422,292922.7789449692
2826,-115.04999999999997,422,2,100,9,15,422,293013.6223356724
2827,-112.95,422,2,100,9,25,422,293115.66401672363
2828,-111.64999999999998,422,2,100,9,15,422,293210.99482512474
2829,-117.64999999999996,422,2,100,9,15,422,293305.8407871723
2830,-118.5,422,2,100,9,26,422,293406.6983435154
2831,-112.94999999999996,422,2,100,29,25,422,293500.22707104683
2832,-113.89999999999996,422,2,100,9,26,422,293598.3334362507
2833,-120.94999999999999,422,2,100,9,25,422,293693.2144742012
2834,-115.24999999999999,422,2,100,9,15,422,293780.20634150505
2835,-114.55,422,2,100,9,23,422,293876.7517852783
2836,-116.64999999999998,422,2,100,9,15,422,293971.36028671265
2837,-110.44999999999997,422,2,100,9,15,422,294081.9694714546
2838,-112.44999999999997,422,2,100,9,15,422,294171.5362036228
2839,-112.89999999999999,422,2,100,9,26,422,294264.4805805683
2840,-119.9,422,2,100,9,26,422,294371.5941300392
2841,-116.59999999999997,422,2,100,9,20,422,294472.20390057564
2842,-117.74999999999999,422,2,100,9,15,422,294557.4325876236
2843,-114.24999999999997,422,2,100,9,15,422,294644.0154414177
2844,-118.94999999999996,422,2,100,27,25,422,294736.5967516899
2845,-114.44999999999997,422,2,100,9,15,422,294836.5340268612
2846,-111.64999999999998,422,2,100,9,15,422,294936.9598429203
2847,-114.44999999999997,422,2,100,9,15,422,295026.44971966743
2848,-115.24999999999997,422,2,100,9,15,422,295131.0314629078
2849,-115.24999999999997,422,2,100,9,15,422,295229.9967017174
2850,-119.99999999999999,422,2,100,9,26,422,295331.9208269119
2851,-115.64999999999998,422,2,100,9,15,422,295424.8329241276
2852,-114.65,422,2,100,9,25,422,295520.2517888546
2853,-117.59999999999998,422,2,100,9,20,422,295610.66311120987
2854,-114.89999999999999,422,2,100,9,20,422,295712.41982507706
2855,-113.29999999999998,422,2,100,9,20,422,295811.97658872604
2856,-116.64999999999996,422,2,100,9,15,422,295909.4576883316
2857,-115.24999999999997,422,2,100,9,15,422,296005.7892897129
2858,-117.64999999999996,422,2,100,9,15,422,296097.919768095
2859,-113.94999999999996,422,2,100,9,15,422,296192.7015810013
2860,-119.74999999999997,422,2,100,9,15,422,296278.5108335018
2861,-116.94999999999996,422,2,100,9,15,422,296372.78454732895
2862,-117.64999999999996,422,2,100,9,15,422,296463.40490818024
2863,-116.04999999999998,422,2,100,9,15,422,296555.331982851
2864,-111.64999999999998,422,2,100,9,15,422,296649.48697423935
2865,-115.99999999999997,422,2,100,9,20,422,296750.8459699154
2866,-113.14999999999998,422,2,100,9,15,422,296844.5802395344
2867,-116.04999999999998,422,2,100,9,15,422,296934.91924905777
2868,-113.8,422,2,100,9,20,422,297047.7861275673
2869,-115.79999999999998,422,2,100,9,20,422,297144.4307656288
2870,-113.94999999999997,422,2,100,9,15,422,297231.9871351719
2871,-115.64999999999996,422,2,100,9,15,422,297323.17700743675
2872,-123.24999999999997,422,2,100,9,15,422,297413.589949131
2873,-120.44999999999996,422,2,100,9,15,422,297503.43681526184
2874,-117.84999999999997,422,2,100,9,15,422,297591.841190815
2875,-115.24999999999997,422,2,100,9,15,422,297702.7935388088
2876,-116.64999999999998,422,2,100,9,15,422,297794.1115887165
2877,-112.44999999999999,422,2,100,9,15,422,297882.72859430313
2878,-116.64999999999998,422,2,100,9,15,422,297989.68894147873
2879,-118.64999999999998,422,2,100,9,15,422,298081.5752365589
2880,-111.44999999999997,422,2,100,9,15,422,298173.916690588
2881,-122.64999999999998,422,2,100,9,15,422,298259.9413011074
2882,-113.44999999999997,422,2,100,9,15,422,298355.42650437355
2883,-115.09999999999997,422,2,100,9,20,422,298447.9310116768
2884,-116.94999999999997,422,2,100,9,15,422,298537.31624770164
2885,-117.64999999999996,422,2,100,9,15,422,298631.1029262543
2886,-114.14999999999998,422,2,100,9,15,422,298725.01691770554
2887,-115.74999999999996,422,2,100,9,19,422,298821.3538637161
2888,-116.34999999999997,422,2,100,10,13,422,298923.5760154724
2889,-116.04999999999998,422,2,100,9,15,422,299015.748565197
2890,-115.24999999999997,422,2,100,9,15,422,299113.03524303436
2891,-115.49999999999999,422,2,100,9,20,422,299211.2900700569
2892,-114.69999999999999,422,2,100,9,22,422,299311.68369603157
2893,-117.29999999999998,422,2,100,9,20,422,299406.2504787445
2894,-118.64999999999996,422,2,100,9,15,422,299504.7991900444
2895,-115.79999999999998,422,2,100,9,20,422,299599.2623465061
2896,-114.94999999999997,422,2,100,9,15,422,299703.8995747566
2897,-115.24999999999997,422,2,100,9,15,422,299800.2615966797
2898,-113.14999999999998,422,2,100,9,15,422,299892.33562517166
2899,-114.44999999999996,422,2,100,9,15,422,299984.0117030144
2900,-111.64999999999998,422,2,100,9,15,422,300083.4516570568
2901,-117.44999999999996,422,2,100,19,19,422,300186.19941163063
2902,-116.39999999999999,422,2,100,9,20,422,300287.6385908127
2903,-120.29999999999997,422,2,100,9,20,422,300382.29777765274
2904,-112.29999999999998,422,2,100,9,20,422,300478.21980309486
2905,-117.64999999999996,422,2,100,9,15,422,300570.577026844
2906,-114.89999999999998,422,2,100,9,20,422,300667.8517856598
2907,-114.94999999999996,422,2,100,19,19,422,300771.63318014145
2908,-114.14999999999998,422,2,100,9,15,422,300865.4331922531
2909,-118.29999999999997,422,2,100,9,20,422,300961.868445158
2910,-115.74999999999997,422,2,100,19,19,422,301059.54986763
2911,-113.14999999999996,422,2,100,9,15,422,301152.38402438164
2912,-115.24999999999997,422,2,100,9,15,422,301251.36779141426
2913,-116.55,422,2,100,9,25,422,301351.38031983376
2914,-116.64999999999998,422,2,100,9,15,422,301448.2950811386
2915,-110.64999999999998,422,2,100,9,15,422,301544.9359562397
2916,-115.94999999999996,422,2,100,9,15,422,301643.62567329407
2917,-118.04999999999997,422,2,100,19,25,422,301748.7118046284
2918,-118.49999999999999,422,2,100,9,20,422,301852.8507390022
2919,-115.49999999999999,422,2,100,9,20,422,301952.6960916519
2920,-117.45,422,2,100,9,25,422,302050.3610804081
2921,-115.14999999999996,422,2,100,9,15,422,302145.1702065468
2922,-111.64999999999998,422,2,100,9,15,422,302236.7192788124
2923,-112.44999999999997,422,2,100,9,15,422,302325.90634965897
2924,-120.44999999999997,422,2,100,9,15,422,302414.5359156132
2925,-130.45000000000002,422,2,100,9,23,422,302466.27803468704
2926,-113.75000000000001,422,2,100,9,25,422,302561.11520814896
2927,-117.64999999999998,422,2,100,9,15,422,302653.7512629032
2928,-116.24999999999997,422,2,100,9,15,422,302739.8092267513
2929,-114.94999999999996,422,2,100,9,15,422,302838.8100402355
2930,-112.64999999999998,422,2,100,9,15,422,302931.3421177864
2931,-114.14999999999998,422,2,100,9,15,422,303025.0054638386
2932,-111.64999999999998,422,2,100,9,15,422,303119.538762331
2933,-113.14999999999998,422,2,100,9,15,422,303214.25978899
2934,-115.14999999999998,422,2,100,9,17,422,303330.6054427624
2935,-110.64999999999998,422,2,100,9,15,422,303423.6516544819
2936,-117.64999999999996,422,2,100,9,15,422,303515.9917321205
2937,-117.64999999999996,422,2,100,9,15,422,303623.0711300373
2938,-113.79999999999998,422,2,100,9,20,422,303719.3751232624
2939,-119.44999999999996,422,2,100,9,15,422,303808.0456852913
2940,-117.64999999999996,422,2,100,9,15,422,303897.6126008034
2941,-113.14999999999998,422,2,100,9,15,422,304009.315495491
2942,-116.14999999999996,422,2,100,9,15,422,304109.53457951546
2943,-121.39999999999998,422,2,100,9,16,422,304197.838704586
2944,-116.14999999999998,422,2,100,9,15,422,304297.4793167114
2945,-112.34999999999997,422,2,100,9,21,422,304392.953512907
2946,-118.84999999999997,422,2,100,9,15,422,304490.34717583656
2947,-117.84999999999997,422,2,100,9,15,422,304590.9204711914
2948,-118.84999999999997,422,2,100,9,15,422,304692.2085175514
2949,-111.64999999999998,422,2,100,9,15,422,304788.570674181
2950,-115.24999999999997,422,2,100,9,15,422,304885.57587075233
2951,-117.49999999999999,422,2,100,9,20,422,304984.7845518589
2952,-114.14999999999996,422,2,100,9,15,422,305080.88985419273
2953,-117.84999999999997,422,2,100,9,15,422,305185.8380315304
2954,-112.44999999999997,422,2,100,9,15,422,305275.14655923843
2955,-119.44999999999996,422,2,100,9,15,422,305365.1023108959
2956,-114.44999999999999,422,2,100,9,15,422,305458.16599726677
2957,-117.49999999999999,422,2,100,9,20,422,305557.9278745651
2958,-114.64999999999998,422,2,100,9,15,422,305651.5414316654
2959,-114.29999999999998,422,2,100,9,20,422,305747.75825572014
2960,-119.64999999999996,422,2,100,9,15,422,305845.2539024353
2961,-111.94999999999997,422,2,100,9,25,422,305938.3438754082
2962,-113.64999999999996,422,2,100,9,15,422,306034.21843385696
2963,-113.14999999999998,422,2,100,9,15,422,306129.2263252735
2964,-115.24999999999997,422,2,100,9,15,422,306225.3501396179
2965,-118.90000000000002,422,2,100,9,30,422,306326.7380390167
2966,-115.94999999999996,422,2,100,9,15,422,306416.73427557945
2967,-117.64999999999996,422,2,100,9,15,422,306508.98812007904
2968,-113.94999999999997,422,2,100,9,15,422,306600.67751932144
2969,-114.24999999999999,422,2,100,9,15,422,306686.8987894058
2970,-114.29999999999998,422,2,100,9,20,422,306783.525124073
2971,-115.24999999999999,422,2,100,9,15,422,306872.64850997925
2972,-116.59999999999998,422,2,100,9,18,422,306969.7716264725
2973,-112.64999999999998,422,2,100,9,15,422,307066.25590896606
2974,-112.89999999999996,422,2,100,9,26,422,307168.8321478367
2975,-112.89999999999999,422,2,100,9,26,422,307284.3358194828
2976,-116.55,422,2,100,9,23,422,307383.45806741714
2977,-113.44999999999996,422,2,100,9,15,422,307474.60241389275
2978,-114.14999999999998,422,2,100,9,15,422,307576.18575906754
2979,-113.7,422,2,100,9,26,422,307667.71622633934
2980,-117.44999999999996,422,2,100,9,15,422,307772.30990600586
2981,-123.44999999999996,422,2,100,9,15,422,307862.97344350815
2982,-117.64999999999996,422,2,100,9,15,422,307961.4209446907
2983,-113.89999999999998,422,2,100,9,26,422,308064.05716085434
2984,-114.24999999999997,422,2,100,9,15,422,308150.0653116703
2985,-116.89999999999999,422,2,100,9,20,422,308237.8767068386
2986,-114.24999999999999,422,2,100,9,21,422,308335.6923658848
2987,-114.7,422,2,100,9,22,422,308430.89199113846
2988,-119.64999999999996,422,2,100,9,15,422,308527.74800157547
2989,-115.04999999999998,422,2,100,9,15,422,308640.1690981388
2990,-113.14999999999998,422,2,100,9,15,422,308733.6981563568
2991,-113.44999999999997,422,2,100,9,15,422,308826.7808673382
2992,-119.10000000000001,422,2,100,9,22,422,308930.69459199905
2993,-116.94999999999997,422,2,100,9,15,422,309023.30153107643
2994,-118.44999999999996,422,2,100,9,15,422,309113.0877521038
2995,-110.44999999999997,422,2,100,9,15,422,309204.76049017906
2996,-114.44999999999996,422,2,100,27,25,422,309301.1134712696
2997,-119.44999999999997,422,2,100,9,15,422,309394.67912340164
2998,-116.64999999999996,422,2,100,9,15,422,309492.9435157776
2999,-115.24999999999999,422,2,100,9,15,422,309580.77679491043
3000,-118.64999999999996,422,2,100,9,15,422,309680.0670528412
3001,-115.24999999999997,422,2,100,9,15,422,309780.3989543915
3002,-110.94999999999996,422,2,100,27,25,422,309877.6721508503
3003,-117.10000000000001,422,2,100,9,26,422,309974.07110595703
3004,-116.64999999999996,422,2,100,9,15,422,310066.20887470245
3005,-117.30000000000003,422,2,100,9,30,422,310162.0893397331
3006,-113.44999999999997,422,2,100,9,15,422,310256.5594830513
3007,-117.35,422,2,100,55,25,422,310368.3020119667
3008,-114.14999999999998,422,2,100,9,15,422,310462.32288742065
3009,-110.44999999999997,422,2,100,9,15,422,310554.57492280006
3010,-117.04999999999998,422,2,100,9,15,422,310648.38986468315
3011,-113.24999999999999,422,2,100,9,15,422,310737.20204782486
3012,-113.9,422,2,100,9,26,422,310851.88577890396
3013,-117.04999999999998,422,2,100,9,15,422,310934.68336963654
3014,-118.94999999999999,422,2,100,9,25,422,311031.7459771633
3015,-119.84999999999997,422,2,100,9,15,422,311122.1535322666
3016,-114.1,422,2,100,9,20,422,311218.1858201027
3017,-110.44999999999997,422,2,100,9,15,422,311315.0764327049
3018,-119.14999999999998,422,2,100,59,21,422,311426.5277647972
3019,-115.69999999999996,422,2,100,9,22,422,311532.19478058815
3020,-121.84999999999998,422,2,100,19,25,422,311637.77637314796
3021,-117.84999999999997,422,2,100,29,19,422,311732.9077343941
3022,-113.44999999999997,422,2,100,9,15,422,311825.16055989265
3023,-119.19999999999997,422,2,100,9,20,422,311938.7789514065
3024,-121.19999999999997,422,2,100,29,22,422,312045.84528422356
3025,-120.34999999999997,422,2,100,19,19,422,312153.00195527077
3026,-117.5,422,2,100,9,22,422,312263.9317755699
3027,-115.79999999999998,422,2,100,9,20,422,312361.0318734646
3028,-115.89999999999998,422,2,100,9,20,422,312470.7063937187
3029,-114.74999999999999,422,2,100,9,21,422,312570.3558371067
3030,-113.05000000000001,422,2,100,9,25,422,312677.96701455116
3031,-113.69999999999999,422,2,100,9,20,422,312777.50836753845
3032,-114.15,422,2,100,9,25,422,312881.090583086
3033,-114.59999999999997,422,2,100,19,24,422,312987.5155777931
3034,-115.05,422,2,100,9,31,422,313093.63484311104
3035,-113.79999999999997,422,2,100,9,20,422,313200.4664525986
3036,-118.39999999999998,422,2,100,19,24,422,313309.6779797077
3037,-115.74999999999997,422,2,100,9,19,422,313422.0956943035
3038,-119.24999999999997,422,2,100,9,19,422,313527.56904935837
3039,-116.74999999999997,422,2,100,9,19,422,313636.39212560654
3040,-116.74999999999997,422,2,100,9,25,422,313737.9361538887
3041,-118.24999999999997,422,2,100,9,19,422,313843.8058178425
3042,-115.74999999999997,422,2,100,9,19,422,313961.2382569313
3043,-112.24999999999997,422,2,100,9,19,422,314067.79804706573
3044,-113.24999999999997,422,2,100,9,19,422,314176.81493377686
3045,-119.44999999999996,422,2,100,9,19,422,314292.5933279991
3046,-119.24999999999997,422,2,100,9,19,422,314405.3775396347
3047,-116.44999999999999,422,2,100,9,25,422,314520.0372450352
3048,-119.24999999999997,422,2,100,9,19,422,314632.40812563896
3049,-113.24999999999997,422,2,100,9,19,422,314744.41363215446
3050,-118.04999999999998,422,2,100,9,25,422,314864.55021357536
3051,-117.74999999999997,422,2,100,9,19,422,314970.5793430805
3052,-117.64999999999998,422,2,100,9,19,422,315072.1282904148
3053,-112.74999999999997,422,2,100,9,19,422,315175.27198290825
3054,-117.64999999999998,422,2,100,9,19,422,315271.82301068306
3055,-119.14999999999996,422,2,100,9,19,422,315367.5400214195
3056,-117.19999999999997,422,2,100,9,20,422,315468.4375936985
3057,-114.74999999999997,422,2,100,9,19,422,315573.1301114559
3058,-114.74999999999997,422,2,100,9,19,422,315674.85931634903
3059,-115.79999999999997,422,2,100,9,20,422,315778.4173064232
3060,-116.74999999999997,422,2,100,9,21,422,315882.15786910057
3061,-113.14999999999998,422,2,100,9,21,422,315984.4892697334
3062,-116.74999999999997,422,2,100,9,21,422,316088.95490574837
3063,-111.24999999999997,422,2,100,9,19,422,316191.7802686691
3064,-114.49999999999999,422,2,100,9,24,422,316297.691996336
3065,-120.99999999999997,422,2,100,19,24,422,316405.7724940777
3066,-114.74999999999997,422,2,100,9,19,422,316511.5686869621
3067,-116.74999999999997,422,2,100,9,19,422,316614.4799439907
3068,-114.74999999999997,422,2,100,9,19,422,316711.86734080315
3069,-116.49999999999999,422,2,100,9,22,422,316803.1947667599
3070,-112.99999999999999,422,2,100,9,24,422,316899.65953302383
3071,-116.44999999999997,422,2,100,9,25,422,316992.65522146225
3072,-113.74999999999997,422,2,100,9,19,422,317082.92308449745
3073,-112.24999999999997,422,2,100,9,19,422,317175.4423522949
3074,-121.14999999999998,422,2,100,9,19,422,317263.5233464241
3075,-114.74999999999997,422,2,100,9,19,422,317354.683419466
3076,-117.09999999999997,422,2,100,19,24,422,317450.4882776737
3077,-118.24999999999997,422,2,100,9,19,422,317541.1515686512
3078,-122.94999999999999,422,2,100,9,19,422,317622.6524477005
3079,-117.44999999999997,422,2,100,9,25,422,317716.20560741425
3080,-118.99999999999997,422,2,100,19,24,422,317808.33829283714
3081,-121.14999999999998,422,2,100,9,19,422,317893.787060976
3082,-117.94999999999999,422,2,100,9,25,422,317990.3609261513
3083,-113.99999999999999,422,2,100,9,24,422,318095.99222660065
3084,-113.99999999999997,422,2,100,9,24,422,318199.8265016079
3085,-118.04999999999998,422,2,100,9,31,422,318311.49151825905
3086,-114.49999999999999,422,2,100,9,24,422,318416.91056895256
3087,-117.09999999999997,422,2,100,19,24,422,318524.5094652176
3088,-111.24999999999997,422,2,100,9,19,422,318622.21071505547
3089,-112.24999999999997,422,2,100,9,19,422,318720.38131165504
3090,-117.35,422,2,100,9,25,422,318812.0432140827
3091,-120.14999999999998,422,2,100,9,21,422,318897.1385011673
3092,-116.35,422,2,100,9,25,422,318995.1263768673
3093,-117.84999999999998,422,2,100,9,25,422,319090.66495513916
3094,-115.44999999999999,422,2,100,9,25,422,319186.2046713829
3095,-120.24999999999997,422,2,100,9,19,422,319274.4963519573
3096,-116.74999999999997,422,2,100,9,19,422,319364.30578136444
3097,-114.54999999999998,422,2,100,9,21,422,319449.77327013016
3098,-118.44999999999996,422,2,100,9,19,422,319539.6678712368
3099,-116.74999999999997,422,2,100,9,19,422,319628.07414245605
3100,-119.99999999999997,422,2,100,9,24,422,319720.6983549595
3101,-113.74999999999997,422,2,100,9,19,422,319818.3137090206
3102,-115.49999999999999,422,2,100,9,24,422,319917.9255583286
3103,-114.49999999999999,422,2,100,9,24,422,320008.83613562584
3104,-113.74999999999997,422,2,100,9,19,422,320099.1036300659
3105,-119.89999999999999,422,2,100,9,26,422,320199.0570075512
3106,-118.54999999999998,422,2,100,9,19,422,320300.76421523094
3107,-118.64999999999998,422,2,100,9,19,422,320397.8511426449
3108,-119.04999999999997,422,2,100,9,25,422,320508.64226198196
3109,-119.44999999999996,422,2,100,9,19,422,320607.79904699326
3110,-120.19999999999997,422,2,100,9,20,422,320703.85896253586
3111,-116.24999999999997,422,2,100,9,19,422,320802.45815205574
3112,-117.24999999999997,422,2,100,9,19,422,320905.3828961849
3113,-115.84999999999997,422,2,100,9,19,422,321004.2661893368
3114,-115.64999999999998,422,2,100,9,19,422,321097.3187263012
3115,-113.74999999999997,422,2,100,9,19,422,321194.50456929207
3116,-112.24999999999997,422,2,100,9,19,422,321287.5035812855
3117,-117.24999999999997,422,2,100,9,19,422,321385.73466801643
3118,-114.64999999999998,422,2,100,9,19,422,321471.6483552456
3119,-115.59999999999997,422,2,100,9,20,422,321555.038020134
3120,-114.75,422,2,100,9,25,422,321640.1229200363
3121,-115.94999999999999,422,2,100,9,19,422,321722.4361922741
3122,-118.24999999999997,422,2,100,9,19,422,321808.8085491657
3123,-116.49999999999999,422,2,100,9,24,422,321897.08623600006
3124,-120.29999999999997,422,2,100,9,20,422,321987.56184887886
3125,-116.84999999999997,422,2,100,9,19,422,322076.4766776562
3126,-113.24999999999997,422,2,100,9,19,422,322163.48275089264
3127,-118.24999999999997,422,2,100,9,19,422,322249.43662142754
3128,-113.24999999999997,422,2,100,9,19,422,322335.9921283722
3129,-112.24999999999997,422,2,100,9,19,422,322425.00596642494
3130,-117.04999999999998,422,2,100,9,25,422,322517.41772031784
3131,-117.64999999999998,422,2,100,9,23,422,322604.1442706585
3132,-114.74999999999997,422,2,100,9,19,422,322691.0795805454
3133,-113.74999999999997,422,2,100,9,19,422,322778.975297451
3134,-117.64999999999998,422,2,100,9,19,422,322862.78146767616
3135,-117.79999999999997,422,2,100,9,20,422,322952.7278237343
3136,-112.99999999999999,422,2,100,9,24,422,323040.53277277946
3137,-112.99999999999999,422,2,100,9,24,422,323129.343988657
3138,-113.24999999999997,422,2,100,9,19,422,323218.3589425087
3139,-113.74999999999997,422,2,100,9,19,422,323306.4662029743
3140,-117.14999999999998,422,2,100,9,21,422,323391.64687514305
3141,-118.54999999999998,422,2,100,9,19,422,323481.4004211426
3142,-117.64999999999998,422,2,100,9,19,422,323578.11648106575
3143,-111.24999999999997,422,2,100,9,19,422,323677.189807415
3144,-115.84999999999997,422,2,100,9,19,422,323777.5889661312
3145,-118.29999999999997,422,2,100,9,20,422,323880.83160471916
3146,-118.54999999999998,422,2,100,9,19,422,323968.4681251049
3147,-118.44999999999996,422,2,100,9,19,422,324059.10707974434
3148,-119.44999999999996,422,2,100,9,19,422,324149.0644848347
3149,-114.74999999999997,422,2,100,9,19,422,324236.27905225754
3150,-114.64999999999998,422,2,100,9,21,422,324321.0432910919
3151,-116.49999999999999,422,2,100,9,26,422,324410.37283825874
3152,-112.24999999999997,422,2,100,9,19,422,324499.3262274265
3153,-114.24999999999997,422,2,100,9,19,422,324591.41125011444
3154,-115.44999999999999,422,2,100,9,25,422,324685.6912379265
3155,-118.44999999999996,422,2,100,9,19,422,324777.4592218399
3156,-119.44999999999996,422,2,100,9,19,422,324868.51359701157
3157,-117.99999999999999,422,2,100,9,24,422,324958.647952795
3158,-119.44999999999996,422,2,100,9,19,422,325051.23368287086
3159,-119.44999999999996,422,2,100,9,19,422,325143.3128936291
3160,-117.54999999999998,422,2,100,9,19,422,325225.47409009933
3161,-114.24999999999997,422,2,100,9,19,422,325313.1324238777
3162,-112.24999999999997,422,2,100,9,19,422,325401.41349983215
3163,-115.84999999999997,422,2,100,9,19,422,325488.82059049606
3164,-118.44999999999996,422,2,100,9,19,422,325578.6046025753
3165,-119.44999999999996,422,2,100,9,19,422,325667.90024518967
3166,-116.74999999999997,422,2,100,9,21,422,325755.0924797058
3167,-115.49999999999997,422,2,100,19,24,422,325844.62964487076
3168,-117.94999999999997,422,2,100,9,25,422,325933.8603210449
3169,-116.54999999999997,422,2,100,9,25,422,326026.2063369751
3170,-116.74999999999997,422,2,100,9,21,422,326117.74565577507
3171,-112.24999999999997,422,2,100,9,19,422,326208.3075635433
3172,-113.24999999999997,422,2,100,9,19,422,326298.9069869518
3173,-115.84999999999997,422,2,100,9,19,422,326388.527538538
3174,-119.14999999999998,422,2,100,9,21,422,326471.34057354927
3175,-112.24999999999997,422,2,100,9,19,422,326557.61128377914
3176,-114.14999999999998,422,2,100,9,21,422,326645.9200184345
3177,-111.24999999999997,422,2,100,9,19,422,326731.67900681496
3178,-118.94999999999999,422,2,100,9,25,422,326818.7578995228
3179,-115.84999999999998,422,2,100,9,25,422,326907.4037890434
3180,-116.49999999999997,422,2,100,19,24,422,326999.7537858486
3181,-118.14999999999998,422,2,100,9,19,422,327083.6272678375
3182,-118.44999999999996,422,2,100,9,19,422,327175.22760653496
3183,-115.84999999999997,422,2,100,9,19,422,327265.4470870495
3184,-113.24999999999997,422,2,100,9,19,422,327353.28901433945
3185,-116.84999999999997,422,2,100,9,19,422,327443.1922326088
3186,-115.04999999999998,422,2,100,9,19,422,327522.34669566154
3187,-118.09999999999997,422,2,100,19,24,422,327611.7633509636
3188,-121.04999999999997,422,2,100,9,21,422,327693.30223846436
3189,-119.09999999999997,422,2,100,19,24,422,327782.2092411518
3190,-115.84999999999997,422,2,100,9,19,422,327867.83780908585
3191,-119.44999999999996,422,2,100,9,19,422,327954.64161896706
3192,-118.44999999999996,422,2,100,9,19,422,328043.8382406235
3193,-115.44999999999999,422,2,100,9,25,422,328131.64397263527
3194,-117.04999999999998,422,2,100,9,25,422,328219.9750814438
3195,-118.44999999999996,422,2,100,9,19,422,328309.09391379356
3196,-119.04999999999998,422,2,100,9,25,422,328399.6369497776
3197,-117.04999999999998,422,2,100,9,25,422,328493.47220277786
3198,-118.44999999999996,422,2,100,9,19,422,328582.8851649761
3199,-112.89999999999998,422,2,100,19,24,422,328673.5759022236
3200,-115.74999999999999,422,2,100,9,25,422,328757.0069375038
3201,-113.24999999999997,422,2,100,9,19,422,328844.2436451912
3202,-117.24999999999997,422,2,100,9,19,422,328933.09769535065
3203,-117.39999999999996,422,2,100,20,24,422,329019.88974261284
3204,-117.34999999999997,422,2,100,9,19,422,329106.9891195297
3205,-117.44999999999997,422,2,100,9,25,422,329197.967884779
3206,-121.79999999999998,422,2,100,29,24,422,329292.16527557373
3207,-120.24999999999999,422,2,100,9,25,422,329378.18732213974
3208,-115.64999999999998,422,2,100,9,19,422,329471.4805634022
3209,-118.24999999999997,422,2,100,9,19,422,329559.1290163994
3210,-116.44999999999999,422,2,100,10,25,422,329661.1354391575
3211,-113.74999999999997,422,2,100,9,19,422,329755.68716835976
3212,-116.39999999999998,422,2,100,19,24,422,329844.1316177845
3213,-119.3,422,2,100,9,24,422,329929.7313301563
3214,-122.94999999999996,422,2,100,9,19,422,330008.7745947838
3215,-127.4,422,2,100,19,24,422,330082.96086120605
3216,-118.39999999999998,422,2,100,19,24,422,330169.7898323536
3217,-119.35,422,2,100,9,25,422,330266.44779872894
3218,-117.9,422,2,100,59,24,422,330373.05566740036
3219,-119.94999999999996,422,2,100,9,25,422,330474.4646964073
3220,-114.85,422,2,100,9,25,422,330572.44358348846
3221,-117.19999999999997,422,2,100,9,22,422,330674.8696563244
3222,-115.64999999999998,422,2,100,9,19,422,330766.83250665665
3223,-119.99999999999997,422,2,100,19,24,422,330869.0242371559
3224,-120.94999999999997,422,2,100,19,25,422,330966.67572784424
3225,-120.99999999999996,422,2,100,29,24,422,331069.30429410934
3226,-113.89999999999998,422,2,100,19,24,422,331171.8556087017
3227,-117.44999999999997,422,2,100,9,25,422,331280.03249001503
3228,-112.85,422,2,100,9,25,422,331373.0898332596
3229,-113.44999999999997,422,2,100,9,25,422,331464.4186193943
3230,-115.74999999999997,422,2,100,9,19,422,331551.07382822037
3231,-117.25,422,2,100,9,25,422,331637.742115736
3232,-118.44999999999999,422,2,100,9,21,422,331720.4428899288
3233,-115.74999999999997,422,2,100,9,19,422,331807.1525943279
3234,-111.24999999999997,422,2,100,9,19,422,331895.4029388428
3235,-116.54999999999998,422,2,100,9,25,422,331988.0924768448
3236,-118.19999999999997,422,2,100,9,20,422,332073.69191432
3237,-115.64999999999998,422,2,100,9,19,422,332156.4461901188
3238,-114.44999999999997,422,2,100,9,25,422,332245.1869802475
3239,-120.24999999999997,422,2,100,9,23,422,332334.5465056896
3240,-115.84999999999997,422,2,100,9,19,422,332422.5228052139
3241,-113.74999999999997,422,2,100,9,19,422,332509.8914191723
3242,-121.14999999999998,422,2,100,9,19,422,332592.2064397335
3243,-119.44999999999996,422,2,100,9,19,422,332682.4856901169
3244,-117.34999999999997,422,2,100,9,19,422,332770.2299425602
3245,-111.24999999999997,422,2,100,9,19,422,332857.78651332855
3246,-116.74999999999997,422,2,100,9,19,422,332943.37587571144
3247,-116.54999999999997,422,2,100,9,25,422,333034.27757549286
3248,-111.24999999999997,422,2,100,9,19,422,333121.5706996918
3249,-121.19999999999996,422,2,100,9,20,422,333204.94534373283
3250,-116.74999999999997,422,2,100,9,19,422,333291.9707810879
3251,-115.84999999999997,422,2,100,9,19,422,333382.49581956863
3252,-118.44999999999996,422,2,100,9,19,422,333473.8931090832
3253,-114.14999999999998,422,2,100,9,21,422,333561.8532497883
3254,-114.14999999999998,422,2,100,9,21,422,333651.17677783966
3255,-118.44999999999996,422,2,100,9,19,422,333742.86898064613
3256,-111.24999999999997,422,2,100,9,19,422,333831.399443388
3257,-113.19999999999997,422,2,100,9,20,422,333918.76884937286
3258,-120.39999999999996,422,2,100,9,20,422,334008.9938004017
3259,-118.19999999999999,422,2,100,9,20,422,334094.61567282677
3260,-114.69999999999997,422,2,100,9,20,422,334180.10022068024
3261,-118.89999999999999,422,2,100,9,26,422,334269.8961157799
3262,-116.39999999999998,422,2,100,19,26,422,334357.6188428402
3263,-116.79999999999998,422,2,100,9,20,422,334445.5047826767
3264,-118.19999999999996,422,2,100,9,20,422,334530.8752641678
3265,-118.94999999999999,422,2,100,9,25,422,334618.26610922813
3266,-116.59999999999998,422,2,100,9,20,422,334702.7628426552
3267,-115.74999999999997,422,2,100,9,19,422,334788.66761159897
3268,-114.49999999999999,422,2,100,9,24,422,334877.2458138466
3269,-118.85,422,2,100,9,25,422,334965.7594664097
3270,-118.64999999999998,422,2,100,9,19,422,335048.81920814514
3271,-124.84999999999997,422,2,100,9,19,422,335124.44908213615
3272,-114.74999999999997,422,2,100,9,19,422,335212.2542204857
3273,-120.89999999999999,422,2,100,9,24,422,335296.5958452225
3274,-118.24999999999997,422,2,100,9,19,422,335381.6267244816
3275,-115.74999999999997,422,2,100,9,19,422,335467.0137131214
3276,-115.84999999999997,422,2,100,9,19,422,335554.9088101387
3277,-117.54999999999998,422,2,100,9,19,422,335635.62435770035
3278,-117.64999999999998,422,2,100,9,19,422,335720.81106996536
3279,-121.94999999999996,422,2,100,10,19,422,335801.5715813637
3280,-116.84999999999997,422,2,100,9,19,422,335891.31908249855
3281,-114.84999999999997,422,2,100,9,19,422,335980.92361831665
3282,-115.34999999999998,422,2,100,9,19,422,336069.54499435425
3283,-119.44999999999996,422,2,100,9,19,422,336159.49202632904
3284,-118.14999999999999,422,2,100,19,23,422,336252.49130010605
3285,-117.34999999999997,422,2,100,10,19,422,336342.06513881683
3286,-117.44999999999999,422,2,100,9,25,422,336430.2306892872
3287,-117.44999999999999,422,2,100,10,25,422,336523.1949541569
3288,-115.84999999999997,422,2,100,9,19,422,336612.2303869724
3289,-119.34999999999997,422,2,100,9,19,422,336699.5443620682
3290,-116.44999999999999,422,2,100,9,25,422,336794.3771622181
3291,-115.74999999999997,422,2,100,9,19,422,336886.7889518738
3292,-113.74999999999997,422,2,100,9,19,422,336982.13253974915
3293,-114.94999999999999,422,2,100,9,19,422,337072.2971100807
3294,-117.24999999999997,422,2,100,9,19,422,337167.4928421974
3295,-119.29999999999997,422,2,100,9,20,422,337266.8392319679
3296,-116.24999999999997,422,2,100,9,19,422,337360.47641277313
3297,-117.44999999999999,422,2,100,9,25,422,337459.4307177067
3298,-113.24999999999997,422,2,100,9,19,422,337555.53164315224
3299,-116.94999999999999,422,2,100,9,19,422,337642.1945669651
3300,-116.74999999999997,422,2,100,9,19,422,337736.2636241913
3301,-116.14999999999996,422,2,100,9,21,422,337832.2646436691
3302,-113.24999999999997,422,2,100,9,19,422,337929.93989658356
3303,-118.64999999999998,422,2,100,9,19,422,338019.25309586525
3304,-116.74999999999997,422,2,100,9,19,422,338112.3144156933
3305,-111.24999999999997,422,2,100,9,19,422,338205.55022883415
3306,-115.74999999999997,422,2,100,9,19,422,338298.7258181572
3307,-122.54999999999998,422,2,100,9,19,422,338385.0481033325
3308,-113.24999999999997,422,2,100,9,19,422,338478.8115949631
3309,-116.44999999999999,422,2,100,9,25,422,338567.2834057808
3310,-119.24999999999997,422,2,100,9,21,422,338652.602417469
3311,-116.74999999999997,422,2,100,9,19,422,338737.9178426266
3312,-119.14999999999996,422,2,100,9,19,422,338820.38724923134
3313,-119.14999999999998,422,2,100,9,19,422,338901.5424878597
3314,-117.04999999999998,422,2,100,9,25,422,338991.3763256073
3315,-115.84999999999997,422,2,100,9,19,422,339077.91621398926
3316,-119.44999999999996,422,2,100,9,19,422,339171.67868733406
3317,-116.59999999999997,422,2,100,19,24,422,339269.7238974571
3318,-112.24999999999997,422,2,100,9,19,422,339363.34884262085
3319,-111.24999999999997,422,2,100,9,19,422,339456.7853708267
3320,-112.24999999999997,422,2,100,9,19,422,339552.1189198494
3321,-114.74999999999997,422,2,100,9,19,422,339646.42563533783
3322,-114.74999999999997,422,2,100,9,19,422,339740.33210349083
3323,-112.99999999999997,422,2,100,9,24,422,339836.35134625435
3324,-112.75,422,2,100,9,25,422,339927.2600593567
3325,-125.24999999999999,422,2,100,10,19,422,340006.007917881
3326,-120.24999999999996,422,2,100,9,19,422,340097.940359354
3327,-113.79999999999998,422,2,100,19,24,422,340189.26367402077
3328,-113.79999999999998,422,2,100,19,24,422,340283.2999892235
3329,-122.14999999999998,422,2,100,9,19,422,340372.1220803261
3330,-118.54999999999998,422,2,100,9,19,422,340460.0610449314
3331,-118.34999999999998,422,2,100,9,19,422,340555.9766383171
3332,-112.24999999999997,422,2,100,9,19,422,340652.4002046585
3333,-116.44999999999999,422,2,100,9,25,422,340745.3025209904
3334,-114.74999999999997,422,2,100,9,19,422,340831.97645521164
3335,-114.64999999999998,422,2,100,9,19,422,340911.93575143814
3336,-115.69999999999997,422,2,100,9,20,422,340993.6868927479
3337,-121.14999999999998,422,2,100,9,19,422,341071.61897063255
3338,-115.54999999999998,422,2,100,9,29,422,341153.243032217
3339,-119.54999999999998,422,2,100,9,19,422,341230.62942147255
3340,-116.74999999999997,422,2,100,9,19,422,341312.41137957573
3341,-114.24999999999997,422,2,100,9,19,422,341394.69232583046
3342,-119.24999999999997,422,2,100,9,19,422,341476.40031814575
3343,-114.74999999999997,422,2,100,9,19,422,341559.19061231613
3344,-118.24999999999997,422,2,100,9,19,422,341639.2859277725
3345,-119.94999999999997,422,2,100,19,25,422,341722.1802408695
3346,-116.74999999999997,422,2,100,9,19,422,341805.52235913277
3347,-118.24999999999997,422,2,100,9,19,422,341889.02694392204
3348,-115.84999999999997,422,2,100,9,19,422,341974.93079423904
3349,-118.54999999999998,422,2,100,9,19,422,342056.4811606407
3350,-116.84999999999997,422,2,100,9,19,422,342146.0686240196
3351,-118.09999999999997,422,2,100,19,24,422,342236.7175068855
3352,-112.24999999999997,422,2,100,9,19,422,342325.52017354965
3353,-117.09999999999997,422,2,100,19,24,422,342416.5100362301
3354,-113.24999999999997,422,2,100,9,19,422,342502.6316537857
3355,-116.35,422,2,100,9,25,422,342584.8603503704
3356,-117.35,422,2,100,9,25,422,342672.2981829643
3357,-120.70000000000002,422,2,100,9,30,422,342749.94267368317
3358,-117.39999999999998,422,2,100,29,24,422,342845.231146574
3359,-117.44999999999999,422,2,100,9,25,422,342936.55690932274
3360,-113.24999999999997,422,2,100,9,19,422,343023.9571812153
3361,-119.44999999999996,422,2,100,9,19,422,343112.54558229446
3362,-113.84999999999998,422,2,100,9,25,422,343199.20528173447
3363,-118.39999999999998,422,2,100,19,24,422,343284.2122926712
3364,-112.24999999999997,422,2,100,9,19,422,343371.02384114265
3365,-114.94999999999999,422,2,100,9,19,422,343450.03308820724
3366,-119.14999999999998,422,2,100,9,19,422,343531.03645062447
3367,-113.74999999999997,422,2,100,9,19,422,343615.4890115261
3368,-116.94999999999999,422,2,100,9,25,422,343701.8198490143
3369,-116.84999999999997,422,2,100,9,19,422,343785.38190197945
3370,-118.19999999999997,422,2,100,9,20,422,343867.2243990898
3371,-113.24999999999997,422,2,100,9,19,422,343952.752794981
3372,-111.24999999999997,422,2,100,9,19,422,344037.54539966583
3373,-116.64999999999998,422,2,100,9,19,422,344118.8994438648
3374,-120.24999999999997,422,2,100,9,19,422,344201.4736917019
3375,-117.64999999999998,422,2,100,10,19,422,344285.40895342827
3376,-119.09999999999997,422,2,100,19,24,422,344376.0206711292
3377,-116.35,422,2,100,9,25,422,344464.8574516773
3378,-118.24999999999997,422,2,100,9,19,422,344552.5157687664
3379,-118.44999999999996,422,2,100,9,19,422,344642.42236351967
3380,-118.44999999999996,422,2,100,9,19,422,344729.64371442795
3381,-119.44999999999996,422,2,100,9,19,422,344819.2781152725
3382,-119.44999999999996,422,2,100,9,19,422,344909.6912178993
3383,-114.79999999999997,422,2,100,9,20,422,344994.5084075928
3384,-113.74999999999997,422,2,100,9,19,422,345082.93261027336
3385,-115.84999999999997,422,2,100,9,19,422,345169.1182124615
3386,-113.74999999999997,422,2,100,9,19,422,345255.12963604927
3387,-112.24999999999997,422,2,100,9,19,422,345341.1260032654
3388,-119.14999999999998,422,2,100,9,21,422,345427.6961219311
3389,-116.35000000000001,422,2,100,9,25,422,345513.3929262161
3390,-114.14999999999998,422,2,100,9,19,422,345596.7784202099
3391,-114.94999999999997,422,2,100,9,19,422,345672.92250037193
3392,-119.44999999999996,422,2,100,9,19,422,345761.3332462311
3393,-116.74999999999997,422,2,100,9,19,422,345844.5710914135
3394,-116.74999999999997,422,2,100,9,19,422,345927.0627076626
3395,-116.84999999999997,422,2,100,9,19,422,346014.494212389
3396,-119.44999999999996,422,2,100,9,19,422,346101.3852853775
3397,-116.54999999999998,422,2,100,9,25,422,346190.4928250313
3398,-118.44999999999996,422,2,100,9,19,422,346276.2528965473
3399,-116.84999999999997,422,2,100,9,19,422,346362.7065086365
3400,-119.44999999999996,422,2,100,9,19,422,346445.98110342026
3401,-113.24999999999997,422,2,100,9,19,422,346525.2215721607
3402,-119.44999999999996,422,2,100,9,19,422,346609.40381240845
3403,-117.59999999999998,422,2,100,9,24,422,346688.8194549084
3404,-111.24999999999997,422,2,100,9,19,422,346769.2432384491
3405,-116.54999999999998,422,2,100,9,25,422,346854.16195964813
3406,-111.24999999999997,422,2,100,9,19,422,346935.03739237785
3407,-115.39999999999999,422,2,100,9,24,422,347011.14754486084
3408,-114.74999999999997,422,2,100,9,19,422,347089.57572078705
3409,-116.94999999999999,422,2,100,9,19,422,347162.06432437897
3410,-115.64999999999998,422,2,100,9,19,422,347238.8152997494
3411,-116.64999999999998,422,2,100,9,19,422,347316.8964214325
3412,-116.54999999999998,422,2,100,9,25,422,347401.65794944763
3413,-118.44999999999996,422,2,100,9,19,422,347479.3496887684
3414,-116.54999999999998,422,2,100,9,25,422,347553.582703352
3415,-119.44999999999996,422,2,100,9,19,422,347623.6884896755
3416,-118.44999999999996,422,2,100,9,19,422,347694.7359790802
3417,-115.84999999999997,422,2,100,9,19,422,347768.1026067734
3418,-119.44999999999996,422,2,100,9,19,422,347841.5530912876
3419,-115.84999999999997,422,2,100,9,19,422,347915.0126950741
3420,-118.44999999999996,422,2,100,9,19,422,347988.1234052181
3421,-115.74999999999997,422,2,100,9,19,422,348057.73428559303
3422,-117.04999999999998,422,2,100,9,25,422,348132.9552717209
3423,-112.24999999999997,422,2,100,9,19,422,348205.2367281914
3424,-111.24999999999997,422,2,100,9,19,422,348276.3366677761
3425,-119.44999999999996,422,2,100,9,19,422,348349.6073551178
3426,-133.35,422,2,100,9,19,422,348430.4709045887
3427,-127.89999999999999,422,2,100,47,20,422,348510.64410972595
3428,-121.19999999999996,422,2,100,9,20,422,348587.62179398537
3429,-120.75,422,2,100,9,21,422,348662.9030957222
3430,-115.74999999999997,422,2,100,9,19,422,348733.32720446587
3431,-119.44999999999996,422,2,100,9,19,422,348805.6725728512
3432,-119.94999999999997,422,2,100,9,25,422,348876.5114414692
3433,-113.09999999999997,422,2,100,9,20,422,348946.54573750496
3434,-116.84999999999997,422,2,100,9,19,422,349017.6711857319
3435,-114.64999999999998,422,2,100,9,21,422,349087.8965783119
3436,-115.84999999999998,422,2,100,9,19,422,349159.78543281555
3437,-120.94999999999997,422,2,100,9,25,422,349231.695335865
3438,-113.24999999999997,422,2,100,9,19,422,349302.6368255615
