episode,reward,max_height,max_level,actions,actions_to_max_height,unique_positions,best_height_ever,time_seconds
6,-14.0,62,1,100,93,0,62,277.35153794288635
10,-50.0,-298,0,100,0,0,62,457.82625126838684
20,-50.0,-298,0,100,0,0,62,739.8024690151215
30,-50.0,-298,0,100,0,0,62,1009.1634337902069
40,-50.0,-298,0,100,0,0,62,1295.3195192813873
44,-14.0,62,1,100,84,0,62,1404.6231851577759
50,-50.0,-298,0,100,0,0,62,1575.8848893642426
53,-14.0,62,1,100,82,0,62,1665.208086013794
54,-14.0,62,1,100,66,0,62,1697.645486831665
60,-50.0,-298,0,100,0,0,62,1877.2326710224152
70,-50.0,-298,0,100,0,0,62,2167.3700189590454
80,-50.0,-298,0,100,0,0,62,2451.872957468033
90,-50.0,-298,0,100,0,0,62,2713.5210678577423
100,-50.0,-298,0,100,0,0,62,2968.6446216106415
110,-50.0,-298,0,100,0,0,62,3125.8384263515472
117,-14.0,62,1,100,12,0,62,3437.531236886978
118,-14.0,62,1,100,15,0,62,3482.5236291885376
120,-14.0,62,1,100,14,0,62,3563.0790872573853
121,-14.0,62,1,100,11,0,62,3601.6064336299896
122,-14.0,62,1,100,87,0,62,3657.1852247714996
123,-14.0,62,1,100,37,0,62,3704.2212455272675
124,-14.0,62,1,100,10,0,62,3752.098945617676
125,-14.0,62,1,100,12,0,62,3799.670023202896
126,-14.0,62,1,100,10,0,62,3840.493661403656
127,-14.0,62,1,100,7,0,62,3884.9754886627197
128,-14.0,62,1,100,86,0,62,3927.1076998710632
129,-14.0,62,1,100,6,0,62,3966.953654527664
130,-14.0,62,1,100,10,0,62,4002.796258211136
131,-14.0,62,1,100,27,0,62,4038.873548269272
132,-14.0,62,1,100,10,0,62,4078.819725036621
133,-14.0,62,1,100,7,0,62,4124.839227676392
134,-14.0,62,1,100,9,0,62,4176.125370979309
135,-14.0,62,1,100,9,0,62,4218.984409332275
136,-14.0,62,1,100,42,0,62,4269.110924720764
137,-14.0,62,1,100,15,0,62,4327.535361289978
138,-14.0,62,1,100,23,0,62,4376.3040454387665
139,-14.0,62,1,100,22,0,62,4422.55077290535
140,-14.0,62,1,100,41,0,62,4491.666409730911
142,-14.0,62,1,100,86,0,62,4608.364717006683
150,-14.0,62,1,100,5,0,62,4998.657824039459
153,-14.0,62,1,100,36,0,62,5132.584267854691
154,-14.0,62,1,100,61,0,62,5181.978544473648
155,-14.0,62,1,100,8,0,62,5233.853073358536
156,-14.0,62,1,100,10,0,62,5275.03178024292
157,-14.0,62,1,100,21,0,62,5322.879149675369
158,-14.0,62,1,100,46,0,62,5367.680070638657
159,-14.0,62,1,100,53,0,62,5411.4394109249115
160,-50.0,-298,0,100,0,0,62,5455.832856893539
162,-14.0,62,1,100,29,0,62,5558.438763618469
163,-14.0,62,1,100,18,0,62,5609.853807210922
164,-14.0,62,1,100,40,0,62,5656.03924036026
165,-14.0,62,1,100,74,0,62,5704.7689826488495
166,-14.0,62,1,100,5,0,62,5751.340750217438
167,-14.0,62,1,100,13,0,62,5806.832292795181
168,-14.0,62,1,100,49,0,62,5844.263121366501
169,-14.0,62,1,100,5,0,62,5889.72851729393
170,-50.0,-298,0,100,0,0,62,5907.424561500549
171,-14.0,62,1,100,66,0,62,5956.959108352661
173,-14.0,62,1,100,5,0,62,6039.554914474487
174,-14.0,62,1,100,11,0,62,6088.653198957443
175,-14.0,62,1,100,70,0,62,6142.818884372711
176,-14.0,62,1,100,14,0,62,6196.584667682648
177,-14.0,62,1,100,5,0,62,6239.605986833572
178,-14.0,62,1,100,9,0,62,6295.824970245361
179,-14.0,62,1,100,5,0,62,6341.6081602573395
180,-14.0,62,1,100,5,0,62,6384.211533546448
181,-14.0,62,1,100,5,0,62,6445.566722869873
182,-14.0,62,1,100,31,0,62,6496.422347784042
183,-14.0,62,1,100,8,0,62,6540.534309148788
184,-14.0,62,1,100,5,0,62,6583.6624755859375
185,-14.0,62,1,100,5,0,62,6632.910498380661
186,-14.0,62,1,100,7,0,62,6679.715896606445
187,-14.0,62,1,100,65,0,62,6717.590963840485
188,-14.0,62,1,100,6,0,62,6763.152642726898
189,-14.0,62,1,100,5,0,62,6812.573983669281
190,-14.0,62,1,100,36,0,62,6866.44339132309
191,-14.0,62,1,100,6,0,62,6904.191381454468
192,-14.0,62,1,100,32,0,62,6951.954094171524
193,-14.0,62,1,100,7,0,62,7005.5127329826355
194,-14.0,62,1,100,5,0,62,7046.609041929245
195,-14.0,62,1,100,5,0,62,7079.3894946575165
196,-14.0,62,1,100,5,0,62,7134.022434949875
197,-14.0,62,1,100,6,0,62,7178.25914812088
198,-14.0,62,1,100,5,0,62,7230.8200776577
199,-14.0,62,1,100,5,0,62,7274.645663499832
200,-14.0,62,1,100,6,0,62,7321.5920996665955
201,-14.0,62,1,100,6,0,62,7372.372980594635
202,-14.0,62,1,100,35,0,62,7420.545022010803
203,-14.0,62,1,100,8,0,62,7473.369453191757
204,-14.0,62,1,100,6,0,62,7524.179170131683
205,-14.0,62,1,100,16,0,62,7572.139028072357
206,-14.0,62,1,100,11,0,62,7623.26024055481
207,-14.0,62,1,100,20,0,62,7675.774789094925
208,-14.0,62,1,100,7,0,62,7716.321316003799
209,-14.0,62,1,100,7,0,62,7753.5545518398285
210,-14.0,62,1,100,22,0,62,7795.38939332962
211,-14.0,62,1,100,7,0,62,7850.2233419418335
212,-14.0,62,1,100,18,0,62,7901.210356235504
213,-14.0,62,1,100,7,0,62,7952.709223270416
214,-14.0,62,1,100,21,0,62,7992.042665481567
215,-14.0,62,1,100,12,0,62,8040.684345006943
216,-14.0,62,1,100,67,0,62,8091.178026199341
217,-14.0,62,1,100,29,0,62,8125.613686800003
218,-14.0,62,1,100,47,0,62,8175.4279708862305
219,-14.0,62,1,100,9,0,62,8227.387660264969
220,-14.0,62,1,100,22,0,62,8272.833801984787
221,-14.0,62,1,100,90,0,62,8308.066510677338
222,-14.0,62,1,100,14,0,62,8362.4287981987
223,-14.0,62,1,100,66,0,62,8418.023890256882
224,-14.0,62,1,100,6,0,62,8461.682074069977
225,-14.0,62,1,100,6,0,62,8513.1129424572
226,-14.0,62,1,100,10,0,62,8561.259461164474
227,-14.0,62,1,100,11,0,62,8596.42824459076
228,-14.0,62,1,100,29,0,62,8646.414025783539
229,-14.0,62,1,100,5,0,62,8699.838745594025
230,-14.0,62,1,100,5,0,62,8741.090631008148
231,-14.0,62,1,100,22,0,62,8788.474570035934
232,-14.0,62,1,100,38,0,62,8842.349749326706
233,-14.0,62,1,100,5,0,62,8895.45825099945
234,-14.0,62,1,100,7,0,62,8955.639117479324
235,-14.0,62,1,100,5,0,62,8995.130739688873
236,-14.0,62,1,100,64,0,62,9048.891450166702
237,-14.0,62,1,100,56,0,62,9097.875460147858
238,-14.0,62,1,100,34,0,62,9161.37999844551
239,-14.0,62,1,100,7,0,62,9226.407168149948
240,-50.0,-298,0,100,0,0,62,9301.118213891983
241,-14.0,62,1,100,92,0,62,9358.16567492485
242,-14.0,62,1,100,22,0,62,9437.60784626007
243,-14.0,62,1,100,15,0,62,9506.252981424332
248,-14.0,62,1,100,30,0,62,9943.823894739151
250,-14.0,62,1,100,99,0,62,10087.246369838715
252,-14.0,62,1,100,87,0,62,10203.03378200531
253,-14.0,62,1,100,5,0,62,10275.609572172165
254,-14.0,62,1,100,68,0,62,10335.589004039764
255,-14.0,62,1,100,67,0,62,10408.849951267242
257,-14.0,62,1,100,13,0,62,10594.707703351974
258,-14.0,62,1,100,17,0,62,10673.401367902756
260,-14.0,62,1,100,34,0,62,10846.15557384491
261,-14.0,62,1,100,12,0,62,10911.40758228302
262,-14.0,62,1,100,9,0,62,10988.848027944565
263,-14.0,62,1,100,8,0,62,11052.627454280853
264,-14.0,62,1,100,21,0,62,11113.865607261658
266,-14.0,62,1,100,10,0,62,11243.473306894302
267,-14.0,62,1,100,8,0,62,11312.088491916656
268,-14.0,62,1,100,5,0,62,11373.574872970581
269,-14.0,62,1,100,8,0,62,11449.684275627136
270,-14.0,62,1,100,5,0,62,11520.973286628723
271,-14.0,62,1,100,51,0,62,11609.867836236954
272,-14.0,62,1,100,5,0,62,11695.712238073349
273,-14.0,62,1,100,5,0,62,11763.280683517456
274,22.0,422,2,100,27,0,422,11861.141963005066
277,22.0,422,2,100,76,0,422,12060.829436302185
280,-14.0,62,1,100,14,0,422,12286.507140159607
281,22.0,422,2,100,67,0,422,12361.662276983261
290,-14.0,62,1,100,5,0,422,13058.373906135559
300,-14.0,62,1,100,5,0,422,13800.954766750336
310,-14.0,62,1,100,7,0,422,14512.509047269821
320,-14.0,62,1,100,7,0,422,15206.076751708984
321,22.0,422,2,100,16,0,422,15283.835651397705
330,-14.0,62,1,100,7,0,422,15892.869693040848
331,22.0,422,2,100,9,0,422,15960.73198390007
340,-14.0,62,1,100,7,0,422,16532.107516288757
350,-14.0,62,1,100,5,0,422,17244.098618745804
360,-14.0,62,1,100,5,0,422,17940.65292596817
370,-14.0,62,1,100,6,0,422,18692.61536693573
380,-14.0,62,1,100,6,0,422,19415.910181760788
390,-14.0,62,1,100,6,0,422,20124.28567314148
400,-14.0,62,1,100,6,0,422,20727.22967481613
410,-14.0,62,1,100,6,0,422,21368.943296432495
420,-14.0,62,1,100,6,0,422,21986.288684129715
430,-14.0,62,1,100,6,0,422,22567.421623945236
440,-14.0,62,1,100,5,0,422,23146.668940782547
450,-14.0,62,1,100,5,0,422,23767.80508184433
460,-14.0,62,1,100,9,0,422,24411.360652446747
470,-14.0,62,1,100,5,0,422,25013.544453382492
480,-14.0,62,1,100,5,0,422,25605.847724199295
490,-14.0,62,1,100,5,0,422,26183.767075061798
500,-14.0,62,1,100,5,0,422,26783.2676756382
510,-14.0,62,1,100,5,0,422,27383.77653360367
520,-14.0,62,1,100,6,0,422,28005.4885764122
530,-14.0,62,1,100,5,0,422,28611.93465948105
533,22.0,422,2,100,9,0,422,28805.119961500168
537,22.0,422,2,100,41,0,422,29086.00012278557
540,-14.0,62,1,100,5,0,422,29300.672174453735
546,22.0,422,2,100,82,0,422,29715.744294643402
547,22.0,422,2,100,28,0,422,29802.462002515793
550,22.0,422,2,100,74,0,422,30009.411890506744
557,22.0,422,2,100,39,0,422,30509.35770392418
560,22.0,422,2,100,11,0,422,30682.877388715744
561,22.0,422,2,100,26,0,422,30747.657281398773
569,22.0,422,2,100,49,0,422,31275.808170318604
570,22.0,422,2,100,43,0,422,31346.550102710724
572,22.0,422,2,100,17,0,422,31531.416939258575
574,22.0,422,2,100,38,0,422,31653.81463956833
575,22.0,422,2,100,39,0,422,31713.75815844536
576,22.0,422,2,100,83,0,422,31786.65399479866
577,22.0,422,2,100,9,0,422,31856.015094041824
578,22.0,422,2,100,26,0,422,31924.213050603867
580,-14.0,62,1,100,5,0,422,32062.899530887604
581,22.0,422,2,100,92,0,422,32137.210846424103
582,22.0,422,2,100,9,0,422,32194.46762752533
583,22.0,422,2,100,9,0,422,32250.96706390381
584,22.0,422,2,100,91,0,422,32317.207248687744
585,22.0,422,2,100,9,0,422,32368.962881565094
586,22.0,422,2,100,36,0,422,32426.935464143753
587,22.0,422,2,100,9,0,422,32489.31564617157
589,22.0,422,2,100,9,0,422,32603.634133815765
590,22.0,422,2,100,72,0,422,32674.084888458252
592,22.0,422,2,100,9,0,422,32802.037945747375
593,22.0,422,2,100,9,0,422,32866.68424296379
594,22.0,422,2,100,64,0,422,32923.04334306717
595,22.0,422,2,100,76,0,422,33017.9299018383
596,22.0,422,2,100,9,0,422,33092.69394207001
598,22.0,422,2,100,21,0,422,33241.18482851982
599,22.0,422,2,100,9,0,422,33302.13014674187
600,-14.0,62,1,100,5,0,422,33363.132717847824
601,22.0,422,2,100,9,0,422,33425.65005683899
602,22.0,422,2,100,100,0,422,33480.53865599632
603,22.0,422,2,100,93,0,422,33531.65737891197
604,22.0,422,2,100,9,0,422,33588.921322345734
605,22.0,422,2,100,9,0,422,33644.54285407066
606,22.0,422,2,100,9,0,422,33694.66024374962
607,22.0,422,2,100,42,0,422,33742.80524611473
608,22.0,422,2,100,59,0,422,33808.097474098206
609,22.0,422,2,100,9,0,422,33867.86131095886
610,22.0,422,2,100,11,0,422,33911.8382525444
611,22.0,422,2,100,30,0,422,33972.13235402107
612,22.0,422,2,100,9,0,422,34029.54846858978
613,22.0,422,2,100,19,0,422,34093.09229040146
614,22.0,422,2,100,10,0,422,34146.537858724594
616,22.0,422,2,100,37,0,422,34284.20625257492
618,22.0,422,2,100,47,0,422,34408.451788663864
619,22.0,422,2,100,9,0,422,34483.96247339249
620,22.0,422,2,100,9,0,422,34523.423248529434
622,22.0,422,2,100,9,0,422,34680.26785850525
623,22.0,422,2,100,9,0,422,34751.41666817665
624,22.0,422,2,100,9,0,422,34823.57871747017
625,22.0,422,2,100,41,0,422,34894.14457130432
626,22.0,422,2,100,9,0,422,34963.52234697342
627,22.0,422,2,100,41,0,422,35111.16790318489
628,22.0,422,2,100,24,0,422,35208.02039074898
629,22.0,422,2,100,9,0,422,35281.89761424065
630,22.0,422,2,100,25,0,422,35395.8778321743
631,22.0,422,2,100,47,0,422,35483.95105266571
632,22.0,422,2,100,20,0,422,35562.14128422737
633,22.0,422,2,100,97,0,422,35657.2310655117
634,22.0,422,2,100,9,0,422,35744.242978572845
635,22.0,422,2,100,35,0,422,35818.66175889969
637,22.0,422,2,100,9,0,422,35977.589280605316
638,22.0,422,2,100,26,0,422,36064.13677620888
639,22.0,422,2,100,11,0,422,36149.731119155884
640,22.0,422,2,100,13,0,422,36241.55291056633
641,22.0,422,2,100,9,0,422,36341.377616882324
642,22.0,422,2,100,64,0,422,36439.72942638397
643,22.0,422,2,100,9,0,422,36512.92228055
644,22.0,422,2,100,75,0,422,36630.149314403534
645,22.0,422,2,100,9,0,422,36721.166068315506
646,22.0,422,2,100,9,0,422,36809.2156059742
648,22.0,422,2,100,9,0,422,36962.214634656906
649,22.0,422,2,100,37,0,422,37060.73311185837
650,22.0,422,2,100,11,0,422,37137.94961166382
651,22.0,422,2,100,28,0,422,37245.51474547386
652,22.0,422,2,100,9,0,422,37355.11881971359
653,22.0,422,2,100,9,0,422,37455.704454422
654,22.0,422,2,100,20,0,422,37535.380643606186
655,22.0,422,2,100,9,0,422,37639.77599000931
656,22.0,422,2,100,9,0,422,37720.210156202316
657,22.0,422,2,100,11,0,422,37816.10165929794
658,22.0,422,2,100,9,0,422,37888.089612960815
659,22.0,422,2,100,43,0,422,37948.73992776871
660,22.0,422,2,100,97,0,422,38026.71025633812
661,22.0,422,2,100,37,0,422,38124.005880355835
663,22.0,422,2,100,9,0,422,38286.14453744888
664,22.0,422,2,100,9,0,422,38368.25342965126
665,22.0,422,2,100,9,0,422,38449.84648895264
666,22.0,422,2,100,20,0,422,38541.40674448013
667,22.0,422,2,100,21,0,422,38600.08860015869
668,22.0,422,2,100,9,0,422,38696.91590332985
669,22.0,422,2,100,32,0,422,38790.62687444687
670,22.0,422,2,100,9,0,422,38877.09045648575
671,22.0,422,2,100,9,0,422,38989.222385406494
672,22.0,422,2,100,30,0,422,39114.624010801315
673,22.0,422,2,100,9,0,422,39217.960997104645
674,22.0,422,2,100,9,0,422,39300.22363734245
675,22.0,422,2,100,9,0,422,39392.999902009964
676,22.0,422,2,100,17,0,422,39498.48553586006
677,22.0,422,2,100,19,0,422,39586.49639749527
678,22.0,422,2,100,9,0,422,39688.277069568634
679,22.0,422,2,100,9,0,422,39780.512253046036
680,22.0,422,2,100,9,0,422,39871.800594329834
681,22.0,422,2,100,9,0,422,39956.063133239746
682,22.0,422,2,100,9,0,422,40062.39319109917
683,22.0,422,2,100,20,0,422,40149.66444325447
684,22.0,422,2,100,9,0,422,40236.27171134949
685,22.0,422,2,100,9,0,422,40329.10537838936
686,22.0,422,2,100,9,0,422,40408.86570715904
687,22.0,422,2,100,9,0,422,40486.095467567444
688,22.0,422,2,100,23,0,422,40598.828250169754
689,22.0,422,2,100,9,0,422,40706.344423532486
690,22.0,422,2,100,36,0,422,40820.137254714966
691,22.0,422,2,100,10,0,422,40918.80057477951
692,22.0,422,2,100,9,0,422,41007.99944067001
693,22.0,422,2,100,9,0,422,41093.62474942207
694,22.0,422,2,100,13,0,422,41186.198862075806
695,22.0,422,2,100,9,0,422,41279.289167404175
696,22.0,422,2,100,9,0,422,41384.913502693176
697,22.0,422,2,100,10,0,422,41513.77675032616
698,22.0,422,2,100,9,0,422,41626.20948433876
699,22.0,422,2,100,9,0,422,41716.99341368675
700,22.0,422,2,100,9,0,422,41822.104392290115
701,22.0,422,2,100,9,0,422,41922.140234708786
702,22.0,422,2,100,44,0,422,42038.113075494766
703,22.0,422,2,100,26,0,422,42124.74073147774
704,22.0,422,2,100,9,0,422,42220.247012376785
705,22.0,422,2,100,9,0,422,42320.15587449074
706,22.0,422,2,100,9,0,422,42409.27765035629
707,22.0,422,2,100,9,0,422,42498.13413929939
708,22.0,422,2,100,9,0,422,42604.13518691063
709,22.0,422,2,100,9,0,422,42699.841666936874
710,22.0,422,2,100,9,0,422,42784.27315187454
711,22.0,422,2,100,9,0,422,42884.14183497429
712,22.0,422,2,100,11,0,422,42974.97710824013
713,22.0,422,2,100,30,0,422,43046.531155347824
714,22.0,422,2,100,9,0,422,43131.34281897545
715,22.0,422,2,100,38,0,422,43243.070811748505
716,22.0,422,2,100,9,0,422,43332.08574342728
717,22.0,422,2,100,9,0,422,43411.627029657364
718,22.0,422,2,100,9,0,422,43540.06803250313
719,22.0,422,2,100,9,0,422,43671.26009130478
720,22.0,422,2,100,9,0,422,43751.01522541046
721,22.0,422,2,100,12,0,422,43852.1063182354
722,22.0,422,2,100,9,0,422,43971.80560874939
723,22.0,422,2,100,21,0,422,44056.57769870758
724,22.0,422,2,100,9,0,422,44177.41592502594
725,22.0,422,2,100,9,0,422,44285.804805755615
726,22.0,422,2,100,9,0,422,44397.27805519104
727,22.0,422,2,100,9,0,422,44475.96660351753
728,22.0,422,2,100,21,0,422,44565.35108137131
729,22.0,422,2,100,15,0,422,44676.05253505707
730,22.0,422,2,100,14,0,422,44767.421780109406
731,22.0,422,2,100,46,0,422,44874.01549243927
732,22.0,422,2,100,31,0,422,44960.78247380257
733,22.0,422,2,100,9,0,422,45071.56039381027
734,22.0,422,2,100,62,0,422,45189.3894970417
735,22.0,422,2,100,10,0,422,45294.54264521599
736,22.0,422,2,100,42,0,422,45396.47454166412
737,22.0,422,2,100,9,0,422,45501.2409362793
738,22.0,422,2,100,9,0,422,45587.13237929344
739,22.0,422,2,100,9,0,422,45660.03483271599
740,-14.0,62,1,100,5,0,422,45759.95950913429
741,22.0,422,2,100,43,0,422,45875.541308403015
742,22.0,422,2,100,22,0,422,45975.94373679161
743,22.0,422,2,100,9,0,422,46088.15588116646
745,22.0,422,2,100,9,0,422,46286.76930856705
746,22.0,422,2,100,9,0,422,46387.56729531288
747,22.0,422,2,100,46,0,422,46520.21322083473
748,22.0,422,2,100,9,0,422,46629.2264008522
749,22.0,422,2,100,9,0,422,46736.4208817482
750,22.0,422,2,100,9,0,422,46833.23761892319
752,22.0,422,2,100,9,0,422,47050.716111660004
753,22.0,422,2,100,19,0,422,47132.11623668671
754,22.0,422,2,100,9,0,422,47231.890263319016
755,22.0,422,2,100,46,0,422,47308.41853952408
756,22.0,422,2,100,9,0,422,47409.833944797516
757,22.0,422,2,100,9,0,422,47524.77340269089
758,22.0,422,2,100,9,0,422,47633.78560805321
759,22.0,422,2,100,9,0,422,47743.18321681023
760,22.0,422,2,100,9,0,422,47854.21302700043
761,22.0,422,2,100,23,0,422,47964.16596031189
762,22.0,422,2,100,9,0,422,48060.19750523567
763,22.0,422,2,100,9,0,422,48160.0780851841
764,22.0,422,2,100,57,0,422,48266.30448842049
765,22.0,422,2,100,9,0,422,48365.244599580765
766,22.0,422,2,100,9,0,422,48463.16456604004
767,22.0,422,2,100,77,0,422,48577.82185173035
768,22.0,422,2,100,9,0,422,48690.82969164848
770,22.0,422,2,100,21,0,422,48969.55919623375
772,22.0,422,2,100,34,0,422,49220.183327674866
773,22.0,422,2,100,33,0,422,49314.97231721878
774,22.0,422,2,100,81,0,422,49432.53191161156
775,22.0,422,2,100,27,0,422,49535.67668008804
776,22.0,422,2,100,84,0,422,49663.965269327164
777,22.0,422,2,100,9,0,422,49791.19720411301
778,22.0,422,2,100,9,0,422,49886.145159482956
779,22.0,422,2,100,9,0,422,49969.19423508644
780,22.0,422,2,100,13,0,422,50081.909843206406
781,22.0,422,2,100,44,0,422,50194.43600201607
782,22.0,422,2,100,9,0,422,50285.86719703674
783,22.0,422,2,100,39,0,422,50391.87587881088
785,22.0,422,2,100,60,0,422,50594.9741961956
788,22.0,422,2,100,65,0,422,50903.11047625542
790,22.0,422,2,100,69,0,422,51095.742200136185
792,22.0,422,2,100,9,0,422,51299.52842998505
800,22.0,422,2,100,9,0,422,52099.78916025162
803,22.0,422,2,100,9,0,422,52374.05871510506
806,22.0,422,2,100,46,0,422,52653.75843381882
809,22.0,422,2,100,83,0,422,52931.20560669899
810,22.0,422,2,100,9,0,422,53018.35122990608
811,22.0,422,2,100,59,0,422,53113.213888168335
814,22.0,422,2,100,13,0,422,53336.24911260605
815,22.0,422,2,100,37,0,422,53418.973192453384
816,22.0,422,2,100,99,0,422,53518.402837753296
817,22.0,422,2,100,68,0,422,53594.74342274666
820,22.0,422,2,100,28,0,422,53897.31564164162
821,22.0,422,2,100,71,0,422,53986.20093822479
823,22.0,422,2,100,83,0,422,54165.80348491669
830,22.0,422,2,100,80,0,422,54820.962423324585
831,22.0,422,2,100,88,0,422,54924.62991523743
832,22.0,422,2,100,89,0,422,55028.6217610836
833,22.0,422,2,100,10,0,422,55125.684222221375
835,22.0,422,2,100,35,0,422,55306.711111068726
837,22.0,422,2,100,87,0,422,55509.64663982391
839,22.0,422,2,100,74,0,422,55692.12799191475
840,22.0,422,2,100,22,0,422,55778.99581003189
841,22.0,422,2,100,34,0,422,55875.21747922897
844,22.0,422,2,100,9,0,422,56203.254132032394
845,22.0,422,2,100,9,0,422,56289.55920410156
846,22.0,422,2,100,65,0,422,56396.61005759239
847,22.0,422,2,100,9,0,422,56468.15434384346
848,22.0,422,2,100,9,0,422,56537.98027563095
849,22.0,422,2,100,38,0,422,56608.51346516609
850,22.0,422,2,100,9,0,422,56702.97616124153
851,22.0,422,2,100,12,0,422,56783.95097064972
855,22.0,422,2,100,66,0,422,57102.46761345863
857,22.0,422,2,100,84,0,422,57266.50037455559
858,22.0,422,2,100,16,0,422,57351.40527677536
859,22.0,422,2,100,11,0,422,57451.654685497284
860,-14.0,62,1,100,5,0,422,57521.068983078
862,22.0,422,2,100,36,0,422,57771.26106929779
863,22.0,422,2,100,51,0,422,57855.223521232605
864,22.0,422,2,100,9,0,422,57939.9582388401
865,22.0,422,2,100,28,0,422,58048.21187996864
866,22.0,422,2,100,9,0,422,58138.39495015144
867,22.0,422,2,100,18,0,422,58239.14961838722
868,22.0,422,2,100,9,0,422,58329.539034605026
869,22.0,422,2,100,9,0,422,58424.53751683235
870,22.0,422,2,100,27,0,422,58522.41033101082
871,22.0,422,2,100,9,0,422,58600.879185676575
872,22.0,422,2,100,9,0,422,58707.5687315464
873,22.0,422,2,100,9,0,422,58792.727224588394
874,22.0,422,2,100,9,0,422,58877.68648600578
875,22.0,422,2,100,21,0,422,58967.5364382267
876,22.0,422,2,100,31,0,422,59059.80265259743
877,22.0,422,2,100,9,0,422,59125.31484746933
878,22.0,422,2,100,9,0,422,59228.491430044174
879,22.0,422,2,100,15,0,422,59298.40025115013
880,22.0,422,2,100,9,0,422,59389.27531194687
882,22.0,422,2,100,9,0,422,59568.6984603405
883,22.0,422,2,100,38,0,422,59637.19304585457
884,22.0,422,2,100,25,0,422,59740.64425134659
886,22.0,422,2,100,9,0,422,59910.86859703064
888,22.0,422,2,100,11,0,422,60108.603528022766
889,22.0,422,2,100,45,0,422,60195.50832295418
890,22.0,422,2,100,9,0,422,60285.628376722336
891,22.0,422,2,100,9,0,422,60375.74431467056
892,22.0,422,2,100,9,0,422,60476.90916347504
893,22.0,422,2,100,15,0,422,60562.694941043854
894,22.0,422,2,100,9,0,422,60647.42241668701
895,22.0,422,2,100,9,0,422,60731.09046626091
896,22.0,422,2,100,20,0,422,60804.433938503265
897,22.0,422,2,100,18,0,422,60864.1140024662
898,22.0,422,2,100,9,0,422,60968.74193620682
899,22.0,422,2,100,9,0,422,61051.98984456062
900,-14.0,62,1,100,5,0,422,61236.3567609787
901,22.0,422,2,100,9,0,422,61325.104125499725
902,22.0,422,2,100,28,0,422,61422.00190591812
903,22.0,422,2,100,9,0,422,61512.58171129227
904,22.0,422,2,100,9,0,422,61602.931753873825
905,22.0,422,2,100,9,0,422,61698.16287136078
906,22.0,422,2,100,31,0,422,61800.59054803848
908,22.0,422,2,100,9,0,422,61981.175815582275
910,22.0,422,2,100,9,0,422,62209.94602775574
911,22.0,422,2,100,42,0,422,62323.68319749832
912,22.0,422,2,100,9,0,422,62421.444949388504
913,22.0,422,2,100,9,0,422,62466.92924404144
914,22.0,422,2,100,9,0,422,62566.17501950264
915,22.0,422,2,100,9,0,422,62655.64401054382
916,22.0,422,2,100,10,0,422,62749.54074716568
917,22.0,422,2,100,9,0,422,62853.52453804016
918,22.0,422,2,100,9,0,422,62949.83293056488
919,22.0,422,2,100,9,0,422,63040.55463027954
920,22.0,422,2,100,9,0,422,63145.548552274704
921,22.0,422,2,100,9,0,422,63242.938215732574
922,22.0,422,2,100,9,0,422,63338.91510391235
923,22.0,422,2,100,9,0,422,63450.34822559357
926,22.0,422,2,100,9,0,422,63728.59543991089
927,22.0,422,2,100,9,0,422,63850.16439247131
928,22.0,422,2,100,49,0,422,63947.62079334259
930,22.0,422,2,100,9,0,422,64128.60890126228
931,22.0,422,2,100,27,0,422,64191.89603686333
932,22.0,422,2,100,9,0,422,64276.65282154083
933,22.0,422,2,100,9,0,422,64371.243683338165
934,22.0,422,2,100,9,0,422,64479.42620611191
935,22.0,422,2,100,24,0,422,64571.51429414749
936,22.0,422,2,100,9,0,422,64667.93672323227
937,22.0,422,2,100,24,0,422,64768.10909676552
938,22.0,422,2,100,9,0,422,64845.35843396187
939,22.0,422,2,100,32,0,422,64947.18755865097
940,22.0,422,2,100,12,0,422,65033.91856575012
941,22.0,422,2,100,9,0,422,65113.58624577522
942,22.0,422,2,100,72,0,422,65187.4622733593
943,22.0,422,2,100,9,0,422,65286.24556493759
944,22.0,422,2,100,9,0,422,65369.137186050415
945,22.0,422,2,100,9,0,422,65451.78237080574
946,22.0,422,2,100,11,0,422,65544.19934105873
949,22.0,422,2,100,18,0,422,65794.19913625717
950,22.0,422,2,100,9,0,422,65895.8877594471
951,22.0,422,2,100,60,0,422,65976.06823325157
952,22.0,422,2,100,85,0,422,66048.67133188248
953,22.0,422,2,100,10,0,422,66135.85490465164
954,22.0,422,2,100,13,0,422,66216.53453469276
955,22.0,422,2,100,9,0,422,66300.17870235443
956,22.0,422,2,100,9,0,422,66387.99457621574
957,22.0,422,2,100,20,0,422,66488.57642102242
958,22.0,422,2,100,9,0,422,66574.00519251823
959,22.0,422,2,100,9,0,422,66657.3657784462
960,22.0,422,2,100,36,0,422,66735.93362879753
961,22.0,422,2,100,20,0,422,66830.12666511536
962,22.0,422,2,100,9,0,422,66914.24839425087
964,22.0,422,2,100,58,0,422,67101.36381959915
965,22.0,422,2,100,9,0,422,67190.95074629784
966,22.0,422,2,100,11,0,422,67278.73857045174
967,22.0,422,2,100,84,0,422,67382.40913772583
968,22.0,422,2,100,9,0,422,67465.41846466064
969,22.0,422,2,100,80,0,422,67563.5296986103
970,22.0,422,2,100,9,0,422,67649.89097857475
971,22.0,422,2,100,69,0,422,67762.86932826042
972,22.0,422,2,100,47,0,422,67838.85463809967
973,22.0,422,2,100,75,0,422,67924.67044782639
974,22.0,422,2,100,12,0,422,68005.15805768967
976,22.0,422,2,100,9,0,422,68145.67327332497
977,22.0,422,2,100,13,0,422,68220.19186306
980,22.0,422,2,100,37,0,422,68424.43023777008
982,22.0,422,2,100,9,0,422,68601.54871940613
983,22.0,422,2,100,20,0,422,68690.41076731682
984,22.0,422,2,100,64,0,422,68777.95764994621
987,22.0,422,2,100,9,0,422,69106.67611503601
988,22.0,422,2,100,64,0,422,69192.49035429955
989,22.0,422,2,100,9,0,422,69289.49482917786
990,22.0,422,2,100,40,0,422,69383.76438260078
991,22.0,422,2,100,9,0,422,69467.91146230698
992,22.0,422,2,100,20,0,422,69571.80221104622
993,22.0,422,2,100,13,0,422,69674.15303730965
995,22.0,422,2,100,17,0,422,69886.0283100605
996,22.0,422,2,100,51,0,422,69983.77044510841
997,22.0,422,2,100,10,0,422,70061.79761791229
998,22.0,422,2,100,30,0,422,70157.71446800232
999,22.0,422,2,100,34,0,422,70256.59023404121
1000,22.0,422,2,100,82,0,422,70364.37792873383
1001,22.0,422,2,100,69,0,422,70439.23093366623
1002,22.0,422,2,100,12,0,422,70555.05899119377
1003,22.0,422,2,100,15,0,422,70642.19198417664
1004,22.0,422,2,100,52,0,422,70731.14722275734
1005,22.0,422,2,100,69,0,422,70783.48474574089
1006,22.0,422,2,100,46,0,422,70869.35204696655
1007,22.0,422,2,100,20,0,422,70960.35455489159
1008,22.0,422,2,100,99,0,422,71054.46277999878
1009,22.0,422,2,100,87,0,422,71123.3720126152
1010,22.0,422,2,100,13,0,422,71215.01384067535
1011,22.0,422,2,100,34,0,422,71306.96782064438
1012,22.0,422,2,100,34,0,422,71392.10756802559
1013,22.0,422,2,100,9,0,422,71487.40030837059
1014,22.0,422,2,100,9,0,422,71578.45918345451
1016,22.0,422,2,100,9,0,422,71780.65056371689
1017,22.0,422,2,100,70,0,422,71844.30049562454
1018,22.0,422,2,100,9,0,422,71888.25529003143
1019,22.0,422,2,100,58,0,422,71961.78433513641
1020,22.0,422,2,100,9,0,422,72063.03415369987
1021,22.0,422,2,100,9,0,422,72173.74608516693
1022,22.0,422,2,100,11,0,422,72269.16320014
1023,22.0,422,2,100,9,0,422,72366.4597389698
1024,22.0,422,2,100,9,0,422,72452.96584296227
1025,22.0,422,2,100,9,0,422,72558.62241458893
1026,22.0,422,2,100,9,0,422,72647.26100325584
1027,22.0,422,2,100,9,0,422,72766.75749278069
1028,22.0,422,2,100,9,0,422,72867.94181084633
1029,22.0,422,2,100,9,0,422,72959.3959505558
1030,22.0,422,2,100,99,0,422,73067.42569494247
1031,22.0,422,2,100,9,0,422,73159.51107978821
1033,22.0,422,2,100,9,0,422,73361.17587566376
1036,22.0,422,2,100,11,0,422,73655.33039999008
1040,-14.0,62,1,100,65,0,422,74081.97381448746
1042,22.0,422,2,100,79,0,422,74306.95789241791
1043,22.0,422,2,100,14,0,422,74403.82548189163
1050,-14.0,62,1,100,5,0,422,75147.92042684555
1051,22.0,422,2,100,11,0,422,75239.18844366074
1052,22.0,422,2,100,27,0,422,75336.68791723251
1054,22.0,422,2,100,40,0,422,75499.41271233559
1057,22.0,422,2,100,9,0,422,75755.56487798691
1060,-14.0,62,1,100,5,0,422,76065.24980330467
1061,22.0,422,2,100,11,0,422,76171.75295758247
1064,22.0,422,2,100,9,0,422,76425.9881746769
1065,22.0,422,2,100,9,0,422,76530.28457403183
1067,22.0,422,2,100,9,0,422,76742.64866375923
1068,22.0,422,2,100,93,0,422,76800.85657644272
1070,22.0,422,2,100,10,0,422,77011.08311200142
1072,22.0,422,2,100,56,0,422,77132.87766122818
1073,22.0,422,2,100,85,0,422,77182.40163493156
1074,22.0,422,2,100,72,0,422,77259.63148880005
1075,22.0,422,2,100,23,0,422,77329.8518371582
1076,22.0,422,2,100,60,0,422,77391.85609984398
1077,22.0,422,2,100,9,0,422,77478.17066121101
1079,22.0,422,2,100,56,0,422,77641.93078541756
1080,22.0,422,2,100,75,0,422,77713.44286894798
1082,22.0,422,2,100,100,0,422,77882.68848180771
1083,22.0,422,2,100,18,0,422,77979.50544953346
1084,22.0,422,2,100,13,0,422,78068.5095846653
1085,22.0,422,2,100,51,0,422,78157.92824745178
1086,22.0,422,2,100,35,0,422,78257.8069281578
1088,22.0,422,2,100,40,0,422,78483.17682695389
1089,22.0,422,2,100,15,0,422,78574.57738280296
1090,-14.0,62,1,100,11,0,422,78673.38031339645
1091,22.0,422,2,100,23,0,422,78762.73667788506
1092,22.0,422,2,100,10,0,422,78849.80342435837
1093,22.0,422,2,100,73,0,422,78951.51044726372
1094,22.0,422,2,100,22,0,422,79050.52725100517
1095,22.0,422,2,100,16,0,422,79154.38857316971
1096,22.0,422,2,100,9,0,422,79241.30327963829
1097,22.0,422,2,100,19,0,422,79330.48651099205
1098,22.0,422,2,100,9,0,422,79418.13437581062
1099,22.0,422,2,100,54,0,422,79516.35893583298
1100,22.0,422,2,100,9,0,422,79599.22217226028
1104,22.0,422,2,100,66,0,422,79971.27014565468
1105,22.0,422,2,100,9,0,422,80058.48596692085
1109,22.0,422,2,100,9,0,422,80450.84835505486
1110,-14.0,62,1,100,5,0,422,80543.3656449318
1111,22.0,422,2,100,34,0,422,80648.63341403008
1113,22.0,422,2,100,97,0,422,80808.92378091812
1114,22.0,422,2,100,19,0,422,80893.62611174583
1117,22.0,422,2,100,9,0,422,81169.74305725098
1118,22.0,422,2,100,36,0,422,81244.2138440609
1120,-14.0,62,1,100,5,0,422,81386.34372520447
1126,22.0,422,2,100,98,0,422,81929.21594929695
1127,22.0,422,2,100,60,0,422,82011.57335734367
1130,-14.0,62,1,100,29,0,422,82249.62769889832
1133,22.0,422,2,100,100,0,422,82547.15785431862
1134,22.0,422,2,100,9,0,422,82638.16832756996
1136,22.0,422,2,100,29,0,422,82824.0524930954
1137,22.0,422,2,100,31,0,422,82916.65271401405
1140,22.0,422,2,100,75,0,422,83200.24049949646
1141,22.0,422,2,100,9,0,422,83297.82204556465
1143,22.0,422,2,100,97,0,422,83494.92138981819
1147,22.0,422,2,100,9,0,422,83864.71943426132
1149,22.0,422,2,100,16,0,422,84059.09440302849
1150,-14.0,62,1,100,7,0,422,84158.3482542038
1158,22.0,422,2,100,9,0,422,84914.4586892128
1160,-14.0,62,1,100,5,0,422,85130.67882466316
1161,22.0,422,2,100,70,0,422,85232.27223038673
1163,22.0,422,2,100,9,0,422,85410.391466856
1164,22.0,422,2,100,91,0,422,85509.67056202888
1166,22.0,422,2,100,79,0,422,85695.98729205132
1167,22.0,422,2,100,9,0,422,85791.80339074135
1168,22.0,422,2,100,60,0,422,85900.72957205772
1170,22.0,422,2,100,45,0,422,86077.56440758705
1171,22.0,422,2,100,69,0,422,86162.38339996338
1179,22.0,422,2,100,98,0,422,86925.94330024719
1180,-14.0,62,1,100,5,0,422,87027.54154968262
1184,22.0,422,2,100,27,0,422,87379.99738907814
1190,22.0,422,2,100,35,0,422,87943.27649188042
1200,-14.0,62,1,100,82,0,422,88833.48829674721
1207,22.0,422,2,100,21,0,422,89549.1436123848
1210,-14.0,62,1,100,7,0,422,89829.10970640182
1212,22.0,422,2,100,25,0,422,90017.19065022469
1216,22.0,422,2,100,66,0,422,90410.73543667793
1218,22.0,422,2,100,43,0,422,90598.36088466644
1219,22.0,422,2,100,63,0,422,90703.14085364342
1220,-14.0,62,1,100,5,0,422,90815.36463594437
1221,22.0,422,2,100,22,0,422,90905.56943178177
1223,22.0,422,2,100,67,0,422,91104.91058945656
1224,22.0,422,2,100,30,0,422,91189.56919693947
1228,22.0,422,2,100,20,0,422,91595.01346898079
1230,-14.0,62,1,100,5,0,422,91811.09426760674
1231,22.0,422,2,100,92,0,422,91901.9929280281
1233,22.0,422,2,100,63,0,422,92087.17605948448
1234,22.0,422,2,100,41,0,422,92172.152333498
1235,22.0,422,2,100,34,0,422,92262.87719273567
1237,22.0,422,2,100,10,0,422,92415.03859949112
1238,22.0,422,2,100,24,0,422,92497.04537940025
1240,22.0,422,2,100,28,0,422,92663.83665394783
1243,22.0,422,2,100,12,0,422,92940.53414177895
1244,22.0,422,2,100,40,0,422,93024.35151648521
1245,22.0,422,2,100,31,0,422,93117.80796265602
1246,22.0,422,2,100,98,0,422,93197.45528650284
1247,22.0,422,2,100,9,0,422,93313.82480573654
1248,22.0,422,2,100,98,0,422,93412.07021641731
1249,22.0,422,2,100,61,0,422,93508.80968022346
1250,22.0,422,2,100,21,0,422,93606.19364666939
1251,22.0,422,2,100,92,0,422,93709.6694419384
1254,22.0,422,2,100,63,0,422,94052.53806757927
1257,22.0,422,2,100,9,0,422,94386.72425675392
1260,-14.0,62,1,100,5,0,422,94674.56900382042
1264,22.0,422,2,100,40,0,422,95095.18867588043
1270,-14.0,62,1,100,10,0,422,95709.99625468254
1271,22.0,422,2,100,91,0,422,95810.00083851814
1272,22.0,422,2,100,98,0,422,95882.92898488045
1273,22.0,422,2,100,9,0,422,95978.4449930191
1274,22.0,422,2,100,11,0,422,96068.65880322456
1275,22.0,422,2,100,22,0,422,96158.280428648
1278,22.0,422,2,100,67,0,422,96465.46150875092
1280,22.0,422,2,100,90,0,422,96678.7836227417
1282,22.0,422,2,100,77,0,422,96889.2086277008
1288,22.0,422,2,100,32,0,422,97583.23311185837
1289,22.0,422,2,100,30,0,422,97695.80290389061
1290,22.0,422,2,100,40,0,422,97802.14478182793
1295,22.0,422,2,100,9,0,422,98431.99038815498
1297,22.0,422,2,100,76,0,422,98632.51160740852
1298,22.0,422,2,100,9,0,422,98714.93887376785
1300,22.0,422,2,100,76,0,422,98931.67161917686
1303,22.0,422,2,100,29,0,422,99223.20638537407
1305,22.0,422,2,100,10,0,422,99385.45166993141
1308,22.0,422,2,100,58,0,422,99677.09334492683
1309,22.0,422,2,100,56,0,422,99781.96140360832
1310,-14.0,62,1,100,30,0,422,99882.95311570168
1320,-14.0,62,1,100,5,0,422,100943.54085683823
1330,-14.0,62,1,100,39,0,422,102243.66540551186
1340,-14.0,62,1,100,24,0,422,103601.78282475471
1350,-14.0,62,1,100,7,0,422,104624.97051143646
1353,22.0,422,2,100,64,0,422,104909.4607861042
1360,22.0,422,2,100,46,0,422,105563.49624347687
1362,22.0,422,2,100,29,0,422,105758.00125288963
1369,22.0,422,2,100,81,0,422,106482.14541482925
1370,-14.0,62,1,100,5,0,422,106605.71669960022
1371,22.0,422,2,100,33,0,422,106690.90504598618
1373,22.0,422,2,100,41,0,422,106864.7481803894
1380,-14.0,62,1,100,5,0,422,107556.54279661179
1382,22.0,422,2,100,66,0,422,107785.73347377777
1390,22.0,422,2,100,43,0,422,108643.78273200989
1392,22.0,422,2,100,37,0,422,108836.26958298683
1394,22.0,422,2,100,22,0,422,109041.98103618622
1396,22.0,422,2,100,58,0,422,109254.05937099457
1397,22.0,422,2,100,18,0,422,109344.56239700317
1398,22.0,422,2,100,26,0,422,109443.69381284714
1399,22.0,422,2,100,37,0,422,109535.49490904808
1400,22.0,422,2,100,66,0,422,109617.53741884232
1402,22.0,422,2,100,36,0,422,109802.61465239525
1403,22.0,422,2,100,91,0,422,109894.78426647186
1404,22.0,422,2,100,21,0,422,109962.27227306366
1405,22.0,422,2,100,33,0,422,110038.38445544243
1406,22.0,422,2,100,13,0,422,110134.58334445953
1407,22.0,422,2,100,19,0,422,110204.64703392982
1408,22.0,422,2,100,43,0,422,110299.19575881958
1410,22.0,422,2,100,91,0,422,110455.44889950752
1411,22.0,422,2,100,9,0,422,110546.5094730854
1412,22.0,422,2,100,64,0,422,110644.1903951168
1413,22.0,422,2,100,17,0,422,110730.79520773888
1415,22.0,422,2,100,13,0,422,110918.07032203674
1416,22.0,422,2,100,9,0,422,110999.94683146477
1418,22.0,422,2,100,18,0,422,111159.40299916267
1419,22.0,422,2,100,37,0,422,111259.33841633797
1420,22.0,422,2,100,55,0,422,111355.66907405853
1421,22.0,422,2,100,14,0,422,111448.94165921211
1422,22.0,422,2,100,92,0,422,111567.2395837307
1423,22.0,422,2,100,11,0,422,111676.95141148567
1424,22.0,422,2,100,9,0,422,111791.52112674713
1425,22.0,422,2,100,9,0,422,111897.17840766907
1426,22.0,422,2,100,9,0,422,112014.05963802338
1427,22.0,422,2,100,19,0,422,112109.37444615364
1428,22.0,422,2,100,9,0,422,112217.83555459976
1429,22.0,422,2,100,66,0,422,112341.62502455711
1430,22.0,422,2,100,11,0,422,112461.51089406013
1431,22.0,422,2,100,11,0,422,112554.31291031837
1432,22.0,422,2,100,83,0,422,112624.2807135582
1433,22.0,422,2,100,53,0,422,112707.08315992355
1434,22.0,422,2,100,13,0,422,112799.77156758308
1436,22.0,422,2,100,9,0,422,112998.52783370018
1437,22.0,422,2,100,79,0,422,113103.28000950813
1440,22.0,422,2,100,84,0,422,113431.4974617958
1441,22.0,422,2,100,69,0,422,113550.29205775261
1442,22.0,422,2,100,9,0,422,113652.416285038
1443,22.0,422,2,100,9,0,422,113771.53734207153
1444,22.0,422,2,100,100,0,422,113895.29958438873
1445,22.0,422,2,100,9,0,422,114005.8356142044
1446,22.0,422,2,100,17,0,422,114098.2087700367
1447,22.0,422,2,100,15,0,422,114201.56895399094
1449,22.0,422,2,100,72,0,422,114398.51394081116
1450,22.0,422,2,100,9,0,422,114494.94605278969
1451,22.0,422,2,100,21,0,422,114601.50485110283
1452,22.0,422,2,100,9,0,422,114699.83441996574
1453,22.0,422,2,100,10,0,422,114817.00804162025
1455,22.0,422,2,100,51,0,422,114998.94007968903
1456,22.0,422,2,100,88,0,422,115074.30267715454
1457,22.0,422,2,100,9,0,422,115172.99920296669
1458,22.0,422,2,100,83,0,422,115261.56375813484
1459,22.0,422,2,100,9,0,422,115378.9055147171
1460,-14.0,62,1,100,16,0,422,115446.47001886368
1462,22.0,422,2,100,40,0,422,115629.4759516716
1463,22.0,422,2,100,27,0,422,115717.80230426788
1465,22.0,422,2,100,26,0,422,115918.59671092033
1466,22.0,422,2,100,9,0,422,116015.31550312042
1468,22.0,422,2,100,9,0,422,116215.84799051285
1469,22.0,422,2,100,9,0,422,116312.10942268372
1470,22.0,422,2,100,9,0,422,116412.34720110893
1471,22.0,422,2,100,50,0,422,116517.84821867943
1474,22.0,422,2,100,35,0,422,116859.61124396324
1480,22.0,422,2,100,10,0,422,117441.29013109207
1485,22.0,422,2,100,9,0,422,117947.7858698368
1487,22.0,422,2,100,27,0,422,118128.85604095459
1488,22.0,422,2,100,28,0,422,118203.17537474632
1489,22.0,422,2,100,65,0,422,118309.05588030815
1490,22.0,422,2,100,53,0,422,118404.24316430092
1491,22.0,422,2,100,64,0,422,118493.9382917881
1492,22.0,422,2,100,54,0,422,118594.83714795113
1495,22.0,422,2,100,68,0,422,118879.7360970974
1497,22.0,422,2,100,24,0,422,119075.29431843758
1500,-14.0,62,1,100,13,0,422,119369.24857997894
1502,22.0,422,2,100,55,0,422,119566.45682191849
1503,22.0,422,2,100,9,0,422,119645.7556772232
1504,22.0,422,2,100,94,0,422,119732.88258433342
1505,22.0,422,2,100,82,0,422,119823.79406738281
1506,22.0,422,2,100,15,0,422,119923.05978035927
1507,22.0,422,2,100,77,0,422,120015.6600561142
1508,22.0,422,2,100,20,0,422,120116.6149187088
1509,22.0,422,2,100,36,0,422,120219.77551913261
1510,22.0,422,2,100,33,0,422,120322.95788216591
1511,22.0,422,2,100,60,0,422,120421.33734464645
1513,22.0,422,2,100,9,0,422,120621.09341859818
1514,22.0,422,2,100,40,0,422,120725.67313241959
1516,22.0,422,2,100,24,0,422,120932.02797365189
1517,22.0,422,2,100,29,0,422,121047.77343249321
1519,22.0,422,2,100,80,0,422,121264.62641644478
1520,-14.0,62,1,100,20,0,422,121386.84748649597
1521,22.0,422,2,100,13,0,422,121497.34106731415
1522,22.0,422,2,100,85,0,422,121618.44223213196
1523,22.0,422,2,100,12,0,422,121732.43457365036
1524,22.0,422,2,100,18,0,422,121838.19982552528
1525,22.0,422,2,100,19,0,422,121926.05359578133
1526,22.0,422,2,100,9,0,422,122039.30674099922
1527,22.0,422,2,100,11,0,422,122142.62438583374
1528,22.0,422,2,100,9,0,422,122252.9626584053
1529,22.0,422,2,100,9,0,422,122357.23502111435
1530,22.0,422,2,100,34,0,422,122462.3548848629
1531,22.0,422,2,100,21,0,422,122565.10317254066
1532,22.0,422,2,100,18,0,422,122657.89359927177
1533,22.0,422,2,100,9,0,422,122768.3190164566
1534,22.0,422,2,100,22,0,422,122892.52627539635
1535,22.0,422,2,100,9,0,422,122980.99265432358
1536,22.0,422,2,100,51,0,422,123081.84662103653
1537,22.0,422,2,100,47,0,422,123222.97506809235
1538,22.0,422,2,100,28,0,422,123331.11187767982
1539,22.0,422,2,100,36,0,422,123431.11414408684
1540,22.0,422,2,100,39,0,422,123541.78917765617
1541,22.0,422,2,100,79,0,422,123673.5666422844
1542,22.0,422,2,100,9,0,422,123784.6730082035
1543,22.0,422,2,100,75,0,422,123884.06554508209
1544,22.0,422,2,100,14,0,422,123975.3920686245
1545,22.0,422,2,100,9,0,422,124085.81421661377
1546,22.0,422,2,100,9,0,422,124196.63617444038
1547,22.0,422,2,100,27,0,422,124322.12830901146
1548,22.0,422,2,100,51,0,422,124426.23174142838
1549,22.0,422,2,100,9,0,422,124507.49119544029
1550,22.0,422,2,100,42,0,422,124612.15724873543
1551,22.0,422,2,100,10,0,422,124676.51519489288
1552,22.0,422,2,100,9,0,422,124760.66449141502
1553,22.0,422,2,100,61,0,422,124861.2344994545
1554,22.0,422,2,100,9,0,422,124958.35164237022
1555,22.0,422,2,100,20,0,422,125055.44228863716
1556,22.0,422,2,100,42,0,422,125156.04242444038
1557,22.0,422,2,100,9,0,422,125261.1538233757
1558,22.0,422,2,100,9,0,422,125351.42077207565
1559,22.0,422,2,100,9,0,422,125445.78173828125
1560,-14.0,62,1,100,14,0,422,125559.04203915596
1562,22.0,422,2,100,100,0,422,125817.45965600014
1563,22.0,422,2,100,64,0,422,125950.64717149734
1565,22.0,422,2,100,18,0,422,126161.8025856018
1566,22.0,422,2,100,9,0,422,126273.32609200478
1567,22.0,422,2,100,9,0,422,126396.66057300568
1568,22.0,422,2,100,9,0,422,126526.0903043747
1569,22.0,422,2,100,9,0,422,126580.8823852539
1570,22.0,422,2,100,9,0,422,126700.09773802757
1580,-14.0,62,1,100,22,0,422,127796.2992515564
1581,22.0,422,2,100,80,0,422,127903.65268206596
1585,22.0,422,2,100,57,0,422,128331.85764789581
1587,22.0,422,2,100,68,0,422,128528.62173223495
1589,22.0,422,2,100,24,0,422,128734.64346599579
1590,-14.0,62,1,100,5,0,422,128854.85192608833
1591,22.0,422,2,100,32,0,422,128948.46434855461
1596,22.0,422,2,100,87,0,422,129459.07622694969
1598,22.0,422,2,100,87,0,422,129684.97538685799
1599,22.0,422,2,100,15,0,422,129776.7214717865
1600,-14.0,62,1,100,5,0,422,129906.72041726112
1607,22.0,422,2,100,9,0,422,130609.35697436333
1608,22.0,422,2,100,44,0,422,130712.54440069199
1610,-14.0,62,1,100,5,0,422,130875.7172305584
1613,22.0,422,2,100,52,0,422,131144.5984313488
1617,22.0,422,2,100,71,0,422,131557.62741875648
1620,-14.0,62,1,100,43,0,422,131900.8365061283
1623,22.0,422,2,100,9,0,422,132278.87204742432
1624,22.0,422,2,100,9,0,422,132371.85322856903
1626,22.0,422,2,100,61,0,422,132602.9201002121
1627,22.0,422,2,100,98,0,422,132718.4946565628
1628,22.0,422,2,100,9,0,422,132824.12669730186
1629,22.0,422,2,100,25,0,422,132937.64184212685
1630,-50.0,-298,0,100,0,0,422,133036.42843461037
1631,22.0,422,2,100,78,0,422,133124.09973406792
1632,22.0,422,2,100,29,0,422,133202.12067174911
1633,22.0,422,2,100,48,0,422,133271.89550757408
1634,22.0,422,2,100,17,0,422,133375.78556275368
1635,22.0,422,2,100,35,0,422,133484.12336611748
1636,22.0,422,2,100,23,0,422,133574.1544625759
1637,22.0,422,2,100,18,0,422,133690.84504938126
1638,22.0,422,2,100,18,0,422,133784.34078335762
1640,22.0,422,2,100,92,0,422,134007.87296128273
1650,-14.0,62,1,100,49,0,422,135312.57202410698
1651,22.0,422,2,100,50,0,422,135425.32104992867
1653,22.0,422,2,100,9,0,422,135673.68148708344
1654,22.0,422,2,100,33,0,422,135774.3688838482
1655,22.0,422,2,100,96,0,422,135879.51513147354
1656,22.0,422,2,100,16,0,422,135986.21648597717
1657,22.0,422,2,100,9,0,422,136084.66460371017
1658,22.0,422,2,100,9,0,422,136165.12413954735
1659,22.0,422,2,100,9,0,422,136249.4563987255
1660,22.0,422,2,100,16,0,422,136334.02618455887
1664,22.0,422,2,100,9,0,422,136721.95970535278
1670,-14.0,62,1,100,5,0,422,137326.08512830734
1676,22.0,422,2,100,57,0,422,137956.15481877327
1680,-14.0,62,1,100,5,0,422,138354.1159362793
1682,22.0,422,2,100,29,0,422,138576.5963139534
1690,-14.0,62,1,100,5,0,422,139321.79960346222
1696,22.0,422,2,100,96,0,422,139854.0072414875
1700,-14.0,62,1,100,5,0,422,140225.09472060204
1704,22.0,422,2,100,45,0,422,140604.59822702408
1705,22.0,422,2,100,90,0,422,140706.55017518997
1707,22.0,422,2,100,31,0,422,140924.46273303032
1708,22.0,422,2,100,9,0,422,141010.74089431763
1709,22.0,422,2,100,84,0,422,141119.0156109333
1710,-14.0,62,1,100,21,0,422,141226.06428813934
1711,22.0,422,2,100,34,0,422,141298.52519273758
1712,22.0,422,2,100,26,0,422,141384.72842264175
1714,22.0,422,2,100,9,0,422,141575.84840488434
1715,22.0,422,2,100,98,0,422,141670.2918264866
1716,22.0,422,2,100,9,0,422,141762.14489126205
1717,22.0,422,2,100,58,0,422,141846.60275530815
1720,22.0,422,2,100,17,0,422,142105.62878751755
1721,22.0,422,2,100,68,0,422,142190.4741151333
1722,22.0,422,2,100,67,0,422,142251.6556186676
1723,22.0,422,2,100,60,0,422,142333.93159723282
1724,22.0,422,2,100,61,0,422,142416.07928586006
1725,22.0,422,2,100,82,0,422,142508.62465023994
1727,22.0,422,2,100,27,0,422,142639.64982628822
1729,22.0,422,2,100,73,0,422,142850.0464580059
1730,-50.0,-298,0,100,0,0,422,142898.2392065525
1731,22.0,422,2,100,77,0,422,142969.07767152786
1732,22.0,422,2,100,29,0,422,143073.6351659298
1733,22.0,422,2,100,11,0,422,143159.40188002586
1734,22.0,422,2,100,40,0,422,143270.93839931488
1735,22.0,422,2,100,10,0,422,143352.05833125114
1738,22.0,422,2,100,85,0,422,143650.32854366302
1739,22.0,422,2,100,9,0,422,143736.02552604675
1740,22.0,422,2,100,25,0,422,143816.5007596016
1741,22.0,422,2,100,11,0,422,143906.5096218586
1742,22.0,422,2,100,13,0,422,144004.18037939072
1743,22.0,422,2,100,58,0,422,144111.33884119987
1744,22.0,422,2,100,34,0,422,144180.33994293213
1745,22.0,422,2,100,9,0,422,144253.29197835922
1746,22.0,422,2,100,13,0,422,144359.73616051674
1747,22.0,422,2,100,39,0,422,144458.81072974205
1748,22.0,422,2,100,9,0,422,144558.47491765022
1749,22.0,422,2,100,9,0,422,144655.42666339874
1750,22.0,422,2,100,24,0,422,144763.071297884
1752,22.0,422,2,100,11,0,422,144962.3066265583
1754,22.0,422,2,100,13,0,422,145174.61475849152
1755,22.0,422,2,100,47,0,422,145275.34546756744
1756,22.0,422,2,100,63,0,422,145386.89176487923
1757,22.0,422,2,100,66,0,422,145507.2284450531
1758,22.0,422,2,100,57,0,422,145624.58264017105
1760,-14.0,62,1,100,9,0,422,145839.4330677986
1761,22.0,422,2,100,88,0,422,145951.87306261063
1763,22.0,422,2,100,46,0,422,146155.0372183323
1765,22.0,422,2,100,9,0,422,146336.5066125393
1766,22.0,422,2,100,47,0,422,146430.11227226257
1767,22.0,422,2,100,76,0,422,146504.99163222313
1768,22.0,422,2,100,9,0,422,146579.68024754524
1769,22.0,422,2,100,49,0,422,146671.9751830101
1770,22.0,422,2,100,59,0,422,146771.54097270966
1772,22.0,422,2,100,9,0,422,146974.69270205498
1773,22.0,422,2,100,67,0,422,147069.41689395905
1774,22.0,422,2,100,26,0,422,147176.32638692856
1775,22.0,422,2,100,9,0,422,147282.45794558525
1776,22.0,422,2,100,26,0,422,147347.5466246605
1777,22.0,422,2,100,37,0,422,147431.5082101822
1778,22.0,422,2,100,43,0,422,147515.16807889938
1779,22.0,422,2,100,63,0,422,147586.75913715363
1780,-14.0,62,1,100,6,0,422,147667.90605258942
1781,22.0,422,2,100,18,0,422,147746.59996271133
1782,22.0,422,2,100,57,0,422,147850.81940221786
1783,22.0,422,2,100,14,0,422,147934.27375411987
1784,22.0,422,2,100,9,0,422,148029.41054677963
1785,22.0,422,2,100,61,0,422,148131.85044264793
1786,22.0,422,2,100,36,0,422,148221.30739045143
1787,22.0,422,2,100,9,0,422,148327.96476316452
1788,22.0,422,2,100,23,0,422,148428.833111763
1789,22.0,422,2,100,29,0,422,148506.76679635048
1790,22.0,422,2,100,9,0,422,148583.8716840744
1791,22.0,422,2,100,18,0,422,148679.7164633274
1792,22.0,422,2,100,9,0,422,148831.34399104118
1793,22.0,422,2,100,27,0,422,148931.72211432457
1794,22.0,422,2,100,9,0,422,149031.49928975105
1795,22.0,422,2,100,36,0,422,149125.9378809929
1796,22.0,422,2,100,14,0,422,149231.84605503082
1797,22.0,422,2,100,11,0,422,149319.20811152458
1798,22.0,422,2,100,9,0,422,149412.80803465843
1799,22.0,422,2,100,9,0,422,149516.718978405
1800,22.0,422,2,100,12,0,422,149596.54068040848
1801,22.0,422,2,100,9,0,422,149679.97065758705
1802,22.0,422,2,100,10,0,422,149768.50450134277
1803,22.0,422,2,100,41,0,422,149833.09933686256
1804,22.0,422,2,100,50,0,422,149918.1697487831
1805,22.0,422,2,100,56,0,422,150013.8114953041
1806,22.0,422,2,100,25,0,422,150115.13990211487
1807,22.0,422,2,100,9,0,422,150211.30158782005
1808,22.0,422,2,100,79,0,422,150340.7777109146
1810,22.0,422,2,100,28,0,422,150521.624802351
1811,22.0,422,2,100,41,0,422,150622.87608504295
1813,22.0,422,2,100,75,0,422,150793.5654680729
1814,22.0,422,2,100,9,0,422,150902.20402669907
1815,22.0,422,2,100,30,0,422,151012.08582043648
1816,22.0,422,2,100,60,0,422,151123.4574213028
1819,22.0,422,2,100,35,0,422,151397.72884583473
1820,22.0,422,2,100,48,0,422,151494.57999181747
1821,22.0,422,2,100,83,0,422,151571.9280204773
1824,22.0,422,2,100,55,0,422,151864.67699694633
1825,22.0,422,2,100,65,0,422,151964.89746427536
1828,22.0,422,2,100,21,0,422,152304.01494050026
1830,-14.0,62,1,100,89,0,422,152560.05641222
1831,22.0,422,2,100,18,0,422,152685.14103889465
1833,22.0,422,2,100,81,0,422,152898.6314353943
1834,22.0,422,2,100,21,0,422,153018.79998588562
1835,22.0,422,2,100,93,0,422,153146.83480358124
1836,22.0,422,2,100,9,0,422,153280.080391407
1837,22.0,422,2,100,37,0,422,153389.25019788742
1838,22.0,422,2,100,17,0,422,153504.03178024292
1840,22.0,422,2,100,28,0,422,153734.81149315834
1841,22.0,422,2,100,9,0,422,153846.38258004189
1842,22.0,422,2,100,15,0,422,153950.14329648018
1845,22.0,422,2,100,39,0,422,154277.80385231972
1846,22.0,422,2,100,50,0,422,154382.07815098763
1848,22.0,422,2,100,94,0,422,154610.38762044907
1849,22.0,422,2,100,76,0,422,154732.07892394066
1850,-14.0,62,1,100,5,0,422,154847.06545448303
1851,22.0,422,2,100,93,0,422,154931.1868979931
1852,22.0,422,2,100,9,0,422,155050.20364809036
1854,22.0,422,2,100,98,0,422,155260.3828690052
1855,22.0,422,2,100,16,0,422,155351.65231084824
1857,22.0,422,2,100,9,0,422,155570.51217722893
1858,22.0,422,2,100,89,0,422,155669.42969942093
1860,-50.0,-298,0,100,0,0,422,155865.3226134777
1861,22.0,422,2,100,9,0,422,155954.66751122475
1864,22.0,422,2,100,20,0,422,156273.2642018795
1867,22.0,422,2,100,91,0,422,156599.0572912693
1870,22.0,422,2,100,76,0,422,156911.48371124268
1880,-50.0,-298,0,100,0,0,422,158047.19286203384
1881,22.0,422,2,100,39,0,422,158149.4821112156
1890,22.0,422,2,100,73,0,422,159151.4706940651
1891,22.0,422,2,100,22,0,422,159251.06334877014
1895,22.0,422,2,100,98,0,422,159671.6719238758
1900,-14.0,62,1,100,5,0,422,160192.97799420357
1910,-14.0,62,1,100,5,0,422,161132.80387187004
1913,22.0,422,2,100,76,0,422,161423.91860961914
1914,22.0,422,2,100,82,0,422,161515.756929636
1915,22.0,422,2,100,12,0,422,161607.68068885803
1916,22.0,422,2,100,65,0,422,161704.66368985176
1917,22.0,422,2,100,92,0,422,161810.88069415092
1918,22.0,422,2,100,9,0,422,161915.70860791206
1919,22.0,422,2,100,22,0,422,162010.71151447296
1920,22.0,422,2,100,64,0,422,162104.68489074707
1923,22.0,422,2,100,73,0,422,162308.92732572556
1925,22.0,422,2,100,9,0,422,162464.8372297287
1926,22.0,422,2,100,47,0,422,162560.65379309654
1928,22.0,422,2,100,32,0,422,162701.2992453575
1930,-14.0,62,1,100,5,0,422,162835.19556450844
1931,22.0,422,2,100,26,0,422,162939.5236055851
1933,22.0,422,2,100,40,0,422,163129.25448036194
1937,22.0,422,2,100,15,0,422,163475.88606095314
1938,22.0,422,2,100,82,0,422,163558.2278392315
1940,-14.0,62,1,100,5,0,422,163736.35597014427
1944,22.0,422,2,100,85,0,422,164133.9518518448
1945,22.0,422,2,100,9,0,422,164204.82541775703
1946,22.0,422,2,100,68,0,422,164297.0852329731
1950,22.0,422,2,100,92,0,422,164677.51240420341
1951,22.0,422,2,100,10,0,422,164751.29842281342
1960,-14.0,62,1,100,63,0,422,165606.66513228416
1961,22.0,422,2,100,44,0,422,165692.4010465145
1970,-14.0,62,1,100,5,0,422,166634.34480929375
1971,22.0,422,2,100,9,0,422,166736.46578860283
1980,-14.0,62,1,100,67,0,422,167755.21124768257
1990,-14.0,62,1,100,65,0,422,168930.81016016006
2000,-14.0,62,1,100,22,0,422,170005.94196772575
2010,-14.0,62,1,100,15,0,422,171169.83875513077
2014,22.0,422,2,100,10,0,422,171537.0918056965
2020,-14.0,62,1,100,5,0,422,172087.96277546883
2030,-14.0,62,1,100,61,0,422,173124.38938093185
2034,22.0,422,2,100,18,0,422,173505.04988479614
2036,22.0,422,2,100,30,0,422,173694.5209889412
2038,22.0,422,2,100,9,0,422,173902.18926477432
2040,-14.0,62,1,100,23,0,422,174078.34937405586
2050,-14.0,62,1,100,5,0,422,175106.10842561722
2057,22.0,422,2,100,59,0,422,175594.45706391335
2060,-14.0,62,1,100,19,0,422,175819.14846634865
2063,22.0,422,2,100,34,0,422,176097.67971420288
2067,22.0,422,2,100,32,0,422,176451.94527053833
2070,-14.0,62,1,100,82,0,422,176687.14480042458
2073,22.0,422,2,100,32,0,422,176971.71108484268
2075,22.0,422,2,100,46,0,422,177160.59886193275
2077,22.0,422,2,100,60,0,422,177395.16060829163
2078,22.0,422,2,100,33,0,422,177514.21899747849
2080,-14.0,62,1,100,24,0,422,177746.9346423149
2082,22.0,422,2,100,95,0,422,177947.93544197083
2084,22.0,422,2,100,97,0,422,178096.56359815598
2085,22.0,422,2,100,11,0,422,178170.00395035744
2090,22.0,422,2,100,70,0,422,178695.04596209526
2095,22.0,422,2,100,10,0,422,179188.41279244423
2100,22.0,422,2,100,84,0,422,179748.7652001381
2104,22.0,422,2,100,60,0,422,180196.6416079998
2105,22.0,422,2,100,49,0,422,180299.4065618515
2107,22.0,422,2,100,58,0,422,180484.54092097282
2110,-14.0,62,1,100,6,0,422,180755.56788659096
2111,22.0,422,2,100,16,0,422,180861.5267829895
2118,22.0,422,2,100,39,0,422,181594.50608491898
2120,22.0,422,2,100,53,0,422,181800.64312791824
2121,22.0,422,2,100,54,0,422,181909.80937981606
2124,22.0,422,2,100,10,0,422,182201.98902249336
2125,22.0,422,2,100,98,0,422,182290.24158143997
2128,22.0,422,2,100,63,0,422,182617.17729496956
2130,22.0,422,2,100,27,0,422,182770.76914572716
2133,22.0,422,2,100,9,0,422,183150.6154179573
2134,22.0,422,2,100,27,0,422,183272.69210863113
2137,22.0,422,2,100,21,0,422,183647.18241596222
2138,22.0,422,2,100,21,0,422,183761.53205513954
2140,22.0,422,2,100,40,0,422,184025.17326021194
2142,22.0,422,2,100,67,0,422,184246.1234910488
2143,22.0,422,2,100,56,0,422,184328.97644209862
2145,22.0,422,2,100,67,0,422,184526.11176085472
2149,22.0,422,2,100,77,0,422,184902.0316953659
2150,22.0,422,2,100,11,0,422,184991.42933440208
2155,22.0,422,2,100,9,0,422,185419.0782020092
2156,22.0,422,2,100,10,0,422,185526.5140376091
2159,22.0,422,2,100,33,0,422,185831.1852221489
2160,-14.0,62,1,100,5,0,422,185944.1824593544
2162,22.0,422,2,100,85,0,422,186158.0158407688
2163,22.0,422,2,100,73,0,422,186267.71041059494
2164,22.0,422,2,100,9,0,422,186371.05463409424
2166,22.0,422,2,100,55,0,422,186579.840113163
2167,22.0,422,2,100,59,0,422,186704.3722987175
2168,22.0,422,2,100,93,0,422,186801.15602183342
2169,22.0,422,2,100,9,0,422,186898.17322993279
2170,-14.0,62,1,100,58,0,422,186991.31563973427
2171,22.0,422,2,100,9,0,422,187080.26690530777
2173,22.0,422,2,100,10,0,422,187255.06597948074
2174,22.0,422,2,100,45,0,422,187313.69403648376
2175,22.0,422,2,100,49,0,422,187399.98547029495
2177,22.0,422,2,100,85,0,422,187591.9095747471
2180,-14.0,62,1,100,21,0,422,187893.16433501244
2181,22.0,422,2,100,29,0,422,187974.98509001732
2182,22.0,422,2,100,94,0,422,188057.59793114662
2183,22.0,422,2,100,49,0,422,188154.46414017677
2184,22.0,422,2,100,58,0,422,188249.5235850811
2185,22.0,422,2,100,60,0,422,188325.2446551323
2187,22.0,422,2,100,30,0,422,188437.6296877861
2188,22.0,422,2,100,9,0,422,188524.57015275955
2189,22.0,422,2,100,81,0,422,188593.61467051506
2190,22.0,422,2,100,23,0,422,188672.71993660927
2192,22.0,422,2,100,33,0,422,188865.66334748268
2193,22.0,422,2,100,9,0,422,188952.41068172455
2194,22.0,422,2,100,25,0,422,189049.5133740902
2195,22.0,422,2,100,9,0,422,189162.45196723938
2196,22.0,422,2,100,77,0,422,189276.84364748
2197,22.0,422,2,100,9,0,422,189387.84441447258
2198,22.0,422,2,100,50,0,422,189486.0361852646
2199,22.0,422,2,100,9,0,422,189599.01379609108
2200,22.0,422,2,100,81,0,422,189717.79371333122
2201,22.0,422,2,100,25,0,422,189819.4802918434
2202,22.0,422,2,100,9,0,422,189898.4433465004
2203,22.0,422,2,100,15,0,422,189973.90982413292
2204,22.0,422,2,100,15,0,422,190070.33298540115
2205,22.0,422,2,100,9,0,422,190150.27646946907
2206,22.0,422,2,100,9,0,422,190222.6479384899
2207,22.0,422,2,100,21,0,422,190336.17965602875
2208,22.0,422,2,100,51,0,422,190426.3466272354
2209,22.0,422,2,100,27,0,422,190519.44749855995
2210,22.0,422,2,100,75,0,422,190614.89552664757
2211,22.0,422,2,100,92,0,422,190706.33743214607
2212,22.0,422,2,100,11,0,422,190790.09047675133
2213,22.0,422,2,100,81,0,422,190903.98920178413
2214,22.0,422,2,100,15,0,422,191005.053399086
2215,22.0,422,2,100,9,0,422,191083.61969208717
2216,22.0,422,2,100,15,0,422,191174.8348751068
2217,22.0,422,2,100,49,0,422,191226.2960755825
2218,22.0,422,2,100,65,0,422,191306.56154751778
2219,22.0,422,2,100,9,0,422,191388.37565898895
2220,22.0,422,2,100,9,0,422,191473.16480731964
2221,22.0,422,2,100,9,0,422,191563.2180109024
2222,22.0,422,2,100,9,0,422,191673.96837615967
2223,22.0,422,2,100,11,0,422,191799.6490559578
2224,22.0,422,2,100,11,0,422,191867.50848650932
2225,22.0,422,2,100,60,0,422,191945.85122156143
2227,22.0,422,2,100,31,0,422,192105.05305242538
2228,22.0,422,2,100,55,0,422,192200.44516825676
2229,22.0,422,2,100,59,0,422,192276.30639529228
2230,22.0,422,2,100,9,0,422,192346.2712020874
2231,22.0,422,2,100,83,0,422,192411.86824178696
2232,22.0,422,2,100,9,0,422,192482.5886003971
2234,22.0,422,2,100,79,0,422,192639.58290219307
2235,22.0,422,2,100,9,0,422,192714.50231957436
2236,22.0,422,2,100,9,0,422,192822.9162750244
2237,22.0,422,2,100,78,0,422,192893.10968112946
2238,22.0,422,2,100,9,0,422,192981.11867928505
2239,22.0,422,2,100,12,0,422,193055.695291996
2240,22.0,422,2,100,9,0,422,193116.43418598175
2241,22.0,422,2,100,36,0,422,193234.51914405823
2242,22.0,422,2,100,9,0,422,193313.09847092628
2243,22.0,422,2,100,9,0,422,193368.463255167
2244,22.0,422,2,100,32,0,422,193427.0035302639
2245,22.0,422,2,100,10,0,422,193524.00761079788
2246,22.0,422,2,100,9,0,422,193584.67314743996
2247,22.0,422,2,100,9,0,422,193667.8219718933
2248,22.0,422,2,100,69,0,422,193759.36963176727
2249,22.0,422,2,100,9,0,422,193854.88959479332
2250,22.0,422,2,100,66,0,422,193921.05582118034
2251,22.0,422,2,100,19,0,422,194028.93547654152
2252,22.0,422,2,100,9,0,422,194104.7457461357
2253,22.0,422,2,100,36,0,422,194193.51331853867
2254,22.0,422,2,100,34,0,422,194301.94421505928
2255,22.0,422,2,100,9,0,422,194405.0261747837
2256,22.0,422,2,100,35,0,422,194512.07650661469
2257,22.0,422,2,100,20,0,422,194611.50569963455
2258,22.0,422,2,100,9,0,422,194712.17890381813
2259,22.0,422,2,100,9,0,422,194794.03680872917
2260,22.0,422,2,100,9,0,422,194862.7095401287
2261,22.0,422,2,100,30,0,422,194946.8066983223
2263,22.0,422,2,100,36,0,422,195170.45327568054
2266,22.0,422,2,100,45,0,422,195465.728556633
2267,22.0,422,2,100,71,0,422,195564.28933763504
2268,22.0,422,2,100,84,0,422,195681.63454771042
2269,22.0,422,2,100,11,0,422,195762.19830918312
2270,22.0,422,2,100,29,0,422,195855.8386440277
2272,22.0,422,2,100,10,0,422,196108.01440167427
2274,22.0,422,2,100,24,0,422,196347.70529961586
2276,22.0,422,2,100,28,0,422,196560.32677817345
2277,22.0,422,2,100,12,0,422,196662.78150463104
2279,22.0,422,2,100,9,0,422,196835.31661987305
2280,-50.0,-298,0,100,0,0,422,196933.59464883804
2281,22.0,422,2,100,41,0,422,197022.7037346363
2282,22.0,422,2,100,45,0,422,197120.717335701
2283,22.0,422,2,100,10,0,422,197223.90901827812
2284,22.0,422,2,100,16,0,422,197332.78696608543
2285,22.0,422,2,100,9,0,422,197429.60331773758
2286,22.0,422,2,100,9,0,422,197537.95907139778
2287,22.0,422,2,100,20,0,422,197609.66642427444
2288,22.0,422,2,100,30,0,422,197688.03870415688
2289,22.0,422,2,100,61,0,422,197767.81071805954
2290,22.0,422,2,100,59,0,422,197820.72379732132
2291,22.0,422,2,100,9,0,422,197930.8010430336
2292,22.0,422,2,100,60,0,422,198034.27593922615
2293,22.0,422,2,100,10,0,422,198138.8292851448
2294,22.0,422,2,100,13,0,422,198265.55791783333
2295,22.0,422,2,100,20,0,422,198353.48515582085
2296,22.0,422,2,100,9,0,422,198474.45243811607
2297,22.0,422,2,100,42,0,422,198585.41019582748
2298,22.0,422,2,100,54,0,422,198671.35840034485
2299,22.0,422,2,100,50,0,422,198747.51456928253
2300,22.0,422,2,100,16,0,422,198850.68157625198
2301,22.0,422,2,100,25,0,422,198945.80343937874
2303,22.0,422,2,100,9,0,422,199175.75979804993
2304,22.0,422,2,100,44,0,422,199278.89913916588
2306,22.0,422,2,100,12,0,422,199501.69039463997
2307,22.0,422,2,100,9,0,422,199616.909273386
2308,22.0,422,2,100,18,0,422,199694.450432539
2309,22.0,422,2,100,61,0,422,199813.31823515892
2310,-50.0,-298,0,100,0,0,422,199945.30218410492
2311,22.0,422,2,100,18,0,422,200037.29633021355
2312,22.0,422,2,100,9,0,422,200153.8212478161
2313,22.0,422,2,100,100,0,422,200269.57855010033
2314,22.0,422,2,100,9,0,422,200391.5805120468
2315,22.0,422,2,100,89,0,422,200507.30620861053
2316,22.0,422,2,100,9,0,422,200633.15308594704
2317,22.0,422,2,100,56,0,422,200742.768958807
2318,22.0,422,2,100,9,0,422,200834.16441631317
2320,22.0,422,2,100,14,0,422,201064.3627576828
2321,22.0,422,2,100,14,0,422,201161.95107984543
2322,22.0,422,2,100,11,0,422,201251.5235080719
2323,22.0,422,2,100,48,0,422,201378.2895681858
2324,22.0,422,2,100,9,0,422,201497.51337194443
2328,22.0,422,2,100,12,0,422,201956.72191023827
2329,22.0,422,2,100,99,0,422,202065.5877187252
2330,-50.0,-298,0,100,0,0,422,202181.48435735703
2331,22.0,422,2,100,9,0,422,202301.23519158363
2332,22.0,422,2,100,59,0,422,202419.56010222435
2333,22.0,422,2,100,59,0,422,202538.53275752068
2334,22.0,422,2,100,9,0,422,202634.1736369133
2336,22.0,422,2,100,16,0,422,202858.90015816689
2337,22.0,422,2,100,24,0,422,202961.59778094292
2339,22.0,422,2,100,81,0,422,203174.41447257996
2340,22.0,422,2,100,10,0,422,203277.44672489166
2341,22.0,422,2,100,9,0,422,203389.65051531792
2342,22.0,422,2,100,42,0,422,203492.72578716278
2343,22.0,422,2,100,28,0,422,203597.73794722557
2344,22.0,422,2,100,9,0,422,203704.7224366665
2345,22.0,422,2,100,46,0,422,203794.94738340378
2346,22.0,422,2,100,39,0,422,203905.07403421402
2347,22.0,422,2,100,35,0,422,204006.05835413933
2349,22.0,422,2,100,58,0,422,204271.43258690834
2350,-14.0,62,1,100,57,0,422,204405.2503156662
2351,22.0,422,2,100,43,0,422,204511.75395083427
2352,22.0,422,2,100,9,0,422,204617.58175992966
2353,22.0,422,2,100,10,0,422,204689.61483502388
2354,22.0,422,2,100,18,0,422,204784.6030139923
2356,22.0,422,2,100,9,0,422,204960.19023227692
2357,22.0,422,2,100,36,0,422,205069.48964715004
2358,22.0,422,2,100,9,0,422,205181.8226058483
2359,22.0,422,2,100,20,0,422,205262.66727232933
2360,22.0,422,2,100,17,0,422,205353.77024388313
2362,22.0,422,2,100,9,0,422,205499.13474345207
2363,22.0,422,2,100,38,0,422,205596.83236598969
2364,22.0,422,2,100,44,0,422,205701.06511807442
2365,22.0,422,2,100,14,0,422,205797.80743169785
2366,22.0,422,2,100,40,0,422,205865.19514417648
2367,22.0,422,2,100,27,0,422,205949.5733270645
2368,22.0,422,2,100,13,0,422,206053.08178806305
2369,22.0,422,2,100,9,0,422,206150.2157292366
2370,22.0,422,2,100,12,0,422,206237.72381019592
2372,22.0,422,2,100,10,0,422,206469.5662317276
2373,22.0,422,2,100,52,0,422,206570.66124725342
2374,22.0,422,2,100,9,0,422,206677.05253481865
2376,22.0,422,2,100,88,0,422,206920.88049960136
2377,22.0,422,2,100,10,0,422,207026.5663626194
2378,22.0,422,2,100,48,0,422,207130.85351252556
2379,22.0,422,2,100,29,0,422,207235.6920592785
2380,-50.0,-298,0,100,0,0,422,207335.16299009323
2381,22.0,422,2,100,9,0,422,207446.8507938385
2382,22.0,422,2,100,9,0,422,207549.5388431549
2384,22.0,422,2,100,27,0,422,207723.81132388115
2385,22.0,422,2,100,23,0,422,207821.88716173172
2386,22.0,422,2,100,9,0,422,207905.27897191048
2387,22.0,422,2,100,96,0,422,207999.6455295086
2388,22.0,422,2,100,12,0,422,208094.6602253914
2389,22.0,422,2,100,14,0,422,208193.62595534325
2390,22.0,422,2,100,9,0,422,208291.41996145248
2391,22.0,422,2,100,15,0,422,208399.76291441917
2392,22.0,422,2,100,97,0,422,208475.80609750748
2393,22.0,422,2,100,9,0,422,208571.31049132347
2394,22.0,422,2,100,71,0,422,208671.54453372955
2396,22.0,422,2,100,90,0,422,208866.42792868614
2397,22.0,422,2,100,9,0,422,208993.27715039253
2400,22.0,422,2,100,38,0,422,209341.0798585415
2401,22.0,422,2,100,9,0,422,209478.72480034828
2402,22.0,422,2,100,9,0,422,209592.3813586235
2404,22.0,422,2,100,21,0,422,209850.6151661873
2405,22.0,422,2,100,9,0,422,209954.68108415604
2410,22.0,422,2,100,9,0,422,210589.05505132675
2411,22.0,422,2,100,29,0,422,210687.70561647415
2412,22.0,422,2,100,93,0,422,210807.74630999565
2413,22.0,422,2,100,9,0,422,210897.5301616192
2414,22.0,422,2,100,48,0,422,211001.235352993
2416,22.0,422,2,100,55,0,422,211230.18580842018
2417,22.0,422,2,100,96,0,422,211342.8409693241
2418,22.0,422,2,100,9,0,422,211450.83678936958
2420,-14.0,62,1,100,9,0,422,211651.88052749634
2421,22.0,422,2,100,25,0,422,211744.28395938873
2422,22.0,422,2,100,24,0,422,211833.45427966118
2423,22.0,422,2,100,9,0,422,211934.88380646706
2425,22.0,422,2,100,48,0,422,212118.83933663368
2427,22.0,422,2,100,71,0,422,212285.46710038185
2428,22.0,422,2,100,48,0,422,212393.45848822594
2429,22.0,422,2,100,72,0,422,212506.25292229652
2430,22.0,422,2,100,9,0,422,212603.21116399765
2437,22.0,422,2,100,9,0,422,213384.64658737183
2439,22.0,422,2,100,81,0,422,213592.72290492058
2440,22.0,422,2,100,9,0,422,213680.47165584564
2441,22.0,422,2,100,20,0,422,213779.03729605675
2443,22.0,422,2,100,64,0,422,213995.18536829948
2444,22.0,422,2,100,93,0,422,214094.29366087914
2446,22.0,422,2,100,64,0,422,214332.1359398365
2448,22.0,422,2,100,31,0,422,214574.49989748
2450,22.0,422,2,100,49,0,422,214808.0007970333
2451,22.0,422,2,100,58,0,422,214893.40402078629
2452,22.0,422,2,100,41,0,422,215012.00686907768
2454,22.0,422,2,100,10,0,422,215217.05741500854
2458,22.0,422,2,100,14,0,422,215644.4986357689
2459,22.0,422,2,100,9,0,422,215764.27103590965
2460,-14.0,62,1,100,5,0,422,215905.33418226242
2462,22.0,422,2,100,53,0,422,216127.34145712852
2463,22.0,422,2,100,57,0,422,216255.06734967232
2464,22.0,422,2,100,45,0,422,216360.66209840775
2466,22.0,422,2,100,31,0,422,216598.36909985542
2467,22.0,422,2,100,50,0,422,216704.57663488388
2468,22.0,422,2,100,74,0,422,216811.26236367226
2470,22.0,422,2,100,58,0,422,217043.19649147987
2472,22.0,422,2,100,9,0,422,217245.61402750015
2473,22.0,422,2,100,19,0,422,217350.07930326462
2475,22.0,422,2,100,32,0,422,217588.04378390312
2476,22.0,422,2,100,39,0,422,217703.02688074112
2477,22.0,422,2,100,39,0,422,217804.91519522667
2478,22.0,422,2,100,18,0,422,217909.49633073807
2479,22.0,422,2,100,19,0,422,217998.87722730637
2480,22.0,422,2,100,44,0,422,218110.40350079536
2482,22.0,422,2,100,9,0,422,218330.4800157547
2489,22.0,422,2,100,26,0,422,219050.8522117138
2490,-14.0,62,1,100,7,0,422,219133.24798750877
2491,22.0,422,2,100,64,0,422,219229.04410791397
2493,22.0,422,2,100,24,0,422,219438.1197361946
2494,22.0,422,2,100,9,0,422,219534.34634804726
2500,-14.0,62,1,100,5,0,422,220091.33900213242
2510,-14.0,62,1,100,21,0,422,221043.41604685783
2520,-14.0,62,1,100,5,0,422,222048.0205898285
2525,22.0,422,2,100,66,0,422,222535.73888921738
2527,22.0,422,2,100,9,0,422,222708.69089484215
2529,22.0,422,2,100,51,0,422,222864.43577075005
2530,22.0,422,2,100,48,0,422,222958.71138882637
2533,22.0,422,2,100,10,0,422,223246.53225278854
2534,22.0,422,2,100,56,0,422,223359.43704771996
2540,-14.0,62,1,100,27,0,422,224113.84595012665
2550,22.0,422,2,100,9,0,422,225384.75358700752
2560,22.0,422,2,100,78,0,422,226406.67445516586
2562,22.0,422,2,100,78,0,422,226607.93070602417
2563,22.0,422,2,100,17,0,422,226705.11985874176
2565,22.0,422,2,100,60,0,422,226897.66959953308
2570,22.0,422,2,100,89,0,422,227407.17474508286
2575,22.0,422,2,100,37,0,422,227977.62072253227
2579,22.0,422,2,100,93,0,422,228471.2217645645
2580,22.0,422,2,100,36,0,422,228582.65365099907
2582,22.0,422,2,100,9,0,422,228753.86271691322
2583,22.0,422,2,100,9,0,422,228860.13834404945
2584,22.0,422,2,100,82,0,422,228951.00378346443
2585,22.0,422,2,100,58,0,422,229015.60358858109
2586,22.0,422,2,100,27,0,422,229108.7839832306
2588,22.0,422,2,100,94,0,422,229267.45081186295
2589,22.0,422,2,100,11,0,422,229361.00862932205
2590,-14.0,62,1,100,8,0,422,229458.40442419052
2593,22.0,422,2,100,49,0,422,229687.08564853668
2600,-14.0,62,1,100,37,0,422,230318.04839015007
2602,22.0,422,2,100,47,0,422,230512.1724946499
2603,22.0,422,2,100,23,0,422,230585.14430832863
2604,22.0,422,2,100,10,0,422,230687.25135707855
2605,22.0,422,2,100,48,0,422,230778.08765530586
2606,22.0,422,2,100,9,0,422,230853.19986081123
2607,22.0,422,2,100,66,0,422,230924.30380535126
2608,22.0,422,2,100,18,0,422,231025.75846767426
2609,22.0,422,2,100,34,0,422,231117.57891011238
2610,22.0,422,2,100,16,0,422,231219.7455060482
2611,22.0,422,2,100,25,0,422,231314.46705961227
2617,22.0,422,2,100,54,0,422,231871.44809865952
2618,22.0,422,2,100,64,0,422,231971.4672343731
2620,-14.0,62,1,100,31,0,422,232172.16424298286
2622,22.0,422,2,100,47,0,422,232401.03640151024
2624,22.0,422,2,100,13,0,422,232612.0884153843
2625,22.0,422,2,100,9,0,422,232715.6151881218
2630,-50.0,-298,0,100,0,0,422,233238.04980659485
2634,22.0,422,2,100,22,0,422,233625.59892058372
2635,22.0,422,2,100,9,0,422,233734.08323550224
2636,22.0,422,2,100,28,0,422,233837.31923747063
2637,22.0,422,2,100,98,0,422,233957.95338964462
2638,22.0,422,2,100,34,0,422,234066.29168891907
2639,22.0,422,2,100,10,0,422,234159.5575323105
2640,22.0,422,2,100,9,0,422,234243.52016472816
2641,22.0,422,2,100,28,0,422,234339.57468295097
2642,22.0,422,2,100,33,0,422,234442.91572618484
2643,22.0,422,2,100,39,0,422,234538.07018756866
2646,22.0,422,2,100,99,0,422,234871.8372282982
2647,22.0,422,2,100,99,0,422,234962.01956510544
2649,22.0,422,2,100,53,0,422,235147.76321864128
2650,-14.0,62,1,100,38,0,422,235235.43880081177
2653,22.0,422,2,100,72,0,422,235507.68374109268
2654,22.0,422,2,100,86,0,422,235561.97980594635
2655,22.0,422,2,100,71,0,422,235665.58437919617
2656,22.0,422,2,100,61,0,422,235752.4223999977
2657,22.0,422,2,100,41,0,422,235869.35184907913
2658,22.0,422,2,100,60,0,422,235972.2396569252
2659,22.0,422,2,100,72,0,422,236088.2889995575
2660,22.0,422,2,100,99,0,422,236198.51548957825
2661,22.0,422,2,100,11,0,422,236310.8427245617
2662,22.0,422,2,100,9,0,422,236422.96876859665
2663,22.0,422,2,100,14,0,422,236521.9027853012
2664,22.0,422,2,100,32,0,422,236610.0029194355
2665,22.0,422,2,100,41,0,422,236701.60017085075
2666,22.0,422,2,100,86,0,422,236823.26070833206
2667,22.0,422,2,100,62,0,422,236897.1185555458
2668,22.0,422,2,100,12,0,422,236995.94391274452
2669,22.0,422,2,100,74,0,422,237089.30440163612
2670,22.0,422,2,100,55,0,422,237177.46591472626
2671,22.0,422,2,100,26,0,422,237253.6773607731
2672,22.0,422,2,100,9,0,422,237358.81275606155
2673,22.0,422,2,100,60,0,422,237474.2457356453
2674,22.0,422,2,100,37,0,422,237553.08608102798
2675,22.0,422,2,100,65,0,422,237625.95500087738
2677,22.0,422,2,100,39,0,422,237815.39510393143
2678,22.0,422,2,100,49,0,422,237903.93854618073
2679,22.0,422,2,100,37,0,422,237999.25419569016
2680,22.0,422,2,100,35,0,422,238112.1736240387
2681,22.0,422,2,100,43,0,422,238206.20012068748
2682,22.0,422,2,100,30,0,422,238300.34073996544
2683,22.0,422,2,100,29,0,422,238395.78757429123
2684,22.0,422,2,100,54,0,422,238479.36597633362
2685,22.0,422,2,100,62,0,422,238576.10257935524
2686,22.0,422,2,100,9,0,422,238660.03979158401
2687,22.0,422,2,100,9,0,422,238742.84729862213
2688,22.0,422,2,100,17,0,422,238828.09133672714
2689,22.0,422,2,100,36,0,422,238913.1718480587
2690,22.0,422,2,100,9,0,422,239032.23862171173
2691,22.0,422,2,100,14,0,422,239127.7296948433
2692,22.0,422,2,100,9,0,422,239222.37025666237
2693,22.0,422,2,100,45,0,422,239311.69080615044
2694,22.0,422,2,100,20,0,422,239405.44866538048
2695,22.0,422,2,100,77,0,422,239505.87348914146
2696,22.0,422,2,100,15,0,422,239592.2376654148
2697,22.0,422,2,100,9,0,422,239699.56820821762
2698,22.0,422,2,100,79,0,422,239793.0600552559
2699,22.0,422,2,100,72,0,422,239894.5754570961
2700,22.0,422,2,100,9,0,422,239988.10120892525
2701,22.0,422,2,100,68,0,422,240078.92854452133
2702,22.0,422,2,100,9,0,422,240180.92567253113
2703,22.0,422,2,100,15,0,422,240290.7937321663
2704,22.0,422,2,100,9,0,422,240394.17055392265
2705,22.0,422,2,100,96,0,422,240503.9852795601
2707,22.0,422,2,100,9,0,422,240707.21695637703
2708,22.0,422,2,100,9,0,422,240815.71515655518
2709,22.0,422,2,100,12,0,422,240924.4027762413
2710,22.0,422,2,100,90,0,422,241040.32463884354
2711,22.0,422,2,100,9,0,422,241142.59991693497
2712,22.0,422,2,100,62,0,422,241251.83601498604
2713,22.0,422,2,100,98,0,422,241376.35924005508
2714,22.0,422,2,100,11,0,422,241472.14095759392
2716,22.0,422,2,100,27,0,422,241681.31392478943
2717,22.0,422,2,100,38,0,422,241789.66543865204
2718,22.0,422,2,100,19,0,422,241857.74072408676
2719,22.0,422,2,100,26,0,422,241971.99346470833
2720,22.0,422,2,100,24,0,422,242058.76617598534
2721,22.0,422,2,100,53,0,422,242140.46709513664
2722,22.0,422,2,100,21,0,422,242229.43634319305
2727,22.0,422,2,100,82,0,422,242705.91952252388
2728,22.0,422,2,100,9,0,422,242795.68759274483
2730,22.0,422,2,100,93,0,422,242952.1878039837
2731,22.0,422,2,100,9,0,422,243052.8005449772
2732,22.0,422,2,100,9,0,422,243139.49213624
2733,22.0,422,2,100,9,0,422,243207.57298636436
2734,22.0,422,2,100,23,0,422,243301.92870879173
2735,22.0,422,2,100,9,0,422,243378.24844670296
2736,22.0,422,2,100,53,0,422,243457.81714844704
2737,22.0,422,2,100,9,0,422,243553.44933700562
2738,22.0,422,2,100,12,0,422,243653.77412819862
2739,22.0,422,2,100,28,0,422,243752.6232392788
2740,22.0,422,2,100,12,0,422,243847.96906542778
2742,22.0,422,2,100,54,0,422,244021.05258059502
2743,22.0,422,2,100,19,0,422,244122.97034740448
2744,22.0,422,2,100,40,0,422,244222.42671608925
2745,22.0,422,2,100,80,0,422,244298.68278265
2746,22.0,422,2,100,10,0,422,244407.06998372078
2747,22.0,422,2,100,36,0,422,244513.03964591026
2748,22.0,422,2,100,53,0,422,244617.97252893448
2749,22.0,422,2,100,9,0,422,244706.13187742233
2750,22.0,422,2,100,44,0,422,244815.65976929665
2751,22.0,422,2,100,9,0,422,244934.09880757332
2752,22.0,422,2,100,9,0,422,245006.67216825485
2753,22.0,422,2,100,11,0,422,245091.62796998024
2754,22.0,422,2,100,32,0,422,245177.9891884327
2755,22.0,422,2,100,11,0,422,245255.43468689919
2756,22.0,422,2,100,19,0,422,245345.3001203537
2757,22.0,422,2,100,9,0,422,245440.60525226593
2758,22.0,422,2,100,36,0,422,245522.98748779297
2759,22.0,422,2,100,46,0,422,245624.21916508675
2760,-14.0,62,1,100,5,0,422,245710.12576031685
2761,22.0,422,2,100,87,0,422,245800.99554729462
2762,22.0,422,2,100,9,0,422,245892.7347126007
2763,22.0,422,2,100,9,0,422,245969.58542966843
2764,22.0,422,2,100,66,0,422,246051.93692970276
2765,22.0,422,2,100,9,0,422,246142.32449698448
2767,22.0,422,2,100,9,0,422,246319.48450756073
2768,22.0,422,2,100,48,0,422,246403.1955575943
2770,22.0,422,2,100,13,0,422,246571.14962267876
2772,22.0,422,2,100,54,0,422,246747.2907283306
2780,-14.0,62,1,100,91,0,422,247756.01830911636
2790,22.0,422,2,100,47,0,422,248985.00630283356
2791,22.0,422,2,100,9,0,422,249079.712805748
2792,22.0,422,2,100,16,0,422,249196.72797584534
2793,22.0,422,2,100,61,0,422,249315.61078500748
2794,22.0,422,2,100,62,0,422,249419.60315585136
2795,22.0,422,2,100,31,0,422,249518.70409846306
2796,22.0,422,2,100,43,0,422,249642.94269108772
2797,22.0,422,2,100,9,0,422,249745.91712880135
2798,22.0,422,2,100,27,0,422,249822.16841483116
2800,22.0,422,2,100,63,0,422,249994.00971603394
2802,22.0,422,2,100,14,0,422,250184.05643057823
2803,22.0,422,2,100,55,0,422,250279.20131897926
2805,22.0,422,2,100,13,0,422,250468.59305644035
2806,22.0,422,2,100,37,0,422,250569.38132953644
2807,22.0,422,2,100,59,0,422,250662.81418538094
2809,22.0,422,2,100,9,0,422,250865.69480466843
2810,22.0,422,2,100,9,0,422,250944.3836760521
2811,22.0,422,2,100,19,0,422,251037.81462454796
2812,22.0,422,2,100,9,0,422,251135.42113518715
2813,22.0,422,2,100,9,0,422,251256.34450984
2814,22.0,422,2,100,9,0,422,251385.65394186974
2815,22.0,422,2,100,63,0,422,251504.73250365257
2816,22.0,422,2,100,9,0,422,251610.31018686295
2817,22.0,422,2,100,10,0,422,251711.40820264816
2818,22.0,422,2,100,19,0,422,251816.43892383575
2819,22.0,422,2,100,10,0,422,251917.86351776123
2820,22.0,422,2,100,9,0,422,252018.35119652748
2821,22.0,422,2,100,9,0,422,252104.76949501038
2822,22.0,422,2,100,10,0,422,252200.61563897133
2823,22.0,422,2,100,11,0,422,252295.56220555305
2824,22.0,422,2,100,51,0,422,252388.24944329262
2825,22.0,422,2,100,50,0,422,252476.88575863838
2826,22.0,422,2,100,37,0,422,252565.79519987106
2827,22.0,422,2,100,10,0,422,252662.60227441788
2828,22.0,422,2,100,9,0,422,252785.24713611603
2829,22.0,422,2,100,32,0,422,252884.10535144806
2830,22.0,422,2,100,11,0,422,252985.0694580078
2831,22.0,422,2,100,76,0,422,253074.01691269875
2833,22.0,422,2,100,9,0,422,253267.30833554268
2834,22.0,422,2,100,19,0,422,253371.59838485718
2835,22.0,422,2,100,22,0,422,253480.10846090317
2836,22.0,422,2,100,45,0,422,253568.30062413216
2837,22.0,422,2,100,11,0,422,253678.33074712753
2840,22.0,422,2,100,19,0,422,254010.77829432487
2841,22.0,422,2,100,55,0,422,254140.13604164124
2843,22.0,422,2,100,46,0,422,254353.38591766357
2844,22.0,422,2,100,9,0,422,254447.4888842106
2845,22.0,422,2,100,54,0,422,254552.97630476952
2846,22.0,422,2,100,9,0,422,254650.8329553604
2847,22.0,422,2,100,47,0,422,254747.4172065258
2848,22.0,422,2,100,19,0,422,254843.1987388134
2849,22.0,422,2,100,73,0,422,254938.28829312325
2850,22.0,422,2,100,16,0,422,255039.40943861008
2851,22.0,422,2,100,9,0,422,255146.0482275486
2852,22.0,422,2,100,9,0,422,255249.35434818268
2853,22.0,422,2,100,13,0,422,255344.3989958763
2854,22.0,422,2,100,9,0,422,255440.95663428307
2855,22.0,422,2,100,9,0,422,255533.4558315277
2856,22.0,422,2,100,9,0,422,255609.4299273491
2857,22.0,422,2,100,9,0,422,255708.87592625618
2858,22.0,422,2,100,9,0,422,255799.1982474327
2859,22.0,422,2,100,26,0,422,255904.06766986847
2860,22.0,422,2,100,98,0,422,256006.24439144135
2861,22.0,422,2,100,9,0,422,256114.2219336033
2862,22.0,422,2,100,21,0,422,256201.71367168427
2863,22.0,422,2,100,32,0,422,256293.1580581665
2864,22.0,422,2,100,9,0,422,256391.05022501945
2865,22.0,422,2,100,45,0,422,256496.77231049538
2866,22.0,422,2,100,9,0,422,256585.1309158802
2867,22.0,422,2,100,26,0,422,256679.59043073654
2868,22.0,422,2,100,23,0,422,256779.05005574226
2869,22.0,422,2,100,38,0,422,256881.18393421173
2870,22.0,422,2,100,9,0,422,256984.7267756462
2871,22.0,422,2,100,84,0,422,257076.06385827065
2872,22.0,422,2,100,22,0,422,257194.25133419037
2876,22.0,422,2,100,9,0,422,257671.5829823017
2877,22.0,422,2,100,45,0,422,257760.0818400383
2879,22.0,422,2,100,9,0,422,257983.3632581234
2880,-14.0,62,1,100,81,0,422,258060.1185503006
2881,22.0,422,2,100,26,0,422,258161.12183833122
2882,22.0,422,2,100,83,0,422,258264.5689265728
2883,22.0,422,2,100,9,0,422,258366.5979259014
2884,22.0,422,2,100,25,0,422,258453.2769830227
2885,22.0,422,2,100,34,0,422,258551.9663696289
2886,22.0,422,2,100,9,0,422,258660.372787714
2887,22.0,422,2,100,11,0,422,258756.4504482746
2888,22.0,422,2,100,14,0,422,258876.33770179749
2889,22.0,422,2,100,9,0,422,258994.85216283798
2890,22.0,422,2,100,9,0,422,259103.29282951355
2891,22.0,422,2,100,14,0,422,259202.99057245255
2892,22.0,422,2,100,10,0,422,259288.72881031036
2893,22.0,422,2,100,9,0,422,259400.90477371216
2894,22.0,422,2,100,10,0,422,259508.0584976673
2895,22.0,422,2,100,44,0,422,259615.351541996
2896,22.0,422,2,100,9,0,422,259706.0876803398
2897,22.0,422,2,100,9,0,422,259815.16209816933
2898,22.0,422,2,100,25,0,422,259902.5843784809
2899,22.0,422,2,100,74,0,422,260002.12724876404
2900,22.0,422,2,100,13,0,422,260094.57551574707
2901,22.0,422,2,100,32,0,422,260166.44454979897
2902,22.0,422,2,100,9,0,422,260274.99825525284
2903,22.0,422,2,100,79,0,422,260371.57460331917
2904,22.0,422,2,100,9,0,422,260472.6566886902
2906,22.0,422,2,100,68,0,422,260623.57674646378
2907,22.0,422,2,100,51,0,422,260697.37661647797
2908,22.0,422,2,100,94,0,422,260808.69668459892
2909,22.0,422,2,100,9,0,422,260911.80905675888
2910,22.0,422,2,100,28,0,422,261031.02283358574
2911,22.0,422,2,100,20,0,422,261137.63528466225
2913,22.0,422,2,100,9,0,422,261390.1054069996
2914,22.0,422,2,100,24,0,422,261496.90225362778
2915,22.0,422,2,100,10,0,422,261618.51038980484
2916,22.0,422,2,100,9,0,422,261744.62465715408
2917,22.0,422,2,100,56,0,422,261859.1705851555
2918,22.0,422,2,100,64,0,422,261966.3139951229
2919,22.0,422,2,100,9,0,422,262067.46373295784
2920,22.0,422,2,100,9,0,422,262146.3835551739
2921,22.0,422,2,100,20,0,422,262228.7630085945
2923,22.0,422,2,100,83,0,422,262421.15718221664
2928,22.0,422,2,100,60,0,422,262992.1995642185
2930,-14.0,62,1,100,18,0,422,263209.50023150444
2931,22.0,422,2,100,97,0,422,263321.18604779243
2932,22.0,422,2,100,32,0,422,263438.30314588547
2938,22.0,422,2,100,29,0,422,264006.28277111053
2939,22.0,422,2,100,66,0,422,264112.75160217285
2940,-14.0,62,1,100,5,0,422,264225.9621491432
2942,22.0,422,2,100,52,0,422,264418.1769428253
2943,22.0,422,2,100,56,0,422,264516.84831357
2944,22.0,422,2,100,24,0,422,264600.3399937153
2945,22.0,422,2,100,40,0,422,264690.68368291855
2946,22.0,422,2,100,73,0,422,264798.901211977
2950,22.0,422,2,100,58,0,422,265237.0562157631
2960,-14.0,62,1,100,40,0,422,266213.02100276947
2962,22.0,422,2,100,89,0,422,266399.9588832855
2963,22.0,422,2,100,48,0,422,266510.330616951
2964,22.0,422,2,100,9,0,422,266606.24362897873
2965,22.0,422,2,100,19,0,422,266701.03329491615
2967,22.0,422,2,100,9,0,422,266908.4071011543
2968,22.0,422,2,100,22,0,422,267027.1384935379
2969,22.0,422,2,100,36,0,422,267128.8992404938
2970,22.0,422,2,100,68,0,422,267222.8493218422
2971,22.0,422,2,100,28,0,422,267309.1322722435
2972,22.0,422,2,100,14,0,422,267420.904968977
2973,22.0,422,2,100,11,0,422,267509.29650735855
2974,22.0,422,2,100,56,0,422,267605.3296339512
2975,22.0,422,2,100,38,0,422,267703.9369029999
2976,22.0,422,2,100,31,0,422,267798.7727172375
2977,22.0,422,2,100,33,0,422,267895.9215118885
2978,22.0,422,2,100,9,0,422,267998.7677268982
2979,22.0,422,2,100,9,0,422,268122.52778053284
2980,22.0,422,2,100,45,0,422,268224.00324964523
2981,22.0,422,2,100,20,0,422,268320.2293651104
2982,22.0,422,2,100,9,0,422,268422.9592216015
2983,22.0,422,2,100,32,0,422,268529.0387237072
2984,22.0,422,2,100,9,0,422,268637.65199685097
2985,22.0,422,2,100,21,0,422,268719.87309265137
2986,22.0,422,2,100,20,0,422,268828.05244374275
2987,22.0,422,2,100,26,0,422,268913.4126341343
2988,22.0,422,2,100,9,0,422,269023.58206892014
2989,22.0,422,2,100,13,0,422,269141.74982380867
2990,22.0,422,2,100,9,0,422,269242.7307314873
2991,22.0,422,2,100,9,0,422,269337.82960414886
2992,22.0,422,2,100,65,0,422,269424.90359950066
2993,22.0,422,2,100,32,0,422,269509.9189505577
2994,22.0,422,2,100,9,0,422,269601.84894680977
2995,22.0,422,2,100,17,0,422,269711.7087197304
2996,22.0,422,2,100,9,0,422,269821.6502189636
3000,-14.0,62,1,100,7,0,422,270253.98342108727
3010,22.0,422,2,100,16,0,422,271457.12820649147
3013,22.0,422,2,100,94,0,422,271822.90133070946
3020,-14.0,62,1,100,5,0,422,272596.462695837
3025,22.0,422,2,100,44,0,422,273152.5296294689
3026,22.0,422,2,100,24,0,422,273284.15509033203
3028,22.0,422,2,100,81,0,422,273520.4624288082
3029,22.0,422,2,100,9,0,422,273633.5080587864
3030,22.0,422,2,100,74,0,422,273746.5528843403
3031,22.0,422,2,100,9,0,422,273856.72433137894
3032,22.0,422,2,100,84,0,422,273967.4043574333
3033,22.0,422,2,100,74,0,422,274069.4393465519
3034,22.0,422,2,100,9,0,422,274171.79095959663
3035,22.0,422,2,100,45,0,422,274273.298122406
3036,22.0,422,2,100,32,0,422,274373.884342432
3037,22.0,422,2,100,21,0,422,274473.3120062351
3038,22.0,422,2,100,17,0,422,274586.5747356415
3039,22.0,422,2,100,39,0,422,274704.182533741
3040,22.0,422,2,100,53,0,422,274799.60029244423
3042,22.0,422,2,100,95,0,422,275023.982517004
3046,22.0,422,2,100,31,0,422,275465.8591954708
3050,-14.0,62,1,100,49,0,422,275920.10648941994
3060,-14.0,62,1,100,5,0,422,276790.87208771706
3070,-14.0,62,1,100,21,0,422,277885.7370185852
3077,22.0,422,2,100,9,0,422,278504.1942591667
3080,22.0,422,2,100,9,0,422,278798.84201550484
3084,22.0,422,2,100,23,0,422,279184.5868861675
3090,-14.0,62,1,100,53,0,422,279723.54583120346
3100,-14.0,62,1,100,5,0,422,280747.847946167
3104,22.0,422,2,100,49,0,422,281195.81086039543
3105,22.0,422,2,100,41,0,422,281333.446508646
3106,22.0,422,2,100,76,0,422,281459.73340797424
3110,-14.0,62,1,100,41,0,422,281955.3962891102
3112,22.0,422,2,100,28,0,422,282188.84703826904
3120,-14.0,62,1,100,5,0,422,283080.1560344696
3123,22.0,422,2,100,83,0,422,283382.56526589394
3130,-14.0,62,1,100,5,0,422,284079.48038744926
3138,22.0,422,2,100,21,0,422,284861.7461295128
3140,-14.0,62,1,100,5,0,422,285058.333578825
3142,22.0,422,2,100,47,0,422,285269.9284148216
3143,22.0,422,2,100,52,0,422,285369.0200407505
3144,22.0,422,2,100,16,0,422,285484.3435935974
3150,-14.0,62,1,100,5,0,422,286123.35590052605
3152,22.0,422,2,100,65,0,422,286345.25126838684
3153,22.0,422,2,100,78,0,422,286472.35707855225
3155,22.0,422,2,100,9,0,422,286697.85475182533
3157,22.0,422,2,100,21,0,422,286911.86311912537
3158,22.0,422,2,100,36,0,422,287006.99166345596
3159,22.0,422,2,100,41,0,422,287108.720477581
3160,22.0,422,2,100,14,0,422,287198.14552140236
3161,22.0,422,2,100,19,0,422,287324.3840930462
3162,22.0,422,2,100,32,0,422,287445.14564204216
3163,22.0,422,2,100,51,0,422,287545.5170164108
3164,22.0,422,2,100,13,0,422,287638.40593624115
3166,22.0,422,2,100,76,0,422,287870.1806101799
3167,22.0,422,2,100,46,0,422,287997.90144586563
3168,22.0,422,2,100,63,0,422,288114.52555036545
3170,-14.0,62,1,100,33,0,422,288383.6316280365
3172,22.0,422,2,100,35,0,422,288609.0512185097
3173,22.0,422,2,100,10,0,422,288713.65247249603
3175,22.0,422,2,100,87,0,422,288876.9391899109
3176,22.0,422,2,100,11,0,422,288981.83625531197
3177,22.0,422,2,100,31,0,422,289086.1948466301
3178,22.0,422,2,100,13,0,422,289188.8117506504
3179,22.0,422,2,100,80,0,422,289306.2327144146
3180,22.0,422,2,100,83,0,422,289396.9837348461
3182,22.0,422,2,100,91,0,422,289569.38071632385
3183,22.0,422,2,100,9,0,422,289661.91428518295
3184,22.0,422,2,100,9,0,422,289778.76695919037
3185,22.0,422,2,100,9,0,422,289878.32723999023
3186,22.0,422,2,100,49,0,422,289998.70353245735
3187,22.0,422,2,100,11,0,422,290142.45782518387
3189,22.0,422,2,100,31,0,422,290335.87071204185
3190,-14.0,62,1,100,52,0,422,290429.72649621964
3192,22.0,422,2,100,9,0,422,290633.402310133
3194,22.0,422,2,100,86,0,422,290844.911162138
3195,22.0,422,2,100,99,0,422,290972.8944206238
3196,22.0,422,2,100,9,0,422,291066.57624316216
3197,22.0,422,2,100,68,0,422,291179.6863489151
3198,22.0,422,2,100,49,0,422,291269.70692133904
3200,-14.0,62,1,100,5,0,422,291445.02490210533
3202,22.0,422,2,100,9,0,422,291659.4695084095
3203,22.0,422,2,100,9,0,422,291791.0403354168
3204,22.0,422,2,100,99,0,422,291921.7891612053
3206,22.0,422,2,100,100,0,422,292207.7703793049
3207,22.0,422,2,100,18,0,422,292327.83147263527
3210,22.0,422,2,100,9,0,422,292666.1315090656
3211,22.0,422,2,100,9,0,422,292771.2030467987
3212,22.0,422,2,100,53,0,422,292884.42766547203
3213,22.0,422,2,100,75,0,422,292976.86676096916
3214,22.0,422,2,100,96,0,422,293102.0969963074
3216,22.0,422,2,100,57,0,422,293373.4773275852
3219,22.0,422,2,100,38,0,422,293766.2414753437
3220,-14.0,62,1,100,51,0,422,293893.79509329796
3230,-14.0,62,1,100,5,0,422,295100.26132297516
3234,22.0,422,2,100,10,0,422,295638.1236076355
3237,22.0,422,2,100,57,0,422,296008.56092619896
3238,22.0,422,2,100,87,0,422,296120.7986152172
3239,22.0,422,2,100,84,0,422,296249.7250943184
3240,22.0,422,2,100,10,0,422,296363.26887869835
3241,22.0,422,2,100,23,0,422,296463.0203266144
3243,22.0,422,2,100,67,0,422,296637.0856921673
3247,22.0,422,2,100,33,0,422,297088.06685757637
3250,-14.0,62,1,100,16,0,422,297444.8986606598
3260,-14.0,62,1,100,24,0,422,298486.141010046
3270,-14.0,62,1,100,32,0,422,299929.8747308254
3280,-50.0,-298,0,100,0,0,422,301189.0495595932
3282,22.0,422,2,100,81,0,422,301423.7768280506
3283,22.0,422,2,100,90,0,422,301529.5146136284
3284,22.0,422,2,100,48,0,422,301625.8359041214
3285,22.0,422,2,100,49,0,422,301753.60440945625
3287,22.0,422,2,100,44,0,422,302009.9377593994
3289,22.0,422,2,100,43,0,422,302247.0648639202
3290,22.0,422,2,100,56,0,422,302332.0197675228
3291,22.0,422,2,100,34,0,422,302426.22337436676
3292,22.0,422,2,100,11,0,422,302524.564817667
3293,22.0,422,2,100,31,0,422,302632.77257180214
3294,22.0,422,2,100,9,0,422,302717.087659359
3295,22.0,422,2,100,33,0,422,302812.0736577511
3296,22.0,422,2,100,68,0,422,302933.66848897934
3297,22.0,422,2,100,13,0,422,303021.6873714924
3298,22.0,422,2,100,59,0,422,303114.8159792423
3299,22.0,422,2,100,11,0,422,303220.99405026436
3300,22.0,422,2,100,17,0,422,303305.9796590805
3301,22.0,422,2,100,9,0,422,303416.58621001244
3302,22.0,422,2,100,45,0,422,303533.1763484478
3303,22.0,422,2,100,80,0,422,303653.369615078
3304,22.0,422,2,100,82,0,422,303770.75388503075
3305,22.0,422,2,100,9,0,422,303886.2866470814
3306,22.0,422,2,100,14,0,422,304012.1053569317
3307,22.0,422,2,100,14,0,422,304111.35327243805
3310,-14.0,62,1,100,81,0,422,304374.36119651794
3311,22.0,422,2,100,9,0,422,304493.2362112999
3312,22.0,422,2,100,22,0,422,304593.9501860142
3317,22.0,422,2,100,9,0,422,305183.86562108994
3320,22.0,422,2,100,9,0,422,305503.11256575584
3321,22.0,422,2,100,72,0,422,305595.1962964535
3322,22.0,422,2,100,78,0,422,305705.68957161903
3324,22.0,422,2,100,59,0,422,305923.92938637733
3329,22.0,422,2,100,35,0,422,306476.79197859764
3330,-14.0,62,1,100,17,0,422,306574.06381607056
3331,22.0,422,2,100,35,0,422,306669.4058368206
3335,22.0,422,2,100,62,0,422,307033.85089564323
3337,22.0,422,2,100,80,0,422,307214.8786919117
3338,22.0,422,2,100,9,0,422,307310.5897219181
3339,22.0,422,2,100,57,0,422,307419.99538493156
3340,22.0,422,2,100,47,0,422,307500.1608054638
3341,22.0,422,2,100,81,0,422,307575.82558965683
3342,22.0,422,2,100,36,0,422,307657.6546404362
3343,22.0,422,2,100,9,0,422,307756.3493387699
3344,22.0,422,2,100,47,0,422,307841.21687555313
3347,22.0,422,2,100,31,0,422,308129.14267635345
3348,22.0,422,2,100,57,0,422,308204.7581837177
3349,22.0,422,2,100,99,0,422,308280.0592253208
3350,22.0,422,2,100,17,0,422,308369.7421646118
3351,22.0,422,2,100,18,0,422,308466.10814762115
3352,22.0,422,2,100,14,0,422,308571.5434792042
3353,22.0,422,2,100,42,0,422,308671.8104364872
3354,22.0,422,2,100,9,0,422,308771.871475935
3355,22.0,422,2,100,56,0,422,308854.2818517685
3356,22.0,422,2,100,16,0,422,308936.5904471874
3357,22.0,422,2,100,13,0,422,309036.00549793243
3358,22.0,422,2,100,36,0,422,309143.77408361435
3359,22.0,422,2,100,11,0,422,309239.79195809364
3360,-14.0,62,1,100,81,0,422,309323.0717961788
3361,22.0,422,2,100,9,0,422,309421.4255185127
3362,22.0,422,2,100,9,0,422,309506.4194085598
3363,22.0,422,2,100,11,0,422,309603.60089063644
3364,22.0,422,2,100,45,0,422,309700.9009590149
3365,22.0,422,2,100,9,0,422,309795.9798476696
3366,22.0,422,2,100,9,0,422,309888.63195061684
3367,22.0,422,2,100,53,0,422,309990.9370996952
3368,22.0,422,2,100,9,0,422,310113.12831282616
3369,22.0,422,2,100,11,0,422,310197.69738841057
3370,22.0,422,2,100,9,0,422,310281.9266691208
3372,22.0,422,2,100,9,0,422,310526.73613381386
3380,-50.0,-298,0,100,0,0,422,311535.4127840996
3390,-50.0,-298,0,100,0,0,422,312775.1745147705
3391,22.0,422,2,100,73,0,422,312879.04874300957
3400,-14.0,62,1,100,15,0,422,313714.38036727905
3410,-14.0,62,1,100,5,0,422,314682.4663619995
3411,22.0,422,2,100,81,0,422,314755.52416038513
3412,22.0,422,2,100,9,0,422,314856.5409193039
3413,22.0,422,2,100,58,0,422,314948.39731550217
3414,22.0,422,2,100,38,0,422,315032.5772995949
3415,22.0,422,2,100,48,0,422,315134.1894364357
3416,22.0,422,2,100,10,0,422,315208.62321329117
3417,22.0,422,2,100,38,0,422,315316.73303079605
3420,22.0,422,2,100,88,0,422,315607.41822361946
3422,22.0,422,2,100,22,0,422,315784.44430446625
3425,22.0,422,2,100,68,0,422,316068.471572876
3430,22.0,422,2,100,26,0,422,316536.7092964649
3431,22.0,422,2,100,23,0,422,316646.6449291706
3432,22.0,422,2,100,41,0,422,316764.96576690674
3434,22.0,422,2,100,28,0,422,316972.51307702065
3435,22.0,422,2,100,75,0,422,317077.7285141945
3436,22.0,422,2,100,72,0,422,317183.38495731354
3437,22.0,422,2,100,9,0,422,317310.22798514366
3438,22.0,422,2,100,9,0,422,317411.94017744064
3440,22.0,422,2,100,80,0,422,317642.78021502495
3441,22.0,422,2,100,82,0,422,317729.3780748844
3442,22.0,422,2,100,81,0,422,317829.49782562256
3443,22.0,422,2,100,9,0,422,317921.42794561386
3444,22.0,422,2,100,9,0,422,318005.3750245571
3445,22.0,422,2,100,9,0,422,318106.31704998016
3446,22.0,422,2,100,69,0,422,318194.27988147736
3450,-14.0,62,1,100,97,0,422,318554.9396665096
3451,22.0,422,2,100,9,0,422,318630.90958571434
3453,22.0,422,2,100,85,0,422,318784.1587367058
3454,22.0,422,2,100,9,0,422,318874.2433283329
3455,22.0,422,2,100,74,0,422,318961.85565042496
3457,22.0,422,2,100,69,0,422,319121.7993776798
3459,22.0,422,2,100,79,0,422,319294.7121491432
3460,-14.0,62,1,100,37,0,422,319364.44086289406
3461,22.0,422,2,100,63,0,422,319431.5367529392
3462,22.0,422,2,100,92,0,422,319524.1298573017
3464,22.0,422,2,100,41,0,422,319649.13897156715
3465,22.0,422,2,100,50,0,422,319716.05407357216
3466,22.0,422,2,100,79,0,422,319806.7501604557
3467,22.0,422,2,100,11,0,422,319876.7341299057
3468,22.0,422,2,100,62,0,422,319934.0102894306
3469,22.0,422,2,100,18,0,422,320003.24786138535
3470,22.0,422,2,100,9,0,422,320093.9738960266
3471,22.0,422,2,100,17,0,422,320185.57388067245
3472,22.0,422,2,100,11,0,422,320272.33813500404
3473,22.0,422,2,100,50,0,422,320373.405970335
3474,22.0,422,2,100,9,0,422,320475.0852198601
3475,22.0,422,2,100,9,0,422,320572.89850759506
3476,22.0,422,2,100,13,0,422,320666.2413725853
3477,22.0,422,2,100,80,0,422,320760.05726361275
3478,22.0,422,2,100,9,0,422,320843.5511262417
3479,22.0,422,2,100,36,0,422,320947.61221909523
3480,22.0,422,2,100,9,0,422,321055.00235915184
3481,22.0,422,2,100,29,0,422,321143.09122133255
3482,22.0,422,2,100,47,0,422,321259.227288723
3483,22.0,422,2,100,60,0,422,321333.7559967041
3484,22.0,422,2,100,26,0,422,321434.87841558456
3485,22.0,422,2,100,84,0,422,321537.6072845459
3487,22.0,422,2,100,32,0,422,321746.9349191189
3488,22.0,422,2,100,49,0,422,321851.6560060978
3490,22.0,422,2,100,14,0,422,322025.3447778225
3491,22.0,422,2,100,9,0,422,322122.6577539444
3500,-14.0,62,1,100,53,0,422,322986.13665676117
3501,22.0,422,2,100,49,0,422,323110.09398293495
3503,22.0,422,2,100,64,0,422,323316.3609945774
3504,22.0,422,2,100,9,0,422,323400.47521567345
3505,22.0,422,2,100,17,0,422,323477.611692667
3510,-14.0,62,1,100,5,0,422,323985.36178946495
3511,22.0,422,2,100,13,0,422,324072.8187468052
3513,22.0,422,2,100,43,0,422,324266.7203695774
3514,22.0,422,2,100,9,0,422,324359.09454774857
3515,22.0,422,2,100,44,0,422,324459.713599205
3516,22.0,422,2,100,15,0,422,324541.8158380985
3517,22.0,422,2,100,38,0,422,324629.117102623
3518,22.0,422,2,100,52,0,422,324709.8806242943
3520,-14.0,62,1,100,9,0,422,324891.28994345665
3522,22.0,422,2,100,9,0,422,325084.8759818077
3523,22.0,422,2,100,10,0,422,325177.62944459915
3524,22.0,422,2,100,24,0,422,325280.47477054596
3525,22.0,422,2,100,9,0,422,325366.01145625114
3526,22.0,422,2,100,9,0,422,325459.76080965996
3527,22.0,422,2,100,9,0,422,325562.1323802471
3528,22.0,422,2,100,23,0,422,325671.8632400036
3529,22.0,422,2,100,25,0,422,325764.1962406635
3530,22.0,422,2,100,9,0,422,325853.19307875633
3531,22.0,422,2,100,9,0,422,325942.12999653816
3532,22.0,422,2,100,16,0,422,326031.1711471081
3533,22.0,422,2,100,9,0,422,326133.02965402603
3534,22.0,422,2,100,11,0,422,326206.97186255455
3535,22.0,422,2,100,87,0,422,326254.47295069695
3536,22.0,422,2,100,36,0,422,326322.81142139435
3537,22.0,422,2,100,41,0,422,326406.7410786152
3538,22.0,422,2,100,30,0,422,326494.3653717041
3540,22.0,422,2,100,29,0,422,326672.68719029427
3541,22.0,422,2,100,75,0,422,326744.13980197906
3542,22.0,422,2,100,18,0,422,326838.9390618801
3543,22.0,422,2,100,65,0,422,326934.6307988167
3544,22.0,422,2,100,88,0,422,327005.8371500969
3545,22.0,422,2,100,14,0,422,327104.96863651276
3547,22.0,422,2,100,72,0,422,327315.74036598206
3550,22.0,422,2,100,22,0,422,327579.5206618309
3551,22.0,422,2,100,73,0,422,327657.9832239151
3552,22.0,422,2,100,62,0,422,327750.4588365555
3553,22.0,422,2,100,97,0,422,327855.6894350052
3555,22.0,422,2,100,93,0,422,328049.212654829
3556,22.0,422,2,100,29,0,422,328152.5266110897
3557,22.0,422,2,100,22,0,422,328231.86858415604
3558,22.0,422,2,100,79,0,422,328330.8712134361
3560,22.0,422,2,100,11,0,422,328551.24133968353
3561,22.0,422,2,100,99,0,422,328632.79769182205
3562,22.0,422,2,100,9,0,422,328687.5209929943
3563,22.0,422,2,100,9,0,422,328753.2239561081
3564,22.0,422,2,100,84,0,422,328868.950083971
3565,22.0,422,2,100,9,0,422,328960.51790976524
3567,22.0,422,2,100,18,0,422,329053.5200841427
3570,-50.0,-298,0,100,0,0,422,329259.50098752975
3571,22.0,422,2,100,9,0,422,329355.04551672935
3572,22.0,422,2,100,56,0,422,329471.70911216736
3573,22.0,422,2,100,88,0,422,329579.05109238625
3574,22.0,422,2,100,77,0,422,329677.45113682747
3575,22.0,422,2,100,9,0,422,329770.51358127594
3576,22.0,422,2,100,9,0,422,329856.65330576897
3580,22.0,422,2,100,9,0,422,330283.2359678745
3583,22.0,422,2,100,12,0,422,330576.02233576775
3584,22.0,422,2,100,11,0,422,330676.0845565796
3585,22.0,422,2,100,9,0,422,330757.2877829075
3586,22.0,422,2,100,9,0,422,330848.5817067623
3587,22.0,422,2,100,9,0,422,330936.1600134373
3588,22.0,422,2,100,18,0,422,331030.3821089268
3589,22.0,422,2,100,11,0,422,331130.9701592922
3590,22.0,422,2,100,9,0,422,331222.99295306206
3591,22.0,422,2,100,9,0,422,331314.4359986782
3592,22.0,422,2,100,24,0,422,331414.9281435013
3593,22.0,422,2,100,16,0,422,331514.6215865612
3594,22.0,422,2,100,61,0,422,331616.34303355217
3595,22.0,422,2,100,39,0,422,331722.224029541
3596,22.0,422,2,100,26,0,422,331810.3463959694
3597,22.0,422,2,100,9,0,422,331915.16616487503
3598,22.0,422,2,100,36,0,422,332018.13057661057
3599,22.0,422,2,100,58,0,422,332116.8026332855
3600,22.0,422,2,100,85,0,422,332212.234408617
3601,22.0,422,2,100,72,0,422,332320.61867952347
3602,22.0,422,2,100,35,0,422,332422.61061930656
3604,22.0,422,2,100,33,0,422,332601.4633779526
3605,22.0,422,2,100,44,0,422,332702.37376737595
3606,22.0,422,2,100,57,0,422,332810.617978096
3607,22.0,422,2,100,9,0,422,332908.4484257698
3608,22.0,422,2,100,31,0,422,333020.9471974373
3609,22.0,422,2,100,18,0,422,333123.8206963539
3610,22.0,422,2,100,9,0,422,333251.3466513157
3611,22.0,422,2,100,27,0,422,333343.2368810177
3612,22.0,422,2,100,9,0,422,333428.8436677456
3613,22.0,422,2,100,17,0,422,333521.857391119
3614,22.0,422,2,100,9,0,422,333639.0075933933
3615,22.0,422,2,100,9,0,422,333728.9096238613
3616,22.0,422,2,100,9,0,422,333823.6750779152
3617,22.0,422,2,100,64,0,422,333911.57123589516
3618,22.0,422,2,100,9,0,422,334017.1534409523
3619,22.0,422,2,100,42,0,422,334097.0144255161
3620,22.0,422,2,100,10,0,422,334187.6458539963
3622,22.0,422,2,100,9,0,422,334321.3679904938
3623,22.0,422,2,100,9,0,422,334397.5545504093
3624,22.0,422,2,100,70,0,422,334490.34443950653
3626,22.0,422,2,100,9,0,422,334655.9130823612
3627,22.0,422,2,100,19,0,422,334744.78523135185
3628,22.0,422,2,100,9,0,422,334831.4768702984
3629,22.0,422,2,100,25,0,422,334931.81092214584
3630,22.0,422,2,100,15,0,422,335026.3500957489
3631,22.0,422,2,100,9,0,422,335148.9862537384
3632,22.0,422,2,100,9,0,422,335231.8330197334
3633,22.0,422,2,100,9,0,422,335327.38003873825
3634,22.0,422,2,100,9,0,422,335421.53833293915
3635,22.0,422,2,100,92,0,422,335511.779548645
3636,22.0,422,2,100,23,0,422,335618.19118094444
3640,-14.0,62,1,100,21,0,422,336084.833245039
3641,22.0,422,2,100,62,0,422,336164.86714696884
3642,22.0,422,2,100,12,0,422,336258.1592595577
3643,22.0,422,2,100,88,0,422,336346.10932278633
3644,22.0,422,2,100,45,0,422,336443.7020931244
3645,22.0,422,2,100,18,0,422,336548.87339782715
3646,22.0,422,2,100,9,0,422,336652.3361632824
3647,22.0,422,2,100,9,0,422,336743.08139276505
3648,22.0,422,2,100,92,0,422,336841.0068757534
3649,22.0,422,2,100,9,0,422,336927.4555220604
3650,22.0,422,2,100,16,0,422,337028.40782642365
3651,22.0,422,2,100,46,0,422,337118.43666529655
3652,22.0,422,2,100,79,0,422,337195.22905254364
3653,22.0,422,2,100,36,0,422,337271.8151643276
3654,22.0,422,2,100,55,0,422,337366.9958574772
3655,22.0,422,2,100,41,0,422,337418.45589900017
3656,22.0,422,2,100,81,0,422,337484.0150458813
3657,22.0,422,2,100,10,0,422,337560.6423807144
3658,22.0,422,2,100,10,0,422,337655.19294834137
3659,22.0,422,2,100,31,0,422,337736.6636521816
3660,22.0,422,2,100,56,0,422,337809.81753993034
3661,22.0,422,2,100,9,0,422,337903.708060503
3662,22.0,422,2,100,56,0,422,337992.93032717705
3663,22.0,422,2,100,52,0,422,338084.0327074528
3664,22.0,422,2,100,22,0,422,338167.99225616455
3665,22.0,422,2,100,21,0,422,338266.72562098503
3666,22.0,422,2,100,9,0,422,338362.87293720245
3667,22.0,422,2,100,9,0,422,338455.8096091747
3668,22.0,422,2,100,9,0,422,338527.09577178955
3669,22.0,422,2,100,12,0,422,338616.4322781563
3670,22.0,422,2,100,9,0,422,338697.45407009125
3671,22.0,422,2,100,9,0,422,338779.6928727627
3673,22.0,422,2,100,35,0,422,338950.6034781933
3674,22.0,422,2,100,58,0,422,339035.6802995205
3675,22.0,422,2,100,63,0,422,339120.3120689392
3676,22.0,422,2,100,15,0,422,339227.8203430176
3677,22.0,422,2,100,9,0,422,339318.5595796108
3678,22.0,422,2,100,26,0,422,339429.11395549774
3679,22.0,422,2,100,93,0,422,339494.29450678825
3680,22.0,422,2,100,9,0,422,339601.359167099
3681,22.0,422,2,100,12,0,422,339716.9377062321
3683,22.0,422,2,100,32,0,422,339940.23438978195
3684,22.0,422,2,100,45,0,422,340024.5932035446
3685,22.0,422,2,100,44,0,422,340133.73011517525
3687,22.0,422,2,100,66,0,422,340343.71443367004
3688,22.0,422,2,100,20,0,422,340423.2046544552
3689,22.0,422,2,100,10,0,422,340499.7737157345
3690,22.0,422,2,100,9,0,422,340589.2061548233
3692,22.0,422,2,100,93,0,422,340757.70589637756
3693,22.0,422,2,100,9,0,422,340852.3342857361
3694,22.0,422,2,100,17,0,422,340944.5584461689
3695,22.0,422,2,100,9,0,422,341034.6100463867
3696,22.0,422,2,100,9,0,422,341144.379591465
3697,22.0,422,2,100,9,0,422,341250.3987622261
3698,22.0,422,2,100,14,0,422,341346.863902092
3699,22.0,422,2,100,27,0,422,341444.15550374985
3700,22.0,422,2,100,21,0,422,341554.871329546
3701,22.0,422,2,100,9,0,422,341664.37605285645
3702,22.0,422,2,100,46,0,422,341757.02802205086
3703,22.0,422,2,100,36,0,422,341853.49531006813
3704,22.0,422,2,100,9,0,422,341951.07182478905
3705,22.0,422,2,100,19,0,422,342051.9421775341
3706,22.0,422,2,100,84,0,422,342147.3255250454
3707,22.0,422,2,100,75,0,422,342245.60710787773
3708,22.0,422,2,100,17,0,422,342347.9413394928
3709,22.0,422,2,100,10,0,422,342441.95600008965
3710,22.0,422,2,100,9,0,422,342553.52199578285
3711,22.0,422,2,100,15,0,422,342658.96077275276
3712,22.0,422,2,100,9,0,422,342759.65867114067
3713,22.0,422,2,100,23,0,422,342840.10023260117
3714,22.0,422,2,100,12,0,422,342932.20027160645
3715,22.0,422,2,100,54,0,422,343008.31668162346
3716,22.0,422,2,100,26,0,422,343097.03651046753
3717,22.0,422,2,100,9,0,422,343200.0904080868
3718,22.0,422,2,100,33,0,422,343276.46543598175
3719,22.0,422,2,100,49,0,422,343353.1216454506
3720,22.0,422,2,100,70,0,422,343449.9478070736
3721,22.0,422,2,100,9,0,422,343543.2542722225
3722,22.0,422,2,100,59,0,422,343640.47815155983
3723,22.0,422,2,100,10,0,422,343742.32110238075
3724,22.0,422,2,100,40,0,422,343835.96668457985
3725,22.0,422,2,100,9,0,422,343923.688806057
3726,22.0,422,2,100,20,0,422,344014.3013103008
3727,22.0,422,2,100,9,0,422,344105.2311298847
3728,22.0,422,2,100,11,0,422,344204.2301876545
3729,22.0,422,2,100,24,0,422,344297.68075323105
3730,22.0,422,2,100,22,0,422,344385.1684601307
3731,22.0,422,2,100,22,0,422,344494.08170485497
3732,22.0,422,2,100,12,0,422,344579.38428235054
3733,22.0,422,2,100,43,0,422,344665.8381588459
3734,22.0,422,2,100,54,0,422,344776.5510840416
3735,22.0,422,2,100,9,0,422,344841.5914018154
3736,22.0,422,2,100,93,0,422,344939.1471219063
3737,22.0,422,2,100,29,0,422,344997.08578562737
3738,22.0,422,2,100,9,0,422,345079.53154087067
3739,22.0,422,2,100,43,0,422,345150.086220026
3740,22.0,422,2,100,17,0,422,345229.87524580956
3741,22.0,422,2,100,9,0,422,345325.4404158592
3742,22.0,422,2,100,19,0,422,345421.18584156036
3744,22.0,422,2,100,27,0,422,345615.68800878525
3745,22.0,422,2,100,9,0,422,345720.345307827
3746,22.0,422,2,100,90,0,422,345814.7969958782
3747,22.0,422,2,100,9,0,422,345910.5416073799
3749,22.0,422,2,100,29,0,422,346111.1046452522
3750,-14.0,62,1,100,7,0,422,346216.4096632004
3751,22.0,422,2,100,71,0,422,346315.83839297295
3752,22.0,422,2,100,9,0,422,346425.1622970104
3753,22.0,422,2,100,14,0,422,346527.4067893028
3755,22.0,422,2,100,9,0,422,346755.3309953213
3756,22.0,422,2,100,15,0,422,346843.0739982128
3757,22.0,422,2,100,79,0,422,346945.6148753166
3758,22.0,422,2,100,65,0,422,347036.3288433552
3759,22.0,422,2,100,60,0,422,347123.9023447037
3760,22.0,422,2,100,76,0,422,347212.63461232185
3762,22.0,422,2,100,39,0,422,347372.6856212616
3763,22.0,422,2,100,9,0,422,347480.0509335995
3764,22.0,422,2,100,9,0,422,347588.69047021866
3765,22.0,422,2,100,9,0,422,347686.98888778687
3766,22.0,422,2,100,9,0,422,347796.684930563
3767,22.0,422,2,100,9,0,422,347890.54306054115
3768,22.0,422,2,100,55,0,422,347972.57324147224
3769,22.0,422,2,100,43,0,422,348076.91286706924
3770,22.0,422,2,100,9,0,422,348166.63452386856
3771,22.0,422,2,100,19,0,422,348265.7330739498
3772,22.0,422,2,100,9,0,422,348355.5506455898
3773,22.0,422,2,100,23,0,422,348455.9098803997
3774,22.0,422,2,100,21,0,422,348566.6323144436
3775,22.0,422,2,100,39,0,422,348674.83005332947
3776,22.0,422,2,100,9,0,422,348789.3044207096
3777,22.0,422,2,100,39,0,422,348885.5099618435
3778,22.0,422,2,100,68,0,422,348972.83923602104
3779,22.0,422,2,100,41,0,422,349070.1136343479
3780,22.0,422,2,100,58,0,422,349172.20772719383
3781,22.0,422,2,100,10,0,422,349270.46748399734
3782,22.0,422,2,100,51,0,422,349369.3580479622
3783,22.0,422,2,100,45,0,422,349459.62232136726
3784,22.0,422,2,100,52,0,422,349540.9925379753
3785,22.0,422,2,100,33,0,422,349626.55765271187
3786,22.0,422,2,100,9,0,422,349729.01021933556
3788,22.0,422,2,100,49,0,422,349928.84788131714
3789,22.0,422,2,100,21,0,422,350044.9156553745
3790,22.0,422,2,100,9,0,422,350132.465988636
3791,22.0,422,2,100,93,0,422,350240.22198438644
3792,22.0,422,2,100,95,0,422,350327.0005283356
3795,22.0,422,2,100,96,0,422,350599.1594245434
3796,22.0,422,2,100,18,0,422,350693.40399599075
3797,22.0,422,2,100,58,0,422,350791.1005921364
3798,22.0,422,2,100,50,0,422,350882.4154789448
3800,-14.0,62,1,100,5,0,422,351071.62038064003
